actual,recon_error,anomaly_score
0,0.009362227,1.3585568e-05
1,1.3902898,0.0021500704
1,0.014369415,2.1332376e-05
0,0.004003858,5.295434e-06
1,0.111901,0.00017222714
1,0.13695039,0.00021098199
1,0.0122465165,1.804796e-05
0,0.0058504026,8.152292e-06
0,0.011877275,1.7476694e-05
1,0.08221939,0.00012630562
1,3.2090385,0.0049639246
0,0.0041145636,5.4667103e-06
1,2.283184,0.0035315007
0,0.013516569,2.0012905e-05
0,0.007830282,1.1215438e-05
0,0.015701573,2.3393408e-05
0,0.0067759994,9.584318e-06
0,0.022678347,3.4187437e-05
1,1.5100899,0.0023354176
1,0.041841213,6.3835025e-05
1,0.07428817,0.00011403492
0,0.0029388359,3.6476981e-06
1,5.8807487,0.009097427
0,0.016353967,2.4402749e-05
1,0.08512001,0.00013079327
0,0.0027141324,3.300051e-06
0,0.004136243,5.5002515e-06
1,0.06375156,9.773334e-05
0,0.0034626918,4.458175e-06
0,0.0013218414,1.1459855e-06
1,1.402955,0.0021696652
0,0.0036490678,4.746525e-06
1,0.07973223,0.00012245764
0,0.00514089,7.0545784e-06
0,0.003225241,4.0908067e-06
1,1.0719101,0.0016574932
0,0.062339067,9.554802e-05
0,0.009649165,1.4029501e-05
0,0.0017980577,1.8827576e-06
1,0.92171246,0.0014251168
0,0.0037928224,4.9689324e-06
1,0.0612561,9.387252e-05
1,0.14172171,0.00021836387
0,0.00507602,6.9542157e-06
0,0.009305828,1.3498311e-05
1,5.7575955,0.0089068925
1,0.051857464,7.933154e-05
1,0.28783295,0.00044441805
0,0.0049197064,6.712377e-06
1,0.08055801,0.00012373523
0,0.006985705,9.908761e-06
1,0.07273685,0.00011163482
0,0.0028440815,3.5011003e-06
0,0.004020866,5.3217473e-06
1,0.09456809,0.00014541074
1,0.09516134,0.00014632859
1,0.15603203,0.0002405039
0,0.009371843,1.36004455e-05
1,0.16062365,0.0002476078
0,0.009285181,1.3466367e-05
1,0.058630504,8.981037e-05
1,4.9027796,0.0075843744
1,0.35485274,0.0005481069
0,0.0054101883,7.47122e-06
1,0.0142572345,2.1158818e-05
1,0.071634546,0.0001099294
1,0.05363111,8.207561e-05
1,0.052139867,7.9768455e-05
1,0.84120464,0.0013005601
1,0.08490753,0.00013046454
1,0.098622374,0.00015168329
0,0.010680957,1.5625825e-05
0,0.014392052,2.1367397e-05
0,0.0072000274,1.0240347e-05
1,0.5604447,0.0008661859
1,5.277499,0.008164117
1,0.017067254,2.5506302e-05
1,0.081330776,0.0001249308
1,0.069360465,0.000106411084
1,0.35289666,0.0005450806
0,0.017200463,2.5712394e-05
1,0.10271628,0.00015801712
1,0.021114143,3.1767395e-05
0,0.005276867,7.264954e-06
1,0.06924403,0.00010623094
0,0.0010843044,7.784832e-07
0,0.0013928157,1.2557925e-06
0,0.0054297266,7.501448e-06
1,4.8677874,0.007530237
0,0.0026023726,3.1271434e-06
0,0.01477045,2.1952832e-05
1,0.086717375,0.0001332646
1,0.09575765,0.00014725115
0,0.0025228185,3.0040621e-06
1,0.051249325,7.8390665e-05
1,0.075740844,0.000116282405
0,0.0077804276,1.1138306e-05
0,0.02224842,3.352228e-05
0,0.0029675628,3.6921429e-06
1,0.02110516,3.1753498e-05
1,0.044271916,6.7595654e-05
1,0.06449055,9.8876655e-05
0,0.02644813,4.0019808e-05
0,0.0048935735,6.671946e-06
1,0.017342314,2.5931859e-05
0,0.0021308674,2.39766e-06
1,0.015738813,2.3451023e-05
0,0.008331944,1.1991578e-05
0,0.001243771,1.0251999e-06
1,5.191147,0.008030519
1,0.022594772,3.4058132e-05
1,0.021611828,3.2537384e-05
1,0.03664234,5.5791654e-05
0,0.007643867,1.0927028e-05
0,0.005561221,7.704888e-06
0,0.010956094,1.60515e-05
0,0.010158006,1.4816747e-05
0,0.003192851,4.040695e-06
1,0.07950812,0.0001221109
0,0.009900927,1.441901e-05
0,0.0018965452,2.0351313e-06
1,0.12894478,0.00019859622
1,0.18010187,0.00027774327
1,0.07153241,0.00010977139
1,0.09696044,0.00014911203
1,8.88506,0.013745511
1,0.9093959,0.0014060613
1,0.0879093,0.00013510868
1,0.13562904,0.00020893768
0,0.0075172344,1.073111e-05
1,0.056356482,8.6292144e-05
0,0.008581145,1.2377126e-05
1,0.05070338,7.7546014e-05
1,0.059241265,9.07553e-05
0,0.010814185,1.5831947e-05
0,0.033928175,5.1592466e-05
0,0.0028399597,3.494723e-06
1,0.6015917,0.00092984596
1,0.124325745,0.00019144993
1,0.016373798,2.4433431e-05
1,0.018101055,2.7105734e-05
1,0.014609442,2.170373e-05
1,0.062395506,9.563534e-05
0,0.0017049996,1.7387839e-06
1,0.087964274,0.00013519374
1,5.0837903,0.007864423
0,0.003006933,3.753054e-06
1,0.08608405,0.00013228477
1,0.07011614,0.00010758022
1,1.7932159,0.0027734523
0,0.0055690566,7.717011e-06
0,0.009339845,1.355094e-05
1,0.015932966,2.3751405e-05
0,0.009206467,1.33445865e-05
0,0.012646824,1.8667291e-05
0,0.00643449,9.055955e-06
0,0.041144107,6.27565e-05
1,0.016649362,2.4859766e-05
0,0.003792245,4.9680393e-06
0,0.00783576,1.1223912e-05
0,0.001541573,1.4859405e-06
0,0.0094723925,1.3756009e-05
1,0.05184375,7.9310325e-05
1,0.026861196,4.0658877e-05
1,5.109784,0.0079046395
0,0.007355801,1.048135e-05
1,0.052910324,8.096046e-05
1,0.011848617,1.7432356e-05
1,0.013607453,2.0153515e-05
1,0.18320744,0.000282548
1,0.080059074,0.0001229633
1,2.363792,0.0036562122
0,0.0048756488,6.644214e-06
1,0.048431702,7.403142e-05
0,0.009950396,1.4495546e-05
1,0.15141365,0.00023335865
0,0.008709217,1.2575272e-05
0,0.009132059,1.3229466e-05
0,0.0029292833,3.6329188e-06
0,0.008740467,1.262362e-05
1,0.1414655,0.00021796749
0,0.007840141,1.1230691e-05
1,0.070463344,0.00010811739
1,0.059271395,9.0801914e-05
0,0.0018363822,1.9420509e-06
1,0.012032532,1.7716897e-05
1,0.074769415,0.000114779476
1,0.014568289,2.164006e-05
1,5.4569182,0.008441703
1,0.07302192,0.00011207585
1,3.0035963,0.0046460773
0,0.0021051564,2.3578816e-06
0,0.003721894,4.859197e-06
0,0.0029964016,3.7367606e-06
0,0.001994232,2.186266e-06
0,0.022189228,3.34307e-05
1,0.07184374,0.00011025306
1,0.031821925,4.8333808e-05
0,0.015087456,2.2443284e-05
0,0.002565362,3.0698827e-06
1,0.018195799,2.7252316e-05
0,0.0035896266,4.654561e-06
1,0.08451735,0.00012986087
0,0.0028589002,3.524027e-06
0,0.0028998633,3.587402e-06
0,0.001664187,1.6756411e-06
0,0.022537516,3.396955e-05
1,0.046741642,7.141666e-05
1,0.05187265,7.9355035e-05
1,0.08911869,0.00013697977
1,0.22508655,0.00034734074
1,0.06585131,0.00010098194
0,0.0024766729,2.9326686e-06
0,0.06372999,9.769996e-05
0,0.0012118663,9.758389e-07
1,0.067836255,0.000104052924
1,0.11433415,0.00017599156
0,0.02301441,3.470737e-05
1,0.043733012,6.6761895e-05
0,0.0029812118,3.7132597e-06
1,0.022679979,3.4189958e-05
0,0.024192544,3.6530106e-05
1,0.017220698,2.5743702e-05
1,0.035430916,5.3917414e-05
0,0.002807963,3.44522e-06
0,0.0021345285,2.403324e-06
1,0.08756332,0.0001345734
0,0.002183009,2.47833e-06
0,0.00503808,6.895517e-06
1,0.01681884,2.5121972e-05
1,0.016126744,2.4051205e-05
0,0.010551917,1.5426182e-05
1,0.07330904,0.00011252007
1,0.088699885,0.00013633183
1,0.1339271,0.00020630455
0,0.020210223,3.0368908e-05
1,4.326462,0.0066927318
1,0.0651016,9.9822035e-05
0,0.008966436,1.2973224e-05
1,0.058866348,9.017525e-05
1,0.08420469,0.00012937713
0,0.0054971864,7.605818e-06
0,0.00462646,6.2586846e-06
1,0.07940309,0.000121948404
0,0.0024314267,2.8626664e-06
0,0.0015195184,1.4518191e-06
0,0.008891483,1.2857262e-05
0,0.0023453452,2.7294866e-06
1,0.07614641,0.000116909876
1,0.08407045,0.00012916945
1,0.04188846,6.3908126e-05
1,0.032743074,4.9758954e-05
1,0.022691771,3.4208202e-05
1,0.08168344,0.00012547642
1,4.314486,0.0066742036
1,0.09571661,0.00014718766
0,0.015609905,2.3251585e-05
0,0.0089790225,1.29926975e-05
1,0.046434525,7.094151e-05
1,0.06563609,0.00010064897
1,2.3078847,0.003569716
0,0.0032225135,4.086586e-06
0,0.009112743,1.3199581e-05
0,0.006223584,8.729655e-06
0,0.0028259663,3.4730738e-06
1,0.02088365,3.141079e-05
1,0.07385008,0.000113357135
0,0.00898133,1.2996268e-05
0,0.0038342683,5.0330555e-06
1,0.52298456,0.0008082299
0,0.002263969,2.6035866e-06
1,2.4654832,0.0038135424
0,0.0031794417,4.0199484e-06
0,0.011704848,1.7209924e-05
0,0.0026288184,3.1680588e-06
0,0.0011768937,9.2173156e-07
0,0.0066891904,9.450012e-06
1,0.08464455,0.00013005767
0,0.008160347,1.1726093e-05
0,0.008394869,1.2088932e-05
1,0.011621215,1.7080534e-05
0,0.0034611102,4.4557287e-06
1,5.0117927,0.0077530327
1,2.314595,0.0035800976
1,3.3924546,0.005247695
0,0.0076297605,1.0905203e-05
1,0.07420804,0.00011391095
1,0.03333646,5.0677005e-05
0,0.007839537,1.1229757e-05
1,0.07324113,0.00011241501
1,0.056250744,8.612855e-05
1,0.055239696,8.456432e-05
1,0.08106732,0.0001245232
0,0.012128574,1.7865486e-05
0,0.0016930035,1.7202243e-06
1,1.3352928,0.0020649824
0,0.011994677,1.7658329e-05
0,0.009410673,1.366052e-05
1,0.06533383,0.00010018132
0,0.0039801504,5.2587548e-06
0,0.003599095,4.66921e-06
0,0.00079025683,3.2355115e-07
1,0.023143616,3.490727e-05
0,0.014849047,2.2074433e-05
1,0.10083553,0.00015510734
1,0.046436567,7.094467e-05
1,0.08005613,0.00012295875
1,0.04081931,6.2254e-05
1,0.06952489,0.00010666547
1,0.013181976,1.9495244e-05
1,0.01691533,2.5271256e-05
0,0.03944906,6.0134033e-05
0,0.0066401055,9.374071e-06
0,0.015619941,2.3267112e-05
0,0.009753704,1.4191237e-05
0,0.005466351,7.558111e-06
0,0.007489449,1.0688122e-05
1,0.04427196,6.759573e-05
1,2.6554089,0.0041073835
0,0.0015563647,1.5088253e-06
1,0.048993822,7.4901094e-05
1,2.1909714,0.003388835
1,0.075507514,0.000115921415
1,0.060971156,9.343168e-05
0,0.008470246,1.220555e-05
1,0.5147761,0.0007955303
1,0.056492705,8.65029e-05
0,0.0154523365,2.3007804e-05
0,0.02393955,3.613869e-05
1,5.119615,0.007919849
1,0.094512545,0.00014532481
1,0.8961262,0.0013855313
1,0.061672356,9.451653e-05
0,0.002537958,3.0274855e-06
0,0.0033699174,4.3146406e-06
1,0.050260633,7.6861026e-05
1,1.833876,0.0028363592
1,0.08855876,0.0001361135
0,0.003462309,4.457583e-06
0,0.003438162,4.4202243e-06
0,0.0071925726,1.0228813e-05
0,0.008582538,1.23792815e-05
1,0.13492568,0.00020784949
1,0.0917858,0.00014110617
1,2.5295177,0.003912613
1,0.08878442,0.00013646261
0,0.004820684,6.5591757e-06
0,0.0070473384,1.0004116e-05
1,3.0302794,0.00468736
1,0.064634345,9.9099125e-05
0,0.0017082156,1.7437595e-06
0,0.0071060574,1.0094963e-05
1,28.1276,0.043516364
1,0.10836437,0.00016675549
0,0.0028708486,3.5425128e-06
1,0.02887717,4.3777865e-05
0,0.0065988,9.310165e-06
1,0.6540843,0.0010110593
0,0.007210852,1.0257095e-05
1,0.1164721,0.00017929927
1,2.9991176,0.0046391482
1,0.045579974,6.9619404e-05
1,0.13621776,0.00020984851
0,0.003206486,4.06179e-06
1,0.07364577,0.00011304104
1,0.04403244,6.7225155e-05
1,0.060211968,9.2257105e-05
1,5.7497115,0.008894695
1,0.16875407,0.00026018664
1,0.043163925,6.5881446e-05
0,0.006939022,9.836535e-06
1,0.012887044,1.9038944e-05
1,0.04758995,7.272911e-05
0,0.003203717,4.0575055e-06
1,0.050337493,7.697994e-05
1,0.11787098,0.00018146352
1,1.5546674,0.002404385
0,0.018802311,2.8190674e-05
0,0.015432914,2.2977754e-05
1,0.08779297,0.0001349287
1,0.05690198,8.7136104e-05
0,0.011801256,1.7359082e-05
1,0.05441033,8.328118e-05
1,0.074454315,0.00011429197
0,0.0014648035,1.3671676e-06
0,0.0020537642,2.2783706e-06
1,0.012390856,1.8271272e-05
0,0.015390547,2.2912207e-05
1,0.081001595,0.00012442151
0,0.0029941471,3.7332723e-06
1,5.2701287,0.008152714
1,0.074146055,0.00011381505
0,0.007428751,1.0594214e-05
1,3.3723319,0.005216562
1,0.06757123,0.000103642895
1,0.04421576,6.750878e-05
0,0.014243993,2.113833e-05
1,0.07188571,0.00011031799
1,0.045597516,6.964654e-05
1,0.8347565,0.001290584
0,0.0047042514,6.3790385e-06
1,0.8607103,0.0013307381
0,0.0020883896,2.331941e-06
0,0.0015292354,1.4668525e-06
0,0.0063722203,8.959616e-06
0,0.002715883,3.3027598e-06
0,0.0043048183,5.7610605e-06
1,0.111961365,0.00017232054
1,3.6103728,0.005584844
1,4.8962417,0.00757426
1,0.0568319,8.702768e-05
1,0.0759696,0.00011663632
0,0.010298988,1.5034866e-05
1,0.08704632,0.00013377353
0,0.013439288,1.9893343e-05
1,3.1264086,0.004836085
1,0.043052357,6.570883e-05
1,0.043488577,6.638372e-05
0,0.011395222,1.673089e-05
0,0.028928269,4.3856922e-05
1,0.061358538,9.4031006e-05
0,0.015019643,2.2338369e-05
0,0.0025154972,2.992735e-06
1,0.08419179,0.00012935718
1,2.5254283,0.003906286
1,0.07478767,0.00011480771
1,0.1135027,0.0001747052
1,0.08520599,0.00013092629
1,0.08516323,0.00013086013
1,0.25286958,0.00039032492
0,0.021089656,3.1729513e-05
1,0.036499117,5.5570068e-05
1,0.08104408,0.00012448724
0,0.0044682855,6.013967e-06
1,0.01382898,2.0496249e-05
1,0.08507771,0.00013072783
0,0.017533965,2.6228368e-05
1,0.07432862,0.00011409751
0,0.0021526057,2.4312922e-06
0,0.0026724946,3.235632e-06
0,0.048665117,7.439254e-05
1,0.086506665,0.00013293861
1,0.07638732,0.0001172826
1,5.1227055,0.00792463
0,0.010932286,1.6014665e-05
1,1.4833145,0.0022939923
0,0.0010365894,7.0466143e-07
1,3.2898586,0.0050889645
0,0.0225366,3.3968132e-05
0,0.0032069706,4.0625396e-06
1,0.05681444,8.700066e-05
1,0.06720211,0.00010307182
0,0.0028073476,3.4442676e-06
1,0.0891731,0.00013706395
0,0.0065285214,9.201435e-06
0,0.0038297856,5.0261197e-06
1,0.0923722,0.0001420134
1,0.07145693,0.000109654604
1,0.050275296,7.688371e-05
1,1.6957453,0.002622652
1,0.085879974,0.00013196903
0,0.009079773,1.3148572e-05
1,0.08246097,0.00012667937
0,0.0010116755,6.661162e-07
1,3.897363,0.006028857
0,0.051414076,7.8645564e-05
0,0.009163943,1.3278795e-05
1,0.015477764,2.3047145e-05
0,0.018349363,2.7489901e-05
0,0.008437988,1.2155643e-05
0,0.005421176,7.4882196e-06
1,0.027692517,4.1945044e-05
1,2.136081,0.003303912
1,0.013071672,1.9324589e-05
1,0.07516624,0.00011539342
1,0.0795151,0.0001221217
0,0.0033435428,4.2738357e-06
0,0.0022657884,2.6064013e-06
1,0.08265467,0.00012697905
1,0.13954498,0.00021499618
1,0.08432247,0.00012955935
1,0.18697247,0.00028837303
0,0.0028893207,3.5710914e-06
1,4.698823,0.0072688255
0,0.007630251,1.0905962e-05
0,0.0069234828,9.812495e-06
1,5.2004666,0.008044938
0,0.016455088,2.4559196e-05
0,0.039491206,6.0199243e-05
0,0.0021887803,2.4872593e-06
1,0.04204126,6.414453e-05
0,0.0065840012,9.28727e-06
1,0.01591758,2.3727602e-05
1,0.01476985,2.1951904e-05
0,0.005219057,7.175514e-06
0,0.0072674574,1.0344671e-05
1,0.08234083,0.0001264935
1,0.042891048,6.5459266e-05
0,0.0037880582,4.961562e-06
1,0.05332222,8.159772e-05
1,0.011700105,1.7202587e-05
0,0.008969661,1.2978214e-05
1,0.031856894,4.8387912e-05
1,5.270523,0.008153324
1,0.050568912,7.733797e-05
1,0.14120612,0.00021756618
1,0.76924986,0.0011892362
1,0.051715918,7.911255e-05
0,0.009313001,1.3509409e-05
1,0.08225309,0.00012635774
1,0.07308968,0.00011218069
1,0.016938897,2.5307716e-05
1,0.058792707,9.0061316e-05
0,0.007581304,1.0830234e-05
0,0.006089893,8.522817e-06
0,0.0014514576,1.3465196e-06
0,0.009269487,1.3442086e-05
1,0.043985162,6.715201e-05
1,5.108845,0.007903187
1,0.018016413,2.6974782e-05
0,0.009764297,1.4207625e-05
1,0.074821584,0.00011486019
0,0.026617719,4.0282182e-05
0,0.0013805247,1.2367767e-06
1,0.19958249,0.00030788247
1,2.465481,0.0038135392
0,0.021571834,3.2475506e-05
0,0.090929806,0.00013978183
0,0.0029899066,3.7267118e-06
1,0.023298275,3.5146546e-05
0,0.0042416933,5.6633976e-06
1,0.0831515,0.00012774771
0,0.0017548292,1.8158772e-06
0,0.0040213005,5.3224194e-06
0,0.027905125,4.227398e-05
0,0.007934,1.1375904e-05
0,0.024817374,3.7496804e-05
0,0.0034631346,4.4588605e-06
0,0.0036049127,4.6782106e-06
0,0.002404446,2.8209238e-06
1,0.07925645,0.00012172154
0,0.007795158,1.1161095e-05
1,0.22068204,0.00034052637
1,0.533951,0.00082519645
1,0.081012525,0.00012443842
0,0.0031153841,3.920843e-06
1,0.012828264,1.8948003e-05
1,0.071389176,0.00010954978
1,0.011986366,1.764547e-05
0,0.005035049,6.8908275e-06
0,0.001722913,1.7664985e-06
1,0.05691983,8.7163724e-05
0,0.012385972,1.8263716e-05
0,0.0029323867,3.6377207e-06
1,0.08587587,0.00013196269
1,0.07001191,0.00010741896
1,0.08220475,0.00012628296
0,0.0026612405,3.2182202e-06
1,0.015058755,2.2398879e-05
0,0.007905126,1.1331231e-05
0,0.003130927,3.9448896e-06
1,0.015280631,2.2742153e-05
1,0.10831078,0.00016667257
1,0.66610855,0.0010296623
1,13.47263,0.020843111
1,0.15415217,0.00023759551
1,0.0198664,2.9836965e-05
1,0.07271346,0.00011159862
1,0.088507846,0.00013603471
1,1.1127777,0.001720721
1,0.07444419,0.00011427631
1,2.2852213,0.0035346525
0,0.0013016918,1.1148113e-06
1,0.013920306,2.0637543e-05
1,0.038221177,5.823433e-05
0,0.012132372,1.7871362e-05
1,0.02801767,4.24481e-05
1,0.06513596,9.98752e-05
0,0.010648256,1.5575231e-05
1,0.06391515,9.7986434e-05
0,0.002271418,2.615111e-06
1,0.1128952,0.00017376531
0,0.0041872957,5.579237e-06
1,0.044689886,6.824231e-05
1,0.04064465,6.1983774e-05
1,1.8553282,0.0028695487
1,0.07664842,0.000117686555
0,0.003096756,3.8920225e-06
0,0.010216288,1.4906918e-05
0,0.020845402,3.1351618e-05
0,0.012784455,1.8880224e-05
1,2.4170296,0.0037385782
1,0.07325467,0.00011243595
1,0.013647542,2.0215539e-05
1,0.07566701,0.00011616817
0,0.0076588765,1.095025e-05
0,0.004385533,5.8859373e-06
1,0.03929774,5.9899925e-05
1,0.15692662,0.00024188796
1,0.07390713,0.0001134454
1,0.051495202,7.8771074e-05
0,0.11648747,0.00017932305
1,0.05917183,9.064787e-05
1,0.07978938,0.00012254604
1,0.08816389,0.00013550257
1,0.08063678,0.00012385708
0,0.0072195255,1.02705135e-05
1,0.020229712,3.039906e-05
0,0.0027295076,3.3238384e-06
1,0.038480617,5.863572e-05
0,0.0021764352,2.4681597e-06
1,0.012187026,1.7955921e-05
0,0.00116202,8.987199e-07
1,0.073137864,0.00011225524
0,0.0027096025,3.2930425e-06
1,0.83419865,0.0012897209
0,0.0051682885,7.0969677e-06
1,3.3195589,0.005134915
1,0.27902445,0.00043079013
1,3.0278463,0.0046835956
1,2.3092964,0.0035719
0,0.0055820686,7.737142e-06
0,0.0037747123,4.9409136e-06
1,0.112154014,0.00017261859
1,3.3364305,0.0051610176
0,0.008048859,1.1553607e-05
1,0.059861407,9.171474e-05
0,0.023612242,3.56323e-05
0,0.007019665,9.961302e-06
0,0.0023869914,2.793919e-06
1,0.017878577,2.676153e-05
0,0.0065019876,9.160383e-06
1,1.9843477,0.0030691596
0,0.005967792,8.33391e-06
0,0.005760071,8.0125365e-06
0,0.0025866583,3.1028314e-06
1,0.29329264,0.00045286497
0,0.0023062583,2.6690138e-06
1,0.0762409,0.00011705606
0,0.004754572,6.4568917e-06
1,0.015398754,2.2924905e-05
1,0.076502845,0.00011746133
0,0.01172363,1.7238983e-05
0,0.017824356,2.6677642e-05
0,0.003619336,4.7005256e-06
1,0.075136684,0.00011534769
1,0.066476226,0.00010194877
1,0.059572745,9.126814e-05
1,0.05899377,9.037239e-05
1,2.2996342,0.0035569514
0,0.0051027564,6.9955804e-06
1,1.1195939,0.0017312665
1,0.028997809,4.3964512e-05
1,0.88644385,0.0013705514
0,0.0029143258,3.6097777e-06
0,0.002629019,3.1683692e-06
0,0.008033284,1.152951e-05
1,2.0052488,0.0031014965
0,0.013467231,1.9936573e-05
1,0.086735666,0.00013329291
0,0.0060173767,8.410624e-06
1,0.05983691,9.167684e-05
0,0.1374258,0.0002117175
0,0.005818607,8.103099e-06
0,0.0015299189,1.46791e-06
1,0.076486975,0.00011743677
0,0.023618964,3.5642697e-05
0,0.0020549225,2.2801628e-06
1,0.06021382,9.225997e-05
0,0.00946434,1.3743551e-05
1,2.8608263,0.0044251927
1,0.08007726,0.00012299143
1,0.07684516,0.00011799094
1,0.048067175,7.346745e-05
0,0.008450442,1.2174911e-05
0,0.01408522,2.0892687e-05
0,0.01131352,1.6604487e-05
1,0.22647166,0.00034948371
1,2.3057694,0.0035664435
1,2.461671,0.0038076446
0,0.0056300205,7.811331e-06
0,0.0076507237,1.0937636e-05
0,0.0015879235,1.5576511e-06
0,0.010632514,1.5550877e-05
0,0.014118449,2.0944097e-05
1,0.06848507,0.00010505672
1,0.09646206,0.00014834099
0,0.0094007775,1.3645211e-05
0,0.0024033193,2.8191805e-06
1,0.09048534,0.00013909418
0,0.00396029,5.228028e-06
1,0.019261856,2.8901653e-05
0,0.005379286,7.42341e-06
1,0.0136728315,2.0254665e-05
1,0.04904984,7.498776e-05
0,0.0039542904,5.2187456e-06
1,0.075410515,0.00011577134
0,0.0042383675,5.658252e-06
0,0.012514015,1.8461817e-05
1,0.035312247,5.3733816e-05
1,0.07204246,0.0001105605
1,5.068107,0.007840159
1,0.03384102,5.1457628e-05
1,0.903696,0.0013972428
1,2.24009,0.003464828
0,0.0040435893,5.3569033e-06
0,0.007268572,1.0346395e-05
0,0.0014681343,1.3723209e-06
1,0.07415933,0.000113835595
0,0.0038531246,5.0622284e-06
1,0.068537675,0.00010513812
1,1.6390519,0.0025349394
1,0.01786805,2.6745243e-05
1,0.063145906,9.6796306e-05
1,2.8068247,0.0043416447
1,0.06788248,0.00010412444
0,0.0027889102,3.4157424e-06
0,0.00467819,6.3387183e-06
1,0.08782475,0.00013497786
1,0.6645732,0.001027287
1,0.45237678,0.00069899
0,0.0023267337,2.700692e-06
1,0.63627607,0.0009835074
0,0.018573707,2.7836992e-05
1,0.013821576,2.0484793e-05
0,0.007017146,9.9574045e-06
1,0.03333836,5.0679944e-05
0,0.007004401,9.937687e-06
1,3.9480035,0.006107205
0,0.0058772005,8.193752e-06
0,0.0026467096,3.1957388e-06
1,0.08677714,0.00013335708
1,0.09050339,0.00013912209
1,0.02307517,3.4801375e-05
0,0.0034240137,4.3983355e-06
0,0.010274667,1.4997238e-05
0,0.008714029,1.25827155e-05
1,0.07387991,0.000113403294
0,0.0011034121,8.080454e-07
1,4.990319,0.0077198097
0,0.0071750986,1.0201778e-05
1,0.046239108,7.063917e-05
0,0.008647888,1.2480387e-05
1,5.6867194,0.008797238
0,0.0035702598,4.624598e-06
1,0.0548048,8.389147e-05
0,0.00225092,2.5833979e-06
1,0.026127318,3.9523467e-05
1,1.5383312,0.0023791105
0,0.0074582146,1.0639798e-05
0,0.004512161,6.0818484e-06
0,0.004518078,6.091003e-06
0,0.01919629,2.8800214e-05
1,0.10074251,0.00015496342
0,0.035088103,5.3387037e-05
1,0.07170197,0.00011003372
1,0.1995725,0.000307867
1,0.073053315,0.000112124435
1,0.057667427,8.8320354e-05
1,0.051265907,7.841632e-05
1,1.1422662,0.0017663436
1,2.2438428,0.0034706343
1,0.043470416,6.635563e-05
0,0.0046769683,6.336828e-06
1,0.036914892,5.6213332e-05
1,0.07547567,0.00011587215
0,0.012889588,1.904288e-05
0,0.018556267,2.781001e-05
1,0.12507346,0.00019260675
1,0.06881751,0.00010557106
0,0.0029683695,3.6933907e-06
1,2.8542454,0.004415011
1,0.070739046,0.000108543936
0,0.0025352475,3.0232918e-06
0,0.0038467844,5.0524195e-06
0,0.0023778104,2.7797148e-06
0,0.0021796192,2.4730857e-06
1,0.064284995,9.855864e-05
1,0.012405943,1.8294615e-05
0,0.0017492691,1.8072749e-06
0,0.0023438535,2.7271788e-06
0,0.0047108037,6.3891757e-06
1,0.07884965,0.00012109216
1,2.309877,0.003572798
1,0.05002964,7.6503646e-05
0,0.007974779,1.1438995e-05
0,0.0063942308,8.993669e-06
1,0.0152751375,2.2733653e-05
1,1.212953,0.0018757059
1,0.016016923,2.3881297e-05
1,0.048184164,7.364844e-05
0,0.009142959,1.3246329e-05
0,0.004745893,6.443464e-06
0,0.0026838358,3.2531782e-06
0,0.0020128519,2.2150737e-06
1,0.08354713,0.00012835981
1,0.024911953,3.764313e-05
1,0.07206439,0.00011059443
0,0.010014825,1.4595226e-05
0,0.0029809442,3.7128455e-06
0,0.0029511135,3.6666931e-06
0,0.0070751053,1.0047075e-05
1,1.0635915,0.0016446231
1,0.33063623,0.0005106406
0,0.01132265,1.6618611e-05
1,0.0911875,0.0001401805
1,0.056651596,8.6748725e-05
1,0.5642963,0.0008721448
1,0.1106964,0.00017036345
0,0.029866003,4.5307726e-05
1,0.018507063,2.7733886e-05
0,0.0023055533,2.6679231e-06
0,0.040558092,6.184986e-05
1,5.284941,0.008175631
0,0.03455012,5.25547e-05
1,0.042605154,6.5016946e-05
0,0.013650574,2.022023e-05
1,1.3850231,0.002141922
0,0.04699501,7.180866e-05
0,0.0093232645,1.3525288e-05
0,0.029359384,4.4523917e-05
0,0.011699938,1.7202328e-05
1,0.014395346,2.1372494e-05
1,0.0665963,0.00010213454
0,0.0041554794,5.530013e-06
0,0.01043657,1.5247724e-05
1,0.062318493,9.551619e-05
0,0.0075315367,1.0753238e-05
1,2.2997255,0.0035570925
1,3.9424841,0.0060986658
0,0.014513802,2.1555763e-05
1,5.204356,0.008050955
0,0.015684173,2.3366487e-05
1,0.07029704,0.0001078601
1,0.024534088,3.705852e-05
1,0.017082153,2.5529353e-05
0,0.013688682,2.0279187e-05
0,0.010381027,1.5161791e-05
0,0.007179071,1.0207925e-05
1,1.4635592,0.0022634282
1,0.017479295,2.6143785e-05
1,0.97166115,0.0015023942
0,0.0029328985,3.6385125e-06
1,1.3873363,0.0021455009
0,0.0037938696,4.9705527e-06
0,0.07398688,0.000113568785
1,0.075856514,0.000116461364
1,0.070064425,0.00010750021
0,0.001718733,1.7600314e-06
1,0.07593892,0.00011658885
1,0.041851077,6.385029e-05
1,0.08202316,0.000126002
0,0.0031508612,3.9757306e-06
0,0.0061137695,8.559757e-06
1,0.07779665,0.000119463024
0,0.0030626284,3.8392227e-06
0,0.009578768,1.3920587e-05
0,0.002314333,2.6815067e-06
1,0.0886882,0.00013631376
0,0.0046652635,6.318719e-06
1,0.035971545,5.475384e-05
0,0.001254686,1.042087e-06
0,0.0013221795,1.1465086e-06
1,0.079570375,0.00012220722
0,0.010500358,1.5346413e-05
1,0.07273916,0.000111638394
1,0.033089876,5.0295504e-05
0,0.006433503,9.054428e-06
0,0.008805145,1.2723684e-05
0,0.03905791,5.9528873e-05
0,0.0017615806,1.8263225e-06
1,2.208058,0.0034152705
1,0.035881672,5.4614797e-05
1,0.09635995,0.00014818301
1,0.019599596,2.9424184e-05
0,0.007994092,1.1468875e-05
1,2.065354,0.003194488
1,0.06948531,0.00010660423
0,0.0021979942,2.5015142e-06
1,0.07374606,0.000113196205
0,0.011084267,1.62498e-05
1,0.063979656,9.808623e-05
1,2.0547552,0.0031780899
0,0.004368527,5.8596265e-06
0,0.002098948,2.3482762e-06
1,0.014329096,2.1269998e-05
1,0.075205095,0.00011545353
1,0.030834526,4.6806163e-05
0,0.012298609,1.8128554e-05
0,0.0031132123,3.917483e-06
1,0.062322404,9.552224e-05
1,0.44793177,0.00069211295
1,0.074596815,0.00011451244
1,0.057054263,8.737171e-05
1,0.01740222,2.6024542e-05
0,0.0059201005,8.260125e-06
0,0.008700727,1.2562135e-05
1,0.09522629,0.00014642907
1,0.68482786,0.0010586238
1,0.087567404,0.00013457972
0,0.0035354062,4.5706743e-06
0,0.0093153175,1.3512992e-05
0,0.0036471195,4.7435105e-06
0,0.0041589686,5.535411e-06
0,0.00786732,1.1272741e-05
1,0.014057111,2.0849198e-05
1,0.04384735,6.6938795e-05
1,0.015895696,2.3693743e-05
0,0.0013914738,1.2537164e-06
1,0.015523735,2.3118268e-05
1,0.09250638,0.00014222099
1,0.079572685,0.0001222108
0,0.001990715,2.180825e-06
0,0.0031733331,4.0104974e-06
1,0.10370531,0.00015954729
1,0.08820596,0.00013556766
1,0.08151027,0.0001252085
1,0.0801676,0.0001231312
0,0.006591836,9.299391e-06
1,0.014140265,2.097785e-05
1,0.24410027,0.00037675758
0,0.033509277,5.0944374e-05
1,2.0324464,0.003143575
1,0.06545233,0.00010036466
0,0.009211884,1.3352967e-05
1,2.2216194,0.0034362515
1,0.09834986,0.00015126167
0,0.0033616773,4.3018917e-06
1,0.019208819,2.8819597e-05
0,0.0021108903,2.3667528e-06
0,0.018718336,2.8060753e-05
0,0.033168953,5.0417846e-05
1,0.10375546,0.00015962486
0,0.0010404927,7.1070036e-07
1,0.053658817,8.211848e-05
0,0.0015999909,1.576321e-06
0,0.008188342,1.1769405e-05
1,0.08301103,0.00012753038
1,5.9216776,0.00916075
1,0.086785555,0.0001333701
0,0.01940864,2.9128747e-05
0,0.01987705,2.9853443e-05
1,0.09349061,0.00014374373
1,2.321426,0.003590666
1,0.09314193,0.00014320428
0,0.01014944,1.4803494e-05
0,0.005587257,7.74517e-06
0,0.002411749,2.8322224e-06
0,0.001800581,1.8866615e-06
1,3.2735682,0.005063761
1,0.06881942,0.000105574014
1,0.0843863,0.00012965812
0,0.0023499718,2.7366445e-06
1,5.0501056,0.007812308
0,0.009688175,1.4089855e-05
1,0.08770522,0.00013479294
1,1.9910989,0.0030796046
0,0.004835468,6.582048e-06
1,0.051205076,7.8322206e-05
1,0.05753587,8.8116816e-05
0,0.00169854,1.7287902e-06
0,0.014370968,2.1334778e-05
1,0.07277391,0.000111692156
1,0.013863065,2.0548983e-05
1,0.07279925,0.00011173136
1,0.05852202,8.9642526e-05
0,0.0039582876,5.22493e-06
1,0.13466421,0.00020744494
1,0.07174606,0.00011010193
0,0.0033532889,4.2889137e-06
1,3.1042323,0.0048017753
1,0.045586307,6.96292e-05
0,0.012064426,1.7766242e-05
1,0.09834393,0.00015125249
1,0.019577622,2.9390187e-05
0,0.012184693,1.795231e-05
1,0.039936766,6.0888582e-05
1,0.03848461,5.86419e-05
1,0.10575568,0.00016271949
1,0.05556344,8.506519e-05
0,0.02346988,3.5412046e-05
0,0.0041165566,5.469794e-06
0,0.002482371,2.9414844e-06
0,0.021942407,3.3048833e-05
1,4.9088006,0.00759369
0,0.047098443,7.196868e-05
0,0.009406799,1.3654528e-05
0,0.012488316,1.8422057e-05
1,0.06446132,9.8831435e-05
1,1.2166591,0.0018814397
1,1.8730469,0.0028969618
0,0.0046142233,6.2397526e-06
0,0.052200902,7.986289e-05
1,0.07276573,0.000111679496
1,0.044431202,6.784209e-05
1,0.011458712,1.6829117e-05
1,0.04119518,6.283553e-05
0,0.004847839,6.6011885e-06
1,0.05535984,8.47502e-05
1,0.015031381,2.2356528e-05
1,6.277777,0.009711685
0,0.0054003648,7.4560216e-06
0,0.008299439,1.1941288e-05
0,0.002866472,3.5357414e-06
1,0.087618455,0.00013465871
0,0.0024928604,2.957713e-06
1,0.012581673,1.8566494e-05
0,0.003992754,5.2782543e-06
0,0.006975039,9.892259e-06
0,0.00864013,1.2468385e-05
0,0.0016060991,1.5857712e-06
1,0.013543427,2.0054458e-05
0,0.003904291,5.14139e-06
0,0.009526445,1.3839635e-05
1,0.02119757,3.189647e-05
1,0.80982906,0.0012520178
1,0.07054113,0.000108237735
1,0.08205022,0.00012604387
0,0.0030061747,3.7518805e-06
1,0.48507744,0.0007495824
1,0.085761406,0.0001317856
1,0.56254834,0.0008694405
0,0.0035235104,4.5522697e-06
1,0.09170231,0.00014097699
0,0.0057165045,7.945133e-06
1,0.04675293,7.143413e-05
1,0.035730615,5.438109e-05
0,0.0059827478,8.3570485e-06
0,0.003685217,4.802452e-06
0,0.006247651,8.76689e-06
0,0.0031981808,4.0489404e-06
1,0.014481059,2.1505104e-05
0,0.0076159695,1.0883867e-05
1,0.044314742,6.766192e-05
1,0.08001767,0.00012289925
1,0.048525903,7.417716e-05
0,0.009528846,1.384335e-05
1,0.23363829,0.00036057146
1,0.05248616,8.030422e-05
1,1.7101306,0.002644908
0,0.0060539814,8.4672565e-06
1,0.72170573,0.0011156788
1,0.07607509,0.000116799536
1,0.10133565,0.00015588109
0,0.0032664514,4.1545645e-06
1,0.13839702,0.00021322013
1,0.012043397,1.7733706e-05
1,0.07470466,0.00011467929
1,0.08123225,0.00012477837
0,0.0164382,2.4533068e-05
1,0.7881236,0.0012184364
0,0.014985376,2.2285352e-05
0,0.0045839376,6.1928968e-06
1,0.0978687,0.00015051725
1,0.08893134,0.00013668991
1,0.0447102,6.8273745e-05
0,0.009205146,1.3342542e-05
0,0.0035221085,4.5501015e-06
0,0.0037164825,4.8508246e-06
1,0.09211003,0.00014160779
1,0.06930577,0.000106326464
1,0.10676466,0.00016428051
0,0.014480638,2.1504453e-05
1,0.092234015,0.00014179961
0,0.010111977,1.4745535e-05
1,1.7186656,0.002658113
0,0.007828345,1.121244e-05
1,0.026950201,4.0796578e-05
0,0.06252096,9.582943e-05
0,0.0014035625,1.2724194e-06
0,0.0056536775,7.847932e-06
1,0.017186616,2.5690972e-05
0,0.007609619,1.0874041e-05
1,0.060807396,9.3178314e-05
1,0.012765469,1.8850851e-05
0,0.0059007737,8.230223e-06
1,0.03907794,5.9559865e-05
1,0.090440355,0.00013902457
1,2.8567545,0.0044188933
0,0.003181582,4.0232603e-06
0,0.0023293293,2.7047076e-06
0,0.003024977,3.7809705e-06
1,0.013848263,2.0526082e-05
1,5.1720104,0.008000912
1,2.327708,0.0036003853
1,0.043402415,6.625042e-05
1,0.078956984,0.00012125822
0,0.0061311573,8.586658e-06
1,1.1844966,0.00183168
0,0.0027699526,3.3864126e-06
0,0.0014313827,1.3154611e-06
1,0.06982559,0.0001071307
0,0.0012126524,9.770552e-07
1,0.07997003,0.00012282554
1,0.09860022,0.00015164902
0,0.0059596584,8.321325e-06
0,0.002062107,2.2912782e-06
1,0.07166871,0.000109982255
1,0.015763888,2.3489818e-05
0,0.008095864,1.162633e-05
1,1.7954943,0.0027769774
1,0.018450461,2.7646314e-05
0,0.007974099,1.1437943e-05
0,0.0032039015,4.057791e-06
1,0.062160555,9.527184e-05
0,0.003384887,4.337801e-06
0,0.0019663493,2.1431279e-06
1,0.049949553,7.637974e-05
0,0.0014276976,1.3097597e-06
1,0.034700975,5.2788095e-05
1,1.7188604,0.0026584142
0,0.005329981,7.3471283e-06
0,0.008434648,1.2150475e-05
0,0.0031334457,3.948787e-06
1,1.9035326,0.0029441274
0,0.002128526,2.3940377e-06
0,0.0033919988,4.3488035e-06
0,0.0032444235,4.1204844e-06
1,0.0849574,0.00013054168
0,0.0030839,3.8721323e-06
1,0.06425449,9.8511446e-05
1,0.15103275,0.00023276934
0,0.008105271,1.1640883e-05
1,0.057607267,8.822728e-05
1,5.2454886,0.008114593
1,0.13002579,0.00020026868
1,0.06985942,0.00010718304
1,0.07338811,0.0001126424
1,0.02344714,3.5376863e-05
0,0.0052713444,7.2564094e-06
1,0.012425541,1.8324936e-05
0,0.01583121,2.3593973e-05
0,0.021198327,3.1897638e-05
1,5.9240575,0.009164432
0,0.007739767,1.1075398e-05
1,0.08232519,0.0001264693
1,0.66757756,0.0010319351
1,0.01364385,2.0209827e-05
1,0.5013177,0.0007747082
0,0.091601625,0.00014082121
1,5.0572877,0.00782342
1,0.16888449,0.00026038842
1,0.018164799,2.7204354e-05
1,0.012719349,1.8779498e-05
0,0.0040024254,5.2932173e-06
1,0.07087244,0.00010875032
0,0.017139073,2.5617417e-05
1,1.288068,0.0019919192
1,5.118573,0.007918237
1,0.077361494,0.00011878978
1,1.1447796,0.0017702322
0,0.001844069,1.9539434e-06
0,0.001449366,1.3432835e-06
0,0.0044731027,6.0214197e-06
0,0.0034144698,4.383569e-06
0,0.0047221216,6.406686e-06
1,0.07822954,0.00012013276
1,0.018656109,2.796448e-05
0,0.0069953175,9.923633e-06
0,0.006891212,9.762567e-06
0,0.0016770356,1.6955198e-06
1,0.015965356,2.3801515e-05
1,0.08442313,0.0001297151
1,0.016395671,2.4467272e-05
1,0.056515653,8.65384e-05
1,0.08101386,0.00012444048
0,0.02026905,3.045992e-05
0,0.012742999,1.8816087e-05
0,0.00931111,1.3506482e-05
0,0.030848792,4.6828234e-05
0,0.015310397,2.2788205e-05
0,0.0100496635,1.4649127e-05
1,0.0135726435,2.009966e-05
1,0.023620501,3.5645076e-05
0,0.0026000328,3.1235231e-06
1,0.03816025,5.8140067e-05
0,0.0035968022,4.6656623e-06
0,0.010250359,1.495963e-05
1,0.50438863,0.0007794594
1,0.0140224155,2.079552e-05
1,5.1019464,0.007892513
0,0.018334776,2.7467333e-05
1,0.0868297,0.00013343839
0,0.002395861,2.8076415e-06
1,2.2160487,0.003427633
0,0.0033711,4.31647e-06
1,0.1481889,0.00022836952
1,0.051909756,7.941244e-05
1,0.076298915,0.00011714582
0,0.0053160717,7.3256087e-06
1,0.015270146,2.272593e-05
1,0.077708535,0.000119326694
0,0.0034476104,4.434842e-06
0,0.020591674,3.0959065e-05
0,0.013167828,1.9473357e-05
0,0.00985567,1.43489915e-05
1,0.015749589,2.3467694e-05
1,0.06422437,9.846484e-05
1,0.07040184,0.000108022236
0,0.020796236,3.127555e-05
0,0.0034337107,4.4133376e-06
0,0.0078439,1.1236506e-05
1,0.09245023,0.00014213413
0,0.05162868,7.897758e-05
1,0.031554233,4.791965e-05
0,0.0035428132,4.5821344e-06
0,0.021323843,3.209183e-05
0,0.0015038396,1.4275618e-06
1,0.05268888,8.061786e-05
1,0.07379012,0.00011326437
1,0.024281718,3.666807e-05
1,0.019716078,2.9604398e-05
1,4.8965464,0.007574731
1,0.07052732,0.00010821637
1,0.016316136,2.434422e-05
0,0.05373251,8.2232495e-05
1,0.08595542,0.00013208576
1,0.07308785,0.00011217786
1,2.4557471,0.0037984794
1,0.9357739,0.0014468718
1,0.017967632,2.6899312e-05
1,0.047466394,7.253795e-05
1,0.082297295,0.00012642614
1,0.036855206,5.6120985e-05
1,0.026503935,4.0106144e-05
1,0.10962739,0.00016870955
0,0.003109087,3.9111005e-06
1,0.06607874,0.000101333804
1,5.0577917,0.007824199
0,0.0041945893,5.590521e-06
1,0.04430174,6.76418e-05
0,0.0028965147,3.5822213e-06
1,0.05383968,8.23983e-05
1,0.016722366,2.4972713e-05
1,5.1170783,0.007915924
1,2.1493618,0.0033244593
1,0.07361097,0.000112987196
1,0.030094458,4.5661178e-05
0,0.0036822099,4.7978e-06
1,0.09137588,0.00014047195
1,0.028198926,4.272853e-05
1,3.9140804,0.0060547213
0,0.001358394,1.2025375e-06
1,0.08773977,0.0001348464
1,3.0059762,0.0046497593
0,0.0030341733,3.7951986e-06
0,0.0029422154,3.652927e-06
0,0.0016610185,1.670739e-06
1,0.09024062,0.00013871555
1,4.3718734,0.00676299
0,0.0036555126,4.756496e-06
0,0.011569422,1.7000402e-05
1,0.01555014,2.315912e-05
0,0.022581102,3.4036984e-05
0,0.0043371,5.8110045e-06
1,0.5169147,0.000798839
1,5.277281,0.008163779
1,2.3215337,0.0035908327
0,0.007829878,1.1214812e-05
1,0.106274165,0.00016352165
0,0.0032741274,4.1664402e-06
1,0.07612394,0.000116875104
1,0.09056115,0.00013921146
1,0.057586163,8.8194625e-05
1,0.042382453,6.46724e-05
1,0.042989362,6.561137e-05
0,0.0022054913,2.5131135e-06
1,1.7190065,0.0026586403
1,1.3314282,0.0020590033
0,0.016032739,2.3905766e-05
0,0.021054365,3.167491e-05
0,0.0015879369,1.5576718e-06
1,2.1992412,0.0034016294
1,0.29542884,0.00045616998
1,0.14996102,0.00023111123
1,0.09367264,0.00014402537
1,0.011964252,1.7611259e-05
1,0.050019693,7.648826e-05
1,0.06346301,9.728691e-05
1,5.784608,0.008948685
0,0.00441352,5.929237e-06
0,0.016126575,2.4050943e-05
1,0.09374438,0.00014413636
1,2.9788365,0.0046077706
0,0.01223336,1.8027606e-05
0,0.014502459,2.1538213e-05
1,0.07890011,0.00012117023
1,0.1102355,0.00016965038
1,5.076006,0.007852379
1,0.12369943,0.00019048093
1,0.0514318,7.867298e-05
0,0.019791182,2.9720593e-05
0,0.0056431727,7.831679e-06
0,0.0114453845,1.6808499e-05
0,0.0034208717,4.393474e-06
1,5.0494366,0.007811273
0,0.005457347,7.544181e-06
1,0.01683363,2.5144853e-05
0,0.0038915772,5.1217203e-06
0,0.0023658148,2.7611559e-06
0,0.0065975315,9.3082035e-06
1,0.12888858,0.00019850925
0,0.0030268335,3.7838429e-06
1,0.06676791,0.000102400045
1,0.052239317,7.992232e-05
0,0.017340573,2.5929163e-05
0,0.00880985,1.2730964e-05
0,0.0023389072,2.7195263e-06
1,0.08264147,0.00012695862
0,0.02505279,3.7861024e-05
1,0.07658743,0.00011759219
1,0.017020706,2.5434287e-05
0,0.0044850474,6.0398997e-06
0,0.00512717,7.033352e-06
0,0.003598055,4.6676014e-06
0,0.0021480527,2.424248e-06
1,0.3952334,0.0006105813
1,0.016120203,2.4041085e-05
0,0.0033941055,4.3520627e-06
1,0.056482293,8.648679e-05
1,0.04561624,6.967551e-05
1,1.556138,0.0024066602
0,0.0032463192,4.1234175e-06
1,1.2015156,0.0018580107
0,0.0027723073,3.3900558e-06
1,0.07840159,0.000120398945
1,0.08846022,0.00013596103
0,0.0030577078,3.83161e-06
0,0.00950319,1.3803658e-05
1,2.7483907,0.0042512394
0,0.0028282304,3.4765765e-06
0,0.032249156,4.8994796e-05
1,0.10252607,0.00015772284
1,0.102216534,0.00015724394
0,0.0032151383,4.075176e-06
1,0.011942966,1.7578326e-05
1,0.15269476,0.0002353407
1,0.095311,0.00014656014
0,0.00473517,6.426874e-06
1,0.069029674,0.00010589931
1,4.944103,0.0076483074
0,0.0029112855,3.6050737e-06
0,0.0033911488,4.347489e-06
1,0.05364935,8.210384e-05
1,0.08711712,0.00013388308
0,0.008690308,1.25460165e-05
1,0.08529218,0.00013105964
0,0.01211129,1.7838747e-05
1,4.0606947,0.006281554
1,0.08160103,0.00012534892
0,0.008150495,1.171085e-05
1,0.037217394,5.668134e-05
0,0.014395466,2.137268e-05
1,0.08527,0.00013102533
0,0.0087147625,1.25838515e-05
1,0.074730255,0.00011471889
1,0.07035026,0.00010794243
0,0.008545427,1.2321865e-05
1,0.015325583,2.2811699e-05
1,0.08853301,0.00013607364
0,0.0027090472,3.2921837e-06
1,0.029128913,4.4167347e-05
0,0.008369541,1.2049745e-05
1,0.075044766,0.00011520548
1,0.036281265,5.523302e-05
1,1.0254369,0.0015855927
1,0.65303737,0.0010094395
0,0.01728652,2.5845538e-05
0,0.0056172516,7.791576e-06
0,0.010579093,1.5468228e-05
0,0.012733391,1.8801222e-05
0,0.012682802,1.8722954e-05
0,0.0016957121,1.7244149e-06
0,0.010737093,1.5712674e-05
1,0.083579354,0.00012840967
1,0.014999831,2.2307717e-05
1,0.029999064,4.551359e-05
1,0.03068682,4.6577643e-05
1,1.9938514,0.003083863
0,0.0060067624,8.394202e-06
0,0.055449508,8.4888925e-05
1,5.280565,0.00816886
1,0.057259027,8.76885e-05
1,0.0871966,0.00013400604
1,0.08047926,0.00012361338
1,0.011364766,1.668377e-05
0,0.0020727578,2.3077564e-06
1,3.151474,0.0048748646
0,0.0066542146,9.3959e-06
1,0.06438891,9.87194e-05
0,0.009588997,1.3936412e-05
0,0.024769524,3.742277e-05
1,0.07170079,0.000110031884
0,0.003182358,4.0244604e-06
1,0.14325394,0.00022073444
1,2.069261,0.0032005324
0,0.005153298,7.073775e-06
1,3.374502,0.0052199196
0,0.00931878,1.351835e-05
1,0.647092,0.0010002411
1,0.080498986,0.00012364391
1,0.039977137,6.0951043e-05
1,0.09484822,0.00014584415
0,0.028915534,4.383722e-05
1,0.07165077,0.000109954504
1,2.1107929,0.0032647878
1,0.078923844,0.00012120695
1,0.14735585,0.00022708067
1,0.0144587485,2.1470587e-05
0,0.0026015586,3.1258842e-06
1,0.020833794,3.1333657e-05
1,0.058911305,9.02448e-05
1,0.07960253,0.00012225697
1,0.017168537,2.5663001e-05
1,2.0414522,0.003157508
0,0.010079957,1.4695994e-05
0,0.0099060135,1.4426881e-05
0,0.12833421,0.00019765158
0,0.004171794,5.5552537e-06
0,0.0032667331,4.155e-06
0,0.0051023057,6.9948833e-06
1,0.04372127,6.6743734e-05
1,0.041461576,6.324767e-05
1,0.1344945,0.00020718238
0,0.006569097,9.26421e-06
0,0.0032856627,4.184287e-06
0,0.010372591,1.514874e-05
1,0.13935338,0.00021469974
1,5.311102,0.008216105
1,0.07135538,0.000109497494
0,0.004047092,5.3623226e-06
0,0.0029462508,3.6591705e-06
1,0.0347532,5.2868894e-05
0,0.023382291,3.5276535e-05
1,0.061911136,9.488595e-05
0,0.0065745395,9.272631e-06
0,0.007668601,1.0965295e-05
0,0.010566209,1.5448295e-05
1,0.030090114,4.565446e-05
1,5.095261,0.00788217
1,0.061808903,9.472779e-05
0,0.013448004,1.9906825e-05
0,0.003767203,4.929296e-06
0,0.016214127,2.4186396e-05
1,0.016313093,2.4339512e-05
1,0.10142228,0.00015601511
1,0.09657749,0.00014851955
1,0.035716027,5.435852e-05
1,2.415277,0.0037358666
0,0.008221614,1.1820882e-05
0,0.011700817,1.7203689e-05
0,0.00820773,1.1799401e-05
1,2.2753866,0.0035194368
1,0.14049351,0.00021646368
1,0.08921727,0.00013713229
1,2.3810725,0.0036829475
0,0.0013501778,1.1898259e-06
0,0.004828485,6.571245e-06
1,0.016103938,2.4015922e-05
1,0.34681407,0.00053566997
1,0.55383,0.0008559521
0,0.00181315,1.9061075e-06
0,0.009144368,1.3248509e-05
0,0.008394327,1.2088093e-05
0,1.8207384,0.0028160335
1,2.0403063,0.0031557353
1,0.04317074,6.589198e-05
1,0.10391611,0.00015987341
1,0.06942606,0.00010651257
1,0.07580882,0.00011638758
0,0.0063280575,8.89129e-06
0,0.0115174595,1.6920008e-05
0,0.0032620302,4.1477247e-06
0,0.0013499543,1.18948e-06
1,2.2902374,0.0035424132
1,4.760805,0.0073647206
1,0.08001584,0.00012289641
1,2.3547387,0.0036422056
0,0.0031335936,3.949015e-06
0,0.009889473,1.440129e-05
0,0.00750352,1.0709892e-05
1,0.067551754,0.00010361276
0,0.057465374,8.800775e-05
0,0.009210812,1.3351308e-05
0,0.0027233846,3.3143654e-06
1,0.10145025,0.00015605839
1,0.013203443,1.9528457e-05
0,0.004159773,5.5366554e-06
0,0.008260307,1.1880746e-05
1,0.14500366,0.0002234415
1,0.06964103,0.00010684516
0,0.0024580173,2.9038058e-06
1,0.014793192,2.1988017e-05
1,0.06186511,9.481474e-05
0,0.002144993,2.4195142e-06
0,0.0027729347,3.3910262e-06
0,0.010512677,1.5365473e-05
1,0.06571776,0.000100775316
1,1.8787949,0.002905855
1,1.1733849,0.0018144887
1,0.019515485,2.9294051e-05
1,0.08507915,0.00013073006
1,0.011840924,1.7420452e-05
1,0.06659059,0.00010212571
0,0.006605426,9.320417e-06
1,0.024406822,3.6861624e-05
0,0.010556885,1.5433869e-05
1,0.04630781,7.074547e-05
1,0.114342526,0.00017600451
1,0.074200876,0.00011389986
0,0.0073276255,1.0437759e-05
1,0.053659108,8.211893e-05
1,0.024290761,3.668206e-05
0,0.0068362476,9.67753e-06
0,0.0009528143,5.750499e-07
1,0.0966312,0.00014860266
0,0.0071250107,1.0124286e-05
0,0.05304895,8.1174934e-05
0,0.0071716243,1.0196403e-05
1,0.055954073,8.5669555e-05
1,0.079128355,0.00012152335
1,2.042274,0.0031587796
1,0.018158974,2.7195343e-05
0,0.006558215,9.247375e-06
1,0.28266978,0.00043642995
0,0.0039753495,5.251327e-06
0,0.0028705464,3.5420453e-06
1,2.4656153,0.0038137469
0,0.006083498,8.512922e-06
1,4.215819,0.006521552
1,0.042744845,6.523307e-05
1,0.04868096,7.4417054e-05
0,0.014011837,2.0779153e-05
1,0.87065256,0.00134612
1,0.10172718,0.00015648684
1,0.019629069,2.9469782e-05
0,0.0035202806,4.547273e-06
1,0.06976465,0.000107036416
0,0.0014320894,1.3165543e-06
1,0.0384893,5.8649155e-05
0,0.0036630826,4.7682074e-06
0,0.03164419,4.8058828e-05
0,0.0074808532,1.0674823e-05
1,0.08249891,0.00012673806
1,0.0797221,0.00012244195
0,0.003462565,4.4579792e-06
1,0.07052553,0.00010821359
1,0.061611094,9.4421746e-05
0,0.0021510324,2.4288581e-06
0,0.06298395,9.654575e-05
0,0.008189806,1.177167e-05
1,0.027469253,4.1599626e-05
1,0.014437615,2.143789e-05
0,0.0017379394,1.7897464e-06
1,0.07137953,0.00010953485
0,0.00414062,5.5070236e-06
1,0.16550478,0.00025515957
0,0.008646139,1.2477682e-05
1,0.056893125,8.7122404e-05
0,0.018084794,2.7080578e-05
1,0.089763075,0.00013797672
1,1.0582365,0.0016363382
1,0.0667061,0.00010230442
1,5.282662,0.008172105
0,0.0027585765,3.368812e-06
0,0.02172333,3.2709893e-05
0,0.006025526,8.423232e-06
1,0.09389695,0.0001443724
0,0.002954687,3.672222e-06
0,0.0029169095,3.6137753e-06
0,0.0031154153,3.9208912e-06
1,0.2580584,0.00039835274
0,0.006100601,8.539383e-06
0,0.025587326,3.8688024e-05
1,1.2424148,0.0019212874
0,0.0029970144,3.7377088e-06
0,0.004323984,5.7907127e-06
1,0.11776265,0.00018129591
1,0.7610945,0.0011766187
1,0.08617581,0.00013242674
1,0.086317785,0.00013264638
1,0.016245186,2.423445e-05
0,0.009482428,1.3771536e-05
1,2.189999,0.0033873308
0,0.009833792,1.4315144e-05
0,0.004978759,6.80374e-06
1,0.018383851,2.754326e-05
1,0.09367375,0.00014402709
1,2.3963876,0.003706642
1,0.6920078,0.001069732
0,0.041507304,6.3318425e-05
0,0.0068871453,9.756275e-06
0,0.0019505342,2.1186597e-06
1,0.09592465,0.00014750953
1,3.389417,0.005242995
0,0.0031933784,4.0415102e-06
1,0.026344402,3.9859326e-05
0,0.013685981,2.0275009e-05
0,0.001834994,1.939903e-06
0,0.0047746715,6.4879882e-06
0,0.006592846,9.300954e-06
1,0.06256338,9.589507e-05
0,0.059857335,9.170844e-05
0,0.0034372015,4.418738e-06
0,0.035686754,5.431323e-05
1,0.061579254,9.437249e-05
0,0.0035611035,4.610432e-06
0,0.0058433493,8.141379e-06
1,0.087657586,0.00013471924
0,0.011113342,1.6294784e-05
1,0.08539668,0.00013122131
1,5.491973,0.008495938
1,0.61739045,0.00095428876
1,1.6554497,0.0025603091
0,0.004185224,5.5760315e-06
1,0.578783,0.0008945577
1,0.0643707,9.8691235e-05
1,0.0395883,6.0349455e-05
0,0.02373888,3.5828223e-05
0,0.0033830774,4.335001e-06
0,0.0041822093,5.5713676e-06
1,0.79665476,0.0012316353
1,0.05302161,8.113264e-05
0,0.004393981,5.899007e-06
0,0.053055786,8.118551e-05
1,4.89475,0.007571952
1,0.09077582,0.00013954358
1,0.0906539,0.00013935495
0,0.012322963,1.8166234e-05
0,0.004261405,5.6938948e-06
0,0.039009456,5.945391e-05
0,0.008880409,1.284013e-05
0,0.017194515,2.5703193e-05
0,0.027012868,4.0893534e-05
1,0.50881964,0.00078631483
1,0.649732,0.0010043256
1,0.08555332,0.00013146366
1,0.0727153,0.00011160147
1,0.08363569,0.00012849682
0,0.012386222,1.8264105e-05
0,0.0077123106,1.1032919e-05
1,0.99080557,0.0015320133
0,0.0020436768,2.2627642e-06
0,0.02150604,3.2373715e-05
1,0.07135468,0.00010949641
0,0.016029363,2.3900544e-05
1,0.043877948,6.698613e-05
0,0.010145118,1.47968085e-05
1,2.4853814,0.0038443278
0,0.0009702407,6.020109e-07
0,0.0071904967,1.0225602e-05
1,0.043559358,6.649323e-05
0,0.016276341,2.4282652e-05
0,0.0123313675,1.8179237e-05
0,0.002788302,3.4148015e-06
0,0.0033413316,4.270414e-06
1,0.059665527,9.141169e-05
1,0.06559052,0.000100578465
1,0.09277373,0.00014263463
1,0.06902622,0.00010589396
1,0.08293983,0.00012742024
1,2.335763,0.0036128475
1,2.293353,0.0035472335
1,0.074733466,0.00011472386
1,0.0477082,7.291206e-05
0,0.00945217,1.3724722e-05
1,2.178394,0.003369376
1,0.069823645,0.000107127686
0,0.0069893575,9.914412e-06
1,0.07460591,0.00011452651
0,0.049312662,7.539438e-05
1,0.09230684,0.00014191227
0,0.014185816,2.1048323e-05
1,0.07922704,0.00012167603
0,0.009097254,1.3175618e-05
1,0.08717991,0.00013398021
1,0.05775919,8.846233e-05
1,0.906973,0.0014023128
0,0.0023971263,2.809599e-06
0,0.0012012142,9.593587e-07
1,0.012978205,1.9179983e-05
0,0.0032044505,4.0586406e-06
1,0.01831051,2.7429789e-05
0,0.007984502,1.1454037e-05
1,0.057141848,8.750721e-05
1,0.043086063,6.576098e-05
1,0.8127912,0.0012566006
1,0.31521794,0.00048678642
0,0.0063091456,8.862031e-06
0,0.0054587517,7.546354e-06
1,0.52125853,0.0008055595
1,0.04282093,6.535078e-05
0,0.0064303684,9.049579e-06
1,0.017270442,2.5820662e-05
1,0.041148253,6.276292e-05
0,0.0026867653,3.2577107e-06
1,0.07879352,0.000121005316
1,0.058151368,8.906908e-05
1,0.042502888,6.485872e-05
1,0.75601524,0.0011687604
1,0.02814585,4.2646414e-05
0,0.0026328582,3.1743086e-06
1,0.06780887,0.00010401055
0,0.0065234946,9.193658e-06
1,0.3319955,0.0005127436
1,2.0458553,0.0031643205
1,0.014466906,2.1483207e-05
1,0.04756645,7.2692754e-05
1,0.07428633,0.00011403207
0,0.0033639239,4.305368e-06
0,0.008017017,1.1504341e-05
0,0.0046958076,6.365975e-06
1,0.13440496,0.00020704385
0,0.006117916,8.566172e-06
1,0.088556916,0.00013611063
1,0.011465929,1.6840284e-05
1,0.07588746,0.00011650924
1,1.8790853,0.002906304
0,0.010371211,1.5146605e-05
0,0.0047146715,6.3951597e-06
1,0.04935805,7.546461e-05
0,0.0062739505,8.8075785e-06
0,0.0051898006,7.1302497e-06
1,0.11663468,0.0001795508
1,0.103234,0.0001588181
0,0.02137037,3.2163814e-05
0,0.0040544285,5.3736735e-06
1,0.10146305,0.0001560782
0,0.0017386439,1.7908362e-06
0,0.0017112546,1.7484613e-06
0,0.0077866865,1.1147989e-05
1,0.039847933,6.0751147e-05
0,0.0038150009,5.003246e-06
1,0.08181398,0.00012567839
0,0.009124399,1.3217616e-05
1,3.765951,0.0058255447
1,0.013336573,1.9734427e-05
0,0.003925664,5.174457e-06
1,0.066431336,0.00010187932
0,0.0051633967,7.0893993e-06
1,0.31152093,0.00048106664
1,0.07243158,0.00011116252
1,4.458073,0.006896353
1,0.016642625,2.4849342e-05
0,0.007941758,1.1387907e-05
1,0.07328848,0.00011248826
0,0.0026876598,3.2590945e-06
0,0.009699844,1.4107907e-05
1,0.03544776,5.3943477e-05
0,0.0017252978,1.770188e-06
1,0.060000595,9.193009e-05
1,0.09679591,0.00014885749
0,0.005870848,8.1839235e-06
0,0.0152752325,2.27338e-05
1,1.9945858,0.0030849993
1,0.043437686,6.630499e-05
1,0.1081936,0.00016649129
1,0.25036806,0.00038645472
1,0.09329821,0.00014344607
0,0.004535106,6.1173473e-06
1,0.047896322,7.320311e-05
1,0.015957171,2.3788853e-05
0,0.002160823,2.4440053e-06
0,0.027401067,4.149413e-05
0,0.0046467604,6.290092e-06
0,0.0050738724,6.950893e-06
1,0.014152706,2.0997097e-05
0,0.0016938081,1.7214692e-06
1,5.654709,0.008747713
0,0.009729501,1.4153791e-05
1,0.040014718,6.1009185e-05
0,0.009683063,1.4081946e-05
0,0.012479326,1.8408147e-05
1,0.075793736,0.00011636424
0,0.0060027996,8.388071e-06
0,0.008331271,1.1990536e-05
1,0.01585706,2.3633966e-05
1,0.06473167,9.924971e-05
0,0.0026164316,3.1488944e-06
0,0.005647169,7.837862e-06
0,0.00653827,9.216517e-06
0,0.01595246,2.3781566e-05
0,0.0063347733,8.90168e-06
0,0.010808649,1.5823382e-05
1,2.3555799,0.003643507
0,0.0171371,2.5614365e-05
0,0.002272992,2.6175462e-06
1,0.037218124,5.668247e-05
0,0.009502937,1.3803266e-05
1,4.4511933,0.006885709
1,0.07189021,0.00011032495
0,0.0051823133,7.118666e-06
0,0.0031644227,3.9967117e-06
1,0.015838226,2.3604829e-05
1,0.016815377,2.5116615e-05
1,0.014414561,2.1402222e-05
1,0.08354372,0.00012835453
1,2.3663216,0.003660126
1,4.803496,0.007430769
1,0.05569413,8.526739e-05
0,0.002491442,2.9555185e-06
0,0.0015755281,1.5384737e-06
1,0.17493868,0.00026975508
0,0.005197818,7.142654e-06
0,0.0032791758,4.174251e-06
1,0.07338914,0.000112644004
1,0.050605744,7.739496e-05
0,0.0044769244,6.0273323e-06
1,0.01571685,2.3417044e-05
0,0.0037424203,4.890954e-06
1,0.017562201,2.6272053e-05
1,0.07182826,0.000110229106
0,0.0041431454,5.5109304e-06
1,0.06681396,0.00010247129
0,0.0070728557,1.00435955e-05
1,3.3432577,0.0051715802
0,0.0035657461,4.6176146e-06
1,0.013167879,1.9473435e-05
1,5.205871,0.008053299
1,0.53154814,0.00082147896
0,0.005315868,7.3252936e-06
0,0.007092304,1.0073684e-05
1,0.0517283,7.913171e-05
1,0.022142934,3.3359076e-05
1,0.040058997,6.107769e-05
1,0.08563741,0.00013159376
1,0.12187841,0.00018766357
1,0.10899137,0.00016772553
1,0.07947806,0.0001220644
0,0.0061109853,8.555449e-06
0,0.005828355,8.1181815e-06
1,0.07554294,0.000115976225
0,0.0037052156,4.8333927e-06
1,0.09073635,0.00013948252
0,0.006876638,9.74002e-06
0,0.008928557,1.2914621e-05
1,0.099188566,0.00015255925
0,0.0075300816,1.0750986e-05
0,0.00835924,1.2033809e-05
1,0.11064943,0.00017029079
1,0.014826021,2.2038808e-05
0,0.0058776406,8.194433e-06
1,0.07422746,0.000113940994
0,0.0019634843,2.1386954e-06
1,2.2620897,0.0034988648
1,0.07789998,0.000119622884
1,0.08247055,0.00012669418
1,0.06577952,0.00010087087
1,3.0407922,0.0047036246
1,0.09222888,0.00014179166
1,0.11219088,0.00017267563
0,0.006672444,9.424103e-06
0,0.030439064,4.619433e-05
0,0.014037166,2.0818341e-05
1,0.10399422,0.00015999426
1,0.027006479,4.088365e-05
1,0.15716857,0.0002422623
1,0.066012405,0.00010123118
0,0.0032545999,4.136228e-06
1,0.03673098,5.592879e-05
1,0.07270478,0.00011158519
0,0.0037246365,4.8634397e-06
0,0.016106505,2.4019893e-05
1,0.07830572,0.000120250625
1,0.057528265,8.810505e-05
1,0.016445508,2.4544375e-05
1,0.01275148,1.8829207e-05
0,0.0029958878,3.7359653e-06
0,0.01161987,1.7078451e-05
1,0.93109876,0.0014396387
0,0.1492419,0.00022999864
1,0.058665585,8.986464e-05
0,0.013529163,2.003239e-05
1,3.415972,0.0052840794
1,0.016344497,2.4388099e-05
1,1.0241399,0.0015835861
0,0.016459085,2.4565381e-05
1,0.47472936,0.0007335725
0,0.012690314,1.8734576e-05
0,0.023141159,3.4903467e-05
1,0.015749197,2.346709e-05
1,0.07637724,0.000117267
1,2.189996,0.003387326
0,0.0033223734,4.241084e-06
1,4.8436217,0.007492849
1,1.2726017,0.0019679908
1,5.204033,0.008050455
0,0.0033093072,4.220868e-06
1,0.039614532,6.0390044e-05
0,0.0113572255,1.6672104e-05
0,0.0031272692,3.9392307e-06
0,0.003289809,4.190702e-06
0,0.008125414,1.1672048e-05
0,0.004089652,5.428169e-06
0,0.026142009,3.9546194e-05
1,0.0740522,0.00011366984
0,0.0037950703,4.972411e-06
1,0.027425636,4.153214e-05
1,0.022181604,3.3418906e-05
1,0.053663477,8.212569e-05
1,0.01640365,2.4479617e-05
0,0.021365633,3.2156484e-05
1,0.077546224,0.00011907558
1,0.0394402,6.012033e-05
0,0.014645367,2.1759311e-05
0,0.0064734044,9.116161e-06
1,0.17038491,0.0002627098
0,0.023913193,3.609791e-05
0,0.010654875,1.5585472e-05
1,0.43160743,0.00066685694
1,0.026892895,4.070792e-05
1,0.026483351,4.0074297e-05
1,1.1932136,0.0018451663
1,0.015879197,2.3668215e-05
0,0.0025409171,3.032063e-06
1,0.015435058,2.2981072e-05
0,0.0030208586,3.774599e-06
1,0.07592155,0.00011656198
0,0.0037339516,4.8778516e-06
1,0.020854993,3.1366453e-05
1,0.05913557,9.059178e-05
1,0.07209823,0.00011064679
1,0.07224595,0.00011087532
0,0.0020064435,2.205159e-06
1,0.121709466,0.00018740218
0,0.0025735702,3.082582e-06
1,2.3759875,0.0036750804
0,0.0059596063,8.321245e-06
0,0.06351476,9.736698e-05
0,0.0034750742,4.4773324e-06
0,0.009098625,1.3177739e-05
1,0.06935155,0.00010639729
1,0.06477269,9.931316e-05
1,0.076764084,0.0001178655
0,0.03761126,5.729071e-05
0,0.0133515615,1.9757617e-05
0,0.0025822325,3.0959836e-06
0,0.0024108582,2.830844e-06
1,0.056761257,8.6918386e-05
1,3.3924613,0.005247705
1,0.07650628,0.00011746664
1,0.058437567,8.9511865e-05
1,0.12753709,0.00019641832
1,0.05200485,7.955957e-05
1,0.062478445,9.576366e-05
0,0.0021640195,2.448951e-06
0,0.004766192,6.4748688e-06
1,0.0132919345,1.9665365e-05
1,0.115388036,0.00017762206
1,0.18345006,0.00028292337
0,0.00653135,9.205811e-06
0,0.027443225,4.1559353e-05
0,0.009226465,1.3375525e-05
1,0.088421464,0.00013590106
1,0.102208644,0.00015723173
1,0.070412815,0.00010803922
1,0.09358723,0.00014389322
0,0.0112882005,1.6565313e-05
0,0.0035232222,4.551824e-06
1,0.013002862,1.921813e-05
0,0.001589235,1.5596803e-06
0,0.0054729567,7.5683315e-06
1,0.65885067,0.0010184335
0,0.008225237,1.1826487e-05
1,0.02077408,3.124127e-05
1,0.079969816,0.00012282521
0,0.0017184583,1.7596063e-06
0,0.037986025,5.787052e-05
1,0.050142188,7.6677774e-05
0,0.002256086,2.5913905e-06
1,0.46650645,0.00072085054
0,0.008687217,1.2541234e-05
0,0.005671585,7.875637e-06
1,0.07000921,0.00010741478
1,0.047008146,7.182898e-05
1,0.021382866,3.2183147e-05
0,0.0057834215,8.048663e-06
1,0.02770701,4.196747e-05
0,0.002471788,2.9251112e-06
1,0.015930522,2.3747623e-05
0,0.0013272257,1.1543158e-06
1,0.11589098,0.00017840018
1,0.015950311,2.3778239e-05
1,0.06974298,0.00010700288
1,0.13571353,0.0002090684
0,0.0018299248,1.9320603e-06
0,0.0021143595,2.37212e-06
1,0.062434237,9.5695264e-05
1,0.062245626,9.5403455e-05
0,0.014392246,2.1367698e-05
1,1.1427197,0.0017670454
0,0.010813775,1.583131e-05
1,0.07367452,0.00011308552
1,0.2910603,0.00044941122
0,0.025127264,3.7976246e-05
0,0.0032609093,4.1459903e-06
1,0.05415986,8.289367e-05
1,2.3943744,0.0037035274
0,0.004028092,5.3329272e-06
1,0.05427543,8.307247e-05
0,0.0018841439,2.0159448e-06
0,0.014914162,2.2175174e-05
1,0.044767376,6.83622e-05
0,0.008005176,1.1486022e-05
0,0.0018184609,1.9143242e-06
0,0.01224879,1.8051478e-05
1,0.04108686,6.266794e-05
0,0.01356933,2.0094534e-05
1,0.068254724,0.00010470035
0,0.008835731,1.2771006e-05
0,0.005194747,7.1379027e-06
1,1.260277,0.0019489226
1,0.07861949,0.00012073606
0,0.005949939,8.306289e-06
0,0.0058967085,8.223934e-06
0,0.005227544,7.188644e-06
1,0.06450759,9.8903016e-05
0,0.003206121,4.0612254e-06
1,2.3406289,0.0036203756
1,0.06977921,0.00010705894
1,0.08337634,0.00012809558
1,0.013438616,1.9892303e-05
0,0.007941382,1.1387325e-05
1,0.02661343,4.0275547e-05
1,0.07472416,0.00011470946
1,0.10273146,0.0001580406
1,0.114604145,0.00017640927
0,0.007157662,1.0174802e-05
0,0.008075704,1.1595139e-05
0,0.005902441,8.232803e-06
1,0.049466543,7.563246e-05
0,0.002500835,2.970051e-06
1,0.03484814,5.3015778e-05
1,0.024875607,3.75869e-05
1,0.80259573,0.0012408268
0,0.10426101,0.00016040703
0,0.00662197,9.346013e-06
0,0.0029642677,3.6870451e-06
1,0.07760396,0.0001191649
1,0.074990146,0.00011512097
0,0.0016487467,1.6517529e-06
1,0.045510463,6.951186e-05
0,0.0031628292,3.9942465e-06
0,0.010952715,1.6046271e-05
0,0.0052633574,7.2440525e-06
1,0.3364476,0.0005196316
0,0.009391437,1.363076e-05
0,0.045923904,7.015151e-05
0,0.005870911,8.184021e-06
1,0.070855334,0.000108723856
0,0.008521098,1.2284225e-05
0,0.0020951384,2.3423822e-06
1,0.06255848,9.588748e-05
1,0.024032176,3.6281992e-05
1,0.070967615,0.00010889757
1,0.06337423,9.7149554e-05
0,0.054106724,8.281146e-05
1,0.014344333,2.129357e-05
0,0.005045982,6.9077428e-06
1,0.07320958,0.000112366186
1,0.047681876,7.2871335e-05
1,0.1018904,0.00015673936
1,0.051287055,7.844904e-05
1,0.08195083,0.0001258901
0,0.0033103733,4.222518e-06
1,0.02858829,4.333093e-05
1,0.11209325,0.00017252457
1,0.068640955,0.000105297906
0,0.0036540248,4.754194e-06
0,0.0031619298,3.9928555e-06
0,0.005957398,8.317828e-06
1,0.14526878,0.00022385169
0,0.0016026786,1.5804792e-06
1,0.118479475,0.00018240494
1,0.019461187,2.9210045e-05
1,0.102603905,0.00015784326
0,0.0048888437,6.6646285e-06
1,0.9398545,0.001453185
0,0.004216701,5.624731e-06
1,0.07827453,0.00012020237
0,0.003363993,4.3054747e-06
1,2.2041187,0.0034091757
0,0.00331437,4.2287015e-06
1,0.08478433,0.00013027393
1,0.06670951,0.00010230969
1,0.04361773,6.658354e-05
0,0.001633873,1.6287413e-06
0,0.0046800696,6.341626e-06
0,0.080457166,0.0001235792
0,0.017484128,2.6151265e-05
1,0.06960934,0.00010679612
1,0.022260655,3.3541208e-05
1,2.440261,0.00377452
0,0.022542458,3.3977194e-05
0,0.0011308362,8.5047424e-07
0,0.0013280001,1.1555139e-06
0,0.012246821,1.8048431e-05
1,0.08123576,0.0001247838
0,0.012375973,1.8248247e-05
1,5.3038945,0.008204955
0,0.0034236975,4.397846e-06
1,4.493228,0.006950742
0,0.007830014,1.1215024e-05
0,0.0140806725,2.088565e-05
0,0.00275823,3.368276e-06
1,0.07789805,0.0001196199
1,2.3047256,0.0035648285
1,1.2087191,0.0018691556
0,0.004527134,6.105013e-06
1,0.034349095,5.224369e-05
1,0.069478184,0.000106593216
1,0.019080786,2.8621513e-05
1,0.06825576,0.000104701954
1,0.08868168,0.00013630367
1,0.85332465,0.0013193114
1,0.05919072,9.0677095e-05
0,0.012457012,1.8373627e-05
0,0.002634908,3.17748e-06
1,0.013416433,1.9857982e-05
0,0.0035694395,4.6233286e-06
0,0.008736486,1.261746e-05
0,0.0050495253,6.9132248e-06
1,0.0720531,0.000110576955
1,0.017245552,2.5782154e-05
0,0.0048385537,6.5868226e-06
0,0.0037171985,4.851932e-06
1,0.014897101,2.2148779e-05
1,0.058585014,8.973999e-05
1,2.9309113,0.004533624
1,0.15349609,0.00023658045
0,0.004315346,5.7773486e-06
1,0.012775413,1.8866236e-05
1,0.07710748,0.00011839678
0,0.004854216,6.6110542e-06
1,0.08213293,0.00012617184
0,0.009506976,1.3809515e-05
1,0.0770548,0.00011831528
0,0.005873399,8.187871e-06
1,0.032279234,4.904133e-05
0,0.026047237,3.9399572e-05
1,0.101481244,0.00015610634
0,0.0028293286,3.4782754e-06
0,0.0030959838,3.890828e-06
1,2.3765042,0.0036758797
1,0.86784136,0.0013417708
0,0.0021725907,2.4622116e-06
0,0.007124374,1.0123301e-05
1,0.014029446,2.0806398e-05
0,0.0055996953,7.764414e-06
0,0.0023875865,2.7948397e-06
0,0.0049945577,6.8281824e-06
1,0.11621429,0.00017890039
1,0.01955188,2.9350362e-05
0,0.0090022795,1.302868e-05
0,0.0024781267,2.9349178e-06
0,0.0063294936,8.893511e-06
1,0.01367751,2.0261905e-05
0,0.008858526,1.2806273e-05
0,0.009938418,1.4477015e-05
1,0.0748764,0.00011494499
0,0.012639853,1.8656507e-05
1,0.069993444,0.00010739039
0,0.005391391,7.4421378e-06
1,5.924794,0.009165572
1,1.0237068,0.001582916
1,5.0103354,0.0077507785
0,0.0015174241,1.4485789e-06
0,0.007319123,1.0424605e-05
0,0.0022750052,2.620661e-06
0,0.0014452607,1.3369322e-06
0,0.0021281773,2.393498e-06
0,0.0048487503,6.602598e-06
1,0.049476333,7.564761e-05
1,0.104123935,0.00016019495
1,3.3823588,0.005232075
1,0.026124131,3.9518534e-05
1,0.07878746,0.000120995945
0,0.010538713,1.5405754e-05
0,0.0038945833,5.1263705e-06
1,0.06821487,0.0001046387
1,0.055726502,8.531748e-05
0,0.006368563,8.953957e-06
1,0.036579117,5.569384e-05
1,0.030135447,4.5724595e-05
1,0.09241521,0.00014207995
1,0.08075707,0.00012404319
1,0.14170511,0.0002183382
1,5.301028,0.00820052
1,2.7863028,0.0043098945
0,0.018409692,2.7583237e-05
0,0.0075114495,1.07221595e-05
1,5.2782087,0.008165215
1,2.322237,0.003591921
1,0.074474,0.00011432243
0,0.018533943,2.7775472e-05
0,0.008679177,1.2528795e-05
0,0.021620639,3.2551015e-05
0,0.010324517,1.5074364e-05
0,0.005384863,7.4320383e-06
0,0.0026340268,3.176117e-06
1,0.017661378,2.6425494e-05
1,0.014943456,2.2220496e-05
0,0.005429476,7.5010607e-06
0,0.010714419,1.5677595e-05
0,0.0034957766,4.509362e-06
1,5.2768435,0.008163103
0,0.006766967,9.5703435e-06
1,0.05716312,8.7540124e-05
1,0.07269511,0.00011157025
1,0.013959256,2.0697804e-05
1,0.089387156,0.00013739512
0,0.012765194,1.8850425e-05
0,0.009535715,1.3853977e-05
1,0.082119204,0.00012615061
1,0.09270053,0.00014252138
1,0.124845,0.00019225328
1,0.035594534,5.4170556e-05
1,0.0858629,0.00013194262
0,0.020100169,3.0198638e-05
0,0.0020640572,2.2942954e-06
1,0.023661828,3.5709014e-05
0,0.006065109,8.484472e-06
1,0.23601086,0.00036424215
1,0.073232904,0.00011240228
0,0.003693266,4.814906e-06
0,0.0043537505,5.8367655e-06
1,0.014132342,2.0965592e-05
1,0.521799,0.0008063957
1,2.798999,0.0043295375
0,0.010361469,1.51315335e-05
1,0.06577598,0.0001008654
1,0.060182575,9.221163e-05
1,0.015082698,2.2435923e-05
0,0.0061070425,8.549349e-06
0,0.12040426,0.00018538284
0,0.01535902,2.286343e-05
1,0.060398243,9.25453e-05
0,0.00439923,5.907128e-06
0,0.00572191,7.953497e-06
0,0.004211925,5.6173417e-06
1,2.8888142,0.0044684936
0,0.0068197213,9.651962e-06
1,0.07900997,0.0001213402
0,0.011172864,1.6386872e-05
0,0.009022407,1.305982e-05
1,0.085267946,0.00013102214
0,0.0065774415,9.277121e-06
1,0.012544863,1.8509543e-05
0,0.024894956,3.7616835e-05
1,1.9987556,0.0030914505
1,0.024736306,3.737138e-05
1,0.07832935,0.00012028718
1,0.06513399,9.9872144e-05
1,2.998187,0.0046377084
1,0.051559635,7.887076e-05
0,0.0027903805,3.4180175e-06
1,4.202475,0.0065009072
0,0.008761914,1.2656802e-05
0,0.0013246152,1.150277e-06
0,0.005423903,7.4924387e-06
0,0.0036473456,4.74386e-06
0,0.010085752,1.470496e-05
1,2.2112403,0.0034201937
0,0.026236283,3.969205e-05
1,3.7683492,0.005829255
1,0.045024008,6.875925e-05
0,0.022121046,3.3325214e-05
1,0.111754686,0.00017200077
1,0.07348867,0.000112797985
1,0.070403695,0.0001080251
1,2.8558636,0.0044175144
1,0.014194936,2.1062433e-05
0,0.0050663077,6.9391895e-06
1,0.09495957,0.00014601642
1,0.014695489,2.1836857e-05
1,0.06589342,0.00010104709
0,0.00411869,5.4730945e-06
1,0.060039856,9.199083e-05
1,0.01785914,2.6731459e-05
0,0.0031021808,3.9004153e-06
1,1.7372048,0.0026867955
0,0.0027912215,3.4193188e-06
1,0.06259855,9.594948e-05
0,0.0013131154,1.1324852e-06
0,0.0035219258,4.549818e-06
1,0.036327917,5.5305198e-05
1,0.12952745,0.00019949768
0,0.0043095434,5.768371e-06
1,0.0809175,0.0001242914
1,2.2405381,0.0034655216
1,0.014041031,2.082432e-05
1,0.09445587,0.00014523712
1,0.10797227,0.00016614886
1,0.041463036,6.3249936e-05
1,0.018193733,2.724912e-05
1,0.029129064,4.416758e-05
0,0.007887153,1.1303425e-05
1,0.068822734,0.00010557914
1,0.018820398,2.8218656e-05
1,0.058857635,9.016177e-05
1,0.083212726,0.00012784243
1,0.11192563,0.00017226525
0,0.012534203,1.849305e-05
1,2.1430285,0.0033146606
0,0.006019367,8.413703e-06
0,0.049012676,7.493026e-05
0,0.004652797,6.2994313e-06
0,0.018027902,2.6992557e-05
0,0.012124541,1.7859247e-05
1,2.3697207,0.0036653848
0,0.011776052,1.7320088e-05
1,1.4655722,0.0022665425
1,12.692557,0.019636232
1,0.039828476,6.0721042e-05
1,0.014541232,2.15982e-05
1,0.08357738,0.00012840661
0,0.0012926761,1.1008627e-06
0,0.014168856,2.1022082e-05
0,0.008583536,1.2380827e-05
0,0.0074667274,1.0652969e-05
0,0.0060104826,8.399958e-06
0,0.0034659721,4.4632507e-06
1,0.016287204,2.4299457e-05
0,0.0037987803,4.9781506e-06
1,1.5100898,0.0023354173
0,0.0039143404,5.1569377e-06
1,0.049619887,7.5869706e-05
0,0.002536859,3.0257845e-06
1,0.01462877,2.1733633e-05
0,0.0028094966,3.4475925e-06
1,3.4202302,0.005290667
0,0.007911666,1.1341351e-05
0,0.011900643,1.7512846e-05
0,0.007203561,1.0245813e-05
1,5.2335367,0.008096102
0,0.006324565,8.885887e-06
1,0.054740418,8.379187e-05
0,0.007763158,1.1111588e-05
1,0.8910174,0.0013776273
1,0.033547238,5.1003106e-05
1,0.077329844,0.00011874081
1,0.093286514,0.00014342797
1,0.3425884,0.00052913226
1,0.08358315,0.00012841553
0,0.009076417,1.3143381e-05
0,0.0072079524,1.0252608e-05
1,0.0448598,6.850519e-05
1,0.035619643,5.4209402e-05
0,0.0051113614,7.0088936e-06
1,0.019208126,2.8818526e-05
1,0.038066603,5.7995185e-05
1,0.19535765,0.00030134604
1,2.8578272,0.0044205524
1,5.2721133,0.008155785
0,0.007087881,1.0066841e-05
1,0.52513516,0.00081155717
0,0.002926056,3.6279262e-06
0,0.0068355403,9.676435e-06
1,0.019158617,2.8741928e-05
1,1.0729682,0.0016591302
0,0.00982444,1.4300675e-05
1,0.055867963,8.553633e-05
0,0.0064683137,9.108286e-06
0,0.011998202,1.7663782e-05
1,1.1490598,0.0017768543
1,0.17535721,0.0002704026
0,0.0017088685,1.7447697e-06
1,0.06671052,0.00010231125
0,0.0021399783,2.4117558e-06
0,0.010676272,1.5618576e-05
1,0.084707305,0.00013015476
0,0.041474745,6.3268046e-05
0,0.0099724345,1.4529643e-05
0,0.005647885,7.838969e-06
0,0.039184235,5.9724316e-05
0,0.0019774688,2.1603314e-06
0,0.0053150156,7.323975e-06
0,0.00704876,1.0006316e-05
1,0.09374824,0.00014414232
1,0.096185654,0.00014791334
0,0.03657537,5.568804e-05
0,0.005919396,8.259034e-06
1,0.07073759,0.00010854169
0,0.012890785,1.9044732e-05
0,0.035123423,5.344168e-05
0,0.010883593,1.593933e-05
0,0.007855743,1.125483e-05
0,0.006006668,8.394056e-06
1,0.07314588,0.00011226765
0,0.0014905363,1.4069797e-06
0,0.0025657148,3.0704289e-06
1,0.116846144,0.00017987796
1,0.40588897,0.000627067
0,0.0054344633,7.508777e-06
0,0.011229947,1.6475187e-05
1,2.1524327,0.0033292102
0,0.002440456,2.8766362e-06
1,0.0654861,0.00010041692
1,3.3194194,0.005134699
0,0.006592064,9.299744e-06
0,0.0018059886,1.8950278e-06
1,0.07867679,0.00012082472
1,0.13245508,0.00020402712
1,0.016648762,2.4858837e-05
0,0.02817259,4.2687785e-05
1,0.101055875,0.00015544824
1,0.14019373,0.00021599988
1,0.020940999,3.1499516e-05
1,1.7463201,0.002700898
1,0.03480498,5.2949006e-05
1,0.06327797,9.700062e-05
1,0.19450706,0.00030003008
1,0.0718362,0.000110241395
0,0.004036267,5.3455747e-06
0,0.029540634,4.4804336e-05
1,0.10866252,0.00016721677
0,0.006480999,9.127911e-06
0,0.002386285,2.792826e-06
1,0.0721387,0.00011070939
0,0.009985964,1.4550575e-05
1,0.014441096,2.1443277e-05
0,0.001478112,1.3877576e-06
1,0.08711608,0.00013388146
1,0.050605565,7.739468e-05
0,0.0014298499,1.3130895e-06
0,0.0021156946,2.3741854e-06
0,0.0019992038,2.1939584e-06
0,0.012677193,1.8714276e-05
1,0.070623755,0.000108365566
0,0.0129880505,1.9195215e-05
1,0.07281601,0.00011175728
1,0.06729082,0.00010320906
0,0.060944226,9.339001e-05
0,0.0019582163,2.130545e-06
0,0.0052211443,7.178743e-06
0,0.033674836,5.1200517e-05
0,0.004535475,6.117918e-06
1,0.040055536,6.107234e-05
0,0.009472512,1.3756194e-05
1,0.051657815,7.9022655e-05
1,0.07904357,0.00012139217
1,1.0451871,0.001616149
1,0.06724719,0.00010314156
0,0.004118898,5.4734164e-06
0,0.024691354,3.7301834e-05
1,0.06736583,0.00010332512
1,1.4984151,0.002317355
0,0.0030814868,3.868399e-06
1,5.006781,0.0077452795
1,1.6965134,0.0026238402
0,0.011938012,1.7570661e-05
0,0.0026826903,3.251406e-06
0,0.0069405725,9.838935e-06
0,0.059041128,9.0445654e-05
1,0.037725274,5.74671e-05
1,0.0763181,0.0001171755
0,0.007016587,9.9565395e-06
1,0.07706704,0.00011833422
0,0.010114666,1.4749695e-05
0,0.004000555,5.2903233e-06
0,0.0014821112,1.3939449e-06
0,0.004567754,6.1678584e-06
1,0.05018696,7.674704e-05
0,0.0037210707,4.857923e-06
1,0.07846915,0.00012050347
1,5.3903427,0.008338702
0,0.0054231887,7.4913332e-06
0,0.005672149,7.876509e-06
0,0.007060677,1.0024753e-05
0,0.0026175946,3.150694e-06
1,0.14015435,0.00021593896
0,0.039311074,5.9920552e-05
1,0.054084606,8.277724e-05
1,0.059804708,9.162702e-05
1,2.333009,0.0036085867
0,0.012817933,1.893202e-05
0,0.0038540158,5.063607e-06
1,0.072395995,0.00011110747
1,5.2310333,0.008092228
1,5.925712,0.009166992
1,1.716769,0.0026551785
1,0.012282281,1.8103294e-05
0,0.0049612364,6.7766296e-06
1,0.05680646,8.698832e-05
1,0.019802092,2.9737472e-05
1,0.064345576,9.865236e-05
1,0.0133198835,1.9708606e-05
1,0.043419983,6.62776e-05
1,1.7457442,0.0027000073
1,0.44142276,0.0006820426
1,0.013544035,2.00554e-05
0,0.004493827,6.053483e-06
1,0.1841935,0.00028407358
1,0.1812675,0.00027954666
0,0.0060824207,8.511256e-06
0,0.00256892,3.0753877e-06
1,0.06557374,0.0001005525
1,1.2560092,0.0019423198
0,0.0031508838,3.9757656e-06
1,0.10405976,0.00016009567
0,0.013301621,1.9680352e-05
1,0.57876027,0.0008945226
1,0.06531015,0.000100144694
0,0.0038987487,5.132815e-06
1,0.061653122,9.448677e-05
1,2.3385544,0.003617166
1,5.0680957,0.007840142
1,0.051350165,7.8546684e-05
0,0.0015414155,1.4856968e-06
1,0.058078293,8.895602e-05
0,0.010138068,1.4785901e-05
0,0.0049853045,6.8138665e-06
0,0.01022567,1.4921434e-05
1,0.037280083,5.6778328e-05
1,0.08269384,0.00012703965
1,0.022563526,3.400979e-05
0,0.014283081,2.1198804e-05
0,0.038121846,5.808065e-05
0,0.014288885,2.1207785e-05
0,0.0016525518,1.65764e-06
0,0.027789377,4.20949e-05
1,0.10074935,0.00015497401
1,2.0780203,0.003214084
1,0.43040353,0.00066499435
1,0.13216706,0.00020358151
0,0.0050106286,6.853046e-06
1,0.017420026,2.6052088e-05
0,0.00393631,5.1909274e-06
1,0.16805977,0.00025911248
1,0.08332957,0.00012802321
0,0.03319492,5.0458017e-05
1,0.29891804,0.00046156824
1,0.07756767,0.00011910876
0,0.017210364,2.5727713e-05
1,0.062854335,9.634521e-05
1,0.015765969,2.3493036e-05
1,0.3402034,0.00052544236
0,0.034910306,5.311196e-05
1,0.020560604,3.0910993e-05
0,0.002544709,3.0379297e-06
1,0.073713556,0.000113145914
1,0.06804751,0.00010437976
1,0.015317536,2.279925e-05
0,0.021882333,3.295589e-05
1,0.4716967,0.0007288806
0,0.0137077775,2.0308731e-05
0,0.0090184435,1.3053687e-05
0,0.0024738775,2.9283437e-06
0,0.0029836434,3.7170219e-06
0,0.0063756076,8.9648565e-06
1,0.020756053,3.121338e-05
1,0.06442246,9.877131e-05
0,0.0037738278,4.9395458e-06
0,0.002811343,3.450449e-06
1,0.08187961,0.00012577992
0,0.0049325423,6.732236e-06
1,0.040031437,6.103505e-05
0,0.019224381,2.8843675e-05
1,0.10413186,0.00016020722
1,0.017686792,2.6464812e-05
0,0.008410717,1.2113452e-05
0,0.003816322,5.0052895e-06
1,0.07458967,0.00011450138
1,0.05850866,8.9621855e-05
1,0.013051358,1.929316e-05
0,0.003691647,4.8124007e-06
1,0.06185275,9.479562e-05
1,2.3960426,0.0037061083
0,0.0024873922,2.9492528e-06
1,0.030973729,4.702153e-05
0,0.008824001,1.2752858e-05
1,0.52295196,0.00080817944
1,0.078635745,0.000120761215
1,0.1599405,0.00024655083
1,0.17375082,0.00026791732
0,0.016247284,2.4237695e-05
0,0.009260925,1.342884e-05
1,0.34605652,0.00053449796
0,0.029979438,4.5483226e-05
0,0.01017828,1.4848114e-05
0,0.0079086935,1.1336751e-05
1,1.2395037,0.0019167835
0,0.0017950983,1.878179e-06
0,0.009176626,1.3298417e-05
0,0.0038619477,5.0758795e-06
1,0.08889815,0.00013663857
0,0.012391011,1.8271514e-05
0,0.0021963187,2.4989222e-06
1,0.041355275,6.3083215e-05
1,0.053507496,8.188437e-05
0,0.0046860334,6.350853e-06
1,2.4725235,0.0038244347
0,0.0078098215,1.1183783e-05
0,0.0046122666,6.2367253e-06
0,0.011503344,1.6898171e-05
0,0.02907759,4.408794e-05
1,0.046121985,7.0457965e-05
1,0.036868475,5.6141518e-05
1,0.11387888,0.00017528719
1,0.024723116,3.7350972e-05
1,5.3032026,0.008203885
0,0.0025467519,3.0410902e-06
1,0.07662438,0.00011764936
0,0.017908813,2.680831e-05
0,0.0011779002,9.232888e-07
1,0.061914083,9.4890514e-05
0,0.0033158476,4.2309875e-06
1,0.08107211,0.0001245306
1,0.09075867,0.00013951704
1,0.012300752,1.813187e-05
1,0.11645882,0.00017927871
1,0.03705124,5.642428e-05
1,0.013971001,2.0715974e-05
0,0.0063327397,8.898533e-06
0,0.0072703664,1.0349171e-05
1,0.033719793,5.127007e-05
0,0.004053727,5.3725876e-06
1,0.0123561155,1.8217524e-05
0,0.005982893,8.357273e-06
1,1.1398176,0.0017625553
0,0.0016062465,1.5859993e-06
0,0.0042365286,5.655407e-06
1,0.06758646,0.000103666454
1,0.51622576,0.0007977731
1,0.012508071,1.8452622e-05
1,0.024425205,3.6890062e-05
0,0.0023891802,2.7973053e-06
1,0.07673719,0.00011782389
1,0.07052175,0.00010820775
1,2.6640813,0.004120801
1,0.09026331,0.00013875065
1,0.07292661,0.0001119284
0,0.0046123816,6.236903e-06
1,0.05229466,8.000794e-05
0,0.0024257568,2.8538943e-06
1,0.06256265,9.589394e-05
0,0.0060580247,8.473512e-06
0,0.0016773902,1.6960684e-06
0,0.008480299,1.2221104e-05
1,0.086331554,0.00013266769
1,0.043559775,6.649388e-05
1,0.014369433,2.1332404e-05
0,0.032869007,4.995379e-05
1,0.07011958,0.00010758554
0,0.0020155753,2.2192874e-06
1,0.044920474,6.859907e-05
0,0.0029855273,3.719936e-06
0,0.017418368,2.6049524e-05
0,0.0029774106,3.7073787e-06
1,2.299268,0.0035563847
1,0.07532515,0.00011563927
0,0.0015880069,1.55778e-06
0,0.007869372,1.1275915e-05
1,0.071705304,0.000110038876
1,0.8508235,0.0013154418
1,0.07280507,0.00011174036
1,0.05814453,8.905849e-05
0,0.0044129896,5.9284166e-06
0,0.0061044046,8.545268e-06
0,0.039608266,6.038035e-05
0,0.03320882,5.0479528e-05
1,0.10496269,0.00016149263
0,0.0048130197,6.547318e-06
1,0.03839236,5.8499176e-05
0,0.02567537,3.882424e-05
1,0.05517836,8.446942e-05
0,0.022445487,3.3827167e-05
1,0.017118067,2.5584915e-05
0,0.007686342,1.0992743e-05
0,0.0084321005,1.2146535e-05
1,0.03338184,5.074721e-05
1,0.018918335,2.837018e-05
0,0.0033333818,4.258115e-06
1,0.06465427,9.912995e-05
1,0.05901796,9.040981e-05
0,0.0069554034,9.86188e-06
1,0.05743107,8.795467e-05
0,0.052174766,7.982245e-05
0,0.015389385,2.291041e-05
0,0.005391736,7.4426716e-06
1,5.203986,0.008050383
1,0.32900962,0.00050812407
0,0.0144191,2.1409245e-05
1,5.9480157,0.009201499
0,0.004650282,6.295541e-06
0,0.010434233,1.5244108e-05
1,0.118526496,0.0001824777
0,0.008929917,1.2916725e-05
1,0.054922525,8.407361e-05
0,0.011197702,1.64253e-05
1,0.14207844,0.0002189158
0,0.0049649198,6.7823285e-06
0,0.006856352,9.708634e-06
0,0.005440441,7.518025e-06
0,0.007362215,1.0491273e-05
0,0.009807777,1.4274894e-05
1,0.06697563,0.00010272142
0,0.0016924674,1.7193948e-06
1,0.030781263,4.672376e-05
1,0.06810628,0.00010447069
0,0.0024325347,2.8643808e-06
0,0.007216724,1.0266179e-05
1,0.05994512,9.184426e-05
0,0.0036809964,4.795923e-06
1,0.089860216,0.00013812701
1,0.06496128,9.9604935e-05
0,0.0018915735,2.0274395e-06
0,0.0043310556,5.8016535e-06
0,0.018015943,2.6974056e-05
0,0.011649526,1.7124334e-05
1,2.3067114,0.0035679007
1,0.071913905,0.00011036161
0,0.0107047595,1.566265e-05
1,0.014512152,2.155321e-05
0,0.003863712,5.078609e-06
0,0.0033549007,4.291408e-06
1,0.025507748,3.8564907e-05
0,0.007864416,1.1268247e-05
1,0.08971657,0.00013790478
0,0.009359395,1.3581186e-05
1,0.015230668,2.2664852e-05
1,0.046183288,7.0552815e-05
0,0.006026715,8.425071e-06
1,0.08573207,0.0001317402
1,3.1946526,0.004941668
1,0.13986984,0.00021549877
1,0.8171866,0.0012634009
0,0.010459284,1.5282867e-05
0,0.0026776744,3.2436453e-06
0,0.010728294,1.569906e-05
1,1.4409056,0.00222838
1,1.2121336,0.0018744383
1,0.047179557,7.2094175e-05
0,0.0040539503,5.372933e-06
1,0.04043024,6.1652056e-05
1,0.07708729,0.00011836555
1,0.07277051,0.000111686895
0,0.060621515,9.289073e-05
1,0.06882495,0.00010558256
0,0.002916789,3.6135887e-06
1,0.06522886,0.00010001892
1,0.016109776,2.4024954e-05
0,0.003588446,4.6527343e-06
0,0.03404155,5.1767875e-05
1,0.09150648,0.00014067402
1,0.020089256,3.0181754e-05
1,5.1418877,0.007954308
1,3.3061545,0.0051141763
1,0.021649705,3.2595985e-05
0,0.005816761,8.100244e-06
1,0.08682791,0.00013343562
0,0.006881914,9.7481825e-06
1,0.07372448,0.000113162816
1,0.037744787,5.749729e-05
1,0.07450663,0.00011437292
0,0.007894372,1.1314593e-05
1,0.06978665,0.00010707045
1,0.095955655,0.0001475575
1,0.07587447,0.000116489144
1,0.42857802,0.00066217006
1,0.014262367,2.1166758e-05
0,0.045574497,6.961093e-05
1,0.014403578,2.138523e-05
1,5.245603,0.00811477
1,0.06727067,0.00010317788
1,0.073492385,0.00011280373
1,0.014878673,2.2120268e-05
1,0.049089834,7.504964e-05
1,3.813885,0.0058997055
0,0.051254105,7.8398065e-05
0,0.0057177283,7.9470265e-06
0,0.002303868,2.6653158e-06
0,0.0045453305,6.133166e-06
1,0.06802668,0.00010434753
0,0.0754201,0.00011578617
0,0.019737342,2.9637296e-05
0,0.0031661773,3.9994266e-06
0,0.0124726435,1.839781e-05
0,0.0015305051,1.468817e-06
0,0.0022859988,2.6376695e-06
0,0.0053129354,7.3207566e-06
1,4.083081,0.006316188
1,0.08303723,0.00012757092
0,0.0051892363,7.1293766e-06
0,0.0028687154,3.5392125e-06
0,0.022720892,3.425326e-05
0,0.023363208,3.524701e-05
0,0.059770964,9.157482e-05
0,0.060310207,9.24091e-05
1,0.0824194,0.00012661505
1,0.02248988,3.389585e-05
0,0.002718689,3.3071005e-06
0,0.004129264,5.489454e-06
1,0.014987107,2.2288032e-05
0,0.011753447,1.7285114e-05
0,0.25562152,0.00039458257
0,0.015825251,2.3584755e-05
0,0.0042708847,5.708561e-06
1,0.015353579,2.2855013e-05
0,0.005464834,7.5557646e-06
1,2.2160444,0.0034276263
1,0.01472481,2.188222e-05
0,0.0059202234,8.260315e-06
1,5.2745047,0.008159485
0,0.01066394,1.5599497e-05
0,0.01975065,2.9657884e-05
0,0.0032694722,4.159238e-06
1,0.011918779,1.7540906e-05
0,0.002587209,3.103683e-06
1,0.093224436,0.00014333193
0,0.006420535,9.034366e-06
1,0.057441115,8.797022e-05
0,0.0022557543,2.590877e-06
1,0.0844408,0.00012974243
1,0.07976803,0.00012251303
1,0.07218934,0.00011078774
1,5.908339,0.009140113
0,0.0036942218,4.816384e-06
1,0.029791912,4.5193097e-05
0,0.008638781,1.24662965e-05
0,0.0014419365,1.3317891e-06
0,0.009121388,1.3212957e-05
0,0.007819465,1.1198703e-05
0,0.04320002,6.593729e-05
1,0.019595806,2.941832e-05
0,0.028766124,4.360606e-05
1,0.05743143,8.795523e-05
0,0.012382312,1.8258053e-05
1,0.014065499,2.0862177e-05
1,2.4563015,0.003799337
1,2.3146448,0.0035801749
1,0.53696823,0.0008298645
1,0.06843371,0.00010497727
1,0.076169804,0.00011694607
1,0.05743989,8.796832e-05
0,0.0037383602,4.8846728e-06
1,0.02007191,3.0154919e-05
1,0.3267383,0.00050461
0,0.0027495036,3.3547751e-06
0,0.0017849776,1.8625209e-06
1,0.08189893,0.0001258098
1,0.13365789,0.00020588803
0,0.0036778771,4.7910967e-06
0,0.0022827075,2.6325774e-06
0,0.005019977,6.86751e-06
0,0.02624163,3.9700324e-05
1,0.016263712,2.4263112e-05
0,0.010304755,1.5043787e-05
0,0.021129008,3.1790394e-05
1,0.036120556,5.4984383e-05
0,0.0045889057,6.200583e-06
0,0.043221496,6.597051e-05
1,5.3034983,0.008204342
0,0.0030925078,3.8854496e-06
0,0.0054421704,7.520701e-06
0,0.0016570352,1.6645764e-06
1,0.012995486,1.9206718e-05
0,0.012295456,1.8123676e-05
0,0.011284942,1.6560272e-05
0,0.004430974,5.956241e-06
0,0.0042405506,5.6616295e-06
1,0.02634428,3.9859136e-05
0,0.011059402,1.621133e-05
1,2.9988344,0.00463871
1,0.040096268,6.113535e-05
0,0.006123857,8.575364e-06
0,0.020458918,3.0753672e-05
1,0.16590145,0.00025577325
0,0.002006555,2.2053316e-06
1,0.07942149,0.000121976875
1,0.07644641,0.00011737401
1,0.29572275,0.0004566247
1,0.0851256,0.00013080191
1,0.04742642,7.247611e-05
1,0.09864198,0.00015171361
0,0.008519869,1.2282325e-05
1,0.3252444,0.0005022987
1,0.09262034,0.00014239732
0,0.0033298251,4.252612e-06
0,0.021863185,3.2926266e-05
1,0.052315105,8.003957e-05
0,0.0067374273,9.524641e-06
1,0.04855699,7.422526e-05
0,0.0022056387,2.5133413e-06
1,0.09195071,0.00014136129
0,0.010002445,1.4576074e-05
1,4.148555,0.0064174854
1,0.05412678,8.284249e-05
1,0.014228441,2.1114269e-05
1,0.0586281,8.980665e-05
0,0.0035419094,4.580736e-06
0,0.01854423,2.7791388e-05
0,0.0073743216,1.0510004e-05
0,0.001431057,1.3149571e-06
0,0.0049942415,6.827693e-06
1,0.08373196,0.00012864576
1,3.2914052,0.0050913575
1,0.04675033,7.1430106e-05
1,1.9976547,0.0030897472
0,0.0058166496,8.100072e-06
0,0.009233207,1.3385957e-05
1,0.07542632,0.000115795796
0,0.004757782,6.4618575e-06
1,0.39938864,0.00061701005
0,0.01324521,1.9593077e-05
1,0.023865655,3.6024365e-05
1,0.066702336,0.000102298596
0,0.010837858,1.586857e-05
1,2.1685276,0.0033541115
1,0.016148513,2.4084886e-05
1,3.0592752,0.0047322204
0,0.045626882,6.9691974e-05
0,0.07851412,0.00012057305
1,0.088757776,0.0001364214
1,0.06611284,0.00010138656
1,0.083927736,0.00012894865
0,0.0025909108,3.1094105e-06
0,0.0054702368,7.5641233e-06
1,0.07957149,0.00012220895
0,0.0113275405,1.6626178e-05
0,0.0023191855,2.689014e-06
0,0.004578919,6.1851324e-06
1,0.39209494,0.0006057257
1,0.054004457,8.2653234e-05
0,0.022669807,3.4174223e-05
0,0.0017960322,1.8796238e-06
0,0.0052047973,7.153452e-06
1,0.014798421,2.1996108e-05
0,0.012108303,1.7834125e-05
1,0.08327858,0.00012794432
1,0.08676311,0.00013333536
1,0.14089128,0.0002170791
0,0.026891585,4.0705894e-05
1,4.314472,0.006674182
1,0.06502906,9.970981e-05
0,0.008384536,1.2072945e-05
1,0.01648313,2.4602581e-05
0,0.00441839,5.9367717e-06
0,0.10576625,0.00016273584
0,0.005504442,7.617043e-06
1,5.22638,0.008085029
1,0.12274218,0.00018899994
0,0.0029725584,3.6998717e-06
1,0.10475762,0.00016117535
1,0.09096564,0.00013983727
0,0.008608178,1.2418951e-05
1,0.046552878,7.112462e-05
0,0.0132244015,1.9560883e-05
0,0.0045100274,6.0785474e-06
0,0.003793379,4.969794e-06
1,0.13525237,0.00020835492
1,0.07540709,0.000115766044
1,0.056847665,8.705207e-05
1,0.09040649,0.00013897219
1,0.034770016,5.289491e-05
1,0.06642818,0.00010187443
0,0.026603227,4.0259765e-05
1,0.069143,0.00010607463
1,0.044026345,6.7215726e-05
1,0.52013415,0.0008038199
1,0.031181034,4.734226e-05
0,0.009475833,1.37613315e-05
1,0.06991188,0.000107264204
0,0.008967805,1.29753425e-05
1,0.11184973,0.00017214782
1,0.13393436,0.00020631579
1,0.09304352,0.00014305202
0,0.0016519676,1.6567362e-06
0,0.016636696,2.484017e-05
1,0.07949493,0.0001220905
0,0.003651202,4.7498265e-06
1,0.061148696,9.370635e-05
0,0.0031368474,3.9540496e-06
0,0.0024461169,2.8853942e-06
1,0.048128232,7.356191e-05
0,0.047980618,7.3333526e-05
0,0.0076458477,1.0930093e-05
0,0.006161848,8.634141e-06
1,1.2185726,0.0018844003
1,0.041286867,6.297738e-05
0,0.0036920893,4.813085e-06
0,0.004177686,5.564369e-06
1,0.06732685,0.00010326481
1,0.069849856,0.00010716824
1,0.023210324,3.5010475e-05
1,0.0707548,0.00010856832
0,0.0070920098,1.0073229e-05
1,0.16640835,0.00025655748
1,0.05335492,8.164831e-05
1,0.06568534,0.00010072516
1,0.07900065,0.00012132578
1,5.292741,0.008187698
0,0.0057251346,7.958485e-06
1,0.017618123,2.6358573e-05
0,0.0026881997,3.2599296e-06
1,2.1841578,0.0033782935
0,0.014686696,2.1823254e-05
0,0.0024013966,2.8162058e-06
1,0.034768954,5.289327e-05
1,1.2396632,0.0019170303
1,0.059973374,9.188797e-05
1,0.83970237,0.0012982358
1,0.05374537,8.2252394e-05
1,1.3265047,0.002051386
1,1.3991343,0.0021637538
0,0.0031164428,3.9224806e-06
1,0.13616563,0.00020976787
1,2.4207976,0.0037444078
0,0.0024506976,2.8924812e-06
1,12.797,0.019797819
0,0.0020247987,2.233557e-06
1,0.02859942,4.3348147e-05
0,0.0062240777,8.730419e-06
1,0.019836267,2.9790346e-05
1,0.095250286,0.00014646619
0,0.003522755,4.5511015e-06
0,0.0013749856,1.2282069e-06
1,0.07984895,0.00012263822
0,0.012041569,1.7730878e-05
0,0.0062906803,8.833462e-06
0,0.010749279,1.5731528e-05
1,3.1365492,0.004851774
0,0.01477548,2.1960614e-05
1,0.06816683,0.000104564366
0,0.0018798456,2.0092948e-06
1,0.093221866,0.00014332795
0,0.007911809,1.1341571e-05
1,0.07511894,0.00011532023
0,0.008175525,1.1749576e-05
1,0.14957607,0.00023051565
1,0.30158016,0.0004656869
0,0.0056030257,7.769566e-06
1,0.078320235,0.00012027308
0,0.006835892,9.676979e-06
0,0.0031525886,3.978403e-06
0,0.0044644848,6.0080865e-06
1,0.19641994,0.00030298956
0,0.005634078,7.817608e-06
0,0.008095071,1.1625102e-05
1,0.089122534,0.00013698572
1,0.04334987,6.616912e-05
0,0.0055195834,7.640469e-06
1,0.0143087655,2.1238542e-05
0,0.005203604,7.151606e-06
1,0.029128985,4.416746e-05
1,0.61297077,0.0009474509
0,0.008533357,1.2303191e-05
0,0.0028144608,3.4552731e-06
1,0.04194601,6.3997155e-05
1,0.029419078,4.461627e-05
1,3.4555652,0.005345335
1,0.12685604,0.00019536464
1,2.0900757,0.0032327354
1,0.092604436,0.00014237271
0,0.0028429986,3.4994246e-06
0,0.0480364,7.341983e-05
0,0.0062685637,8.799245e-06
1,0.07242848,0.00011115772
0,0.002482512,2.9417026e-06
0,0.0047328304,6.4232545e-06
1,0.015046772,2.238034e-05
0,0.0017582497,1.8211692e-06
1,0.03386508,5.149485e-05
0,0.0066864896,9.445834e-06
1,0.08061599,0.00012382492
1,0.058586195,8.9741814e-05
0,0.0029886104,3.7247062e-06
0,0.007897846,1.1319969e-05
0,0.0043814597,5.8796354e-06
0,0.013180402,1.9492809e-05
0,0.0041199005,5.4749676e-06
1,0.074791394,0.000114813476
0,0.0030201168,3.7734512e-06
1,0.021976903,3.3102206e-05
1,1.3781936,0.002131356
1,0.9545856,0.0014759761
0,0.07977968,0.00012253104
1,0.029940622,4.542317e-05
1,0.019833034,2.9785344e-05
0,0.009877121,1.438218e-05
1,0.013544438,2.0056024e-05
0,0.002980441,3.7120674e-06
1,0.10995907,0.00016922271
1,2.2005684,0.003403683
0,0.023415966,3.5328634e-05
1,5.2713785,0.008154647
0,0.025212815,3.8108607e-05
1,0.12640272,0.0001946633
0,0.0048780465,6.6479233e-06
1,0.016499655,2.4628149e-05
1,0.01736061,2.5960166e-05
0,0.0037243862,4.8630527e-06
0,0.00903357,1.307709e-05
0,0.00349269,4.5045867e-06
0,0.021163283,3.184342e-05
1,0.09155014,0.00014074157
1,0.047218733,7.2154784e-05
0,0.004207836,5.6110157e-06
0,0.007357469,1.0483931e-05
1,0.08959913,0.00013772308
0,0.002621381,3.1565519e-06
1,0.087075055,0.00013381799
1,0.021726433,3.271469e-05
1,0.06001172,9.1947295e-05
0,0.005133947,7.0438364e-06
0,0.0051849643,7.1227673e-06
1,0.077048644,0.000118305754
1,0.12035956,0.0001853137
1,0.48505032,0.00074954046
0,0.008233867,1.1839838e-05
0,0.0047137407,6.3937196e-06
0,0.006821613,9.654887e-06
0,0.0024206992,2.8460697e-06
1,0.041289035,6.298073e-05
1,0.023265216,3.5095403e-05
1,5.2256217,0.008083856
0,0.0013663281,1.2148125e-06
1,2.3067112,0.0035679003
0,0.0029443947,3.6562988e-06
0,0.0062453067,8.7632625e-06
1,0.10180002,0.00015659953
0,0.0054618386,7.5511302e-06
0,0.0026295693,3.16922e-06
0,0.010428567,1.5235343e-05
0,0.0028622993,3.5292856e-06
1,1.1474053,0.0017742945
1,0.07375758,0.00011321403
1,0.20278724,0.00031284065
1,0.06001133,9.19467e-05
0,0.002476828,2.9329085e-06
0,0.011028515,1.6163545e-05
0,0.0018151341,1.9091772e-06
0,0.007464063,1.0648846e-05
1,0.07556601,0.00011601191
1,0.06516929,9.992676e-05
1,0.08913774,0.00013700925
0,0.023767842,3.5873032e-05
1,0.11387281,0.0001752778
1,0.047965333,7.330988e-05
1,1.1589468,0.0017921508
1,0.075275615,0.00011556264
1,0.08187842,0.00012577808
1,0.043638676,6.661595e-05
1,0.07939441,0.00012193497
1,0.08108879,0.00012455642
0,0.006838886,9.681612e-06
1,0.48855284,0.00075495936
1,2.0870264,0.0032280178
0,0.017427335,2.6063397e-05
1,2.284144,0.0035329857
1,0.18540947,0.00028595485
1,0.06338268,9.716263e-05
1,0.08631767,0.00013264622
1,5.206567,0.008054376
1,0.11533117,0.0001775341
0,0.017176224,2.5674894e-05
0,0.043869715,6.69734e-05
1,0.51581746,0.0007971414
0,0.0031820214,4.0239397e-06
1,0.05619621,8.604418e-05
1,0.15222672,0.00023461657
1,0.10557095,0.00016243369
0,0.004931564,6.7307224e-06
0,0.001679384,1.6991531e-06
1,0.032690357,4.9677394e-05
0,0.026522133,4.0134302e-05
1,0.043004163,6.563427e-05
0,0.005090172,6.976111e-06
0,0.015351434,2.2851695e-05
1,3.2227616,0.0049851565
0,0.0020964944,2.3444802e-06
0,0.0071647433,1.0185758e-05
0,0.011297529,1.6579745e-05
1,0.46650746,0.0007208521
0,0.010744134,1.5723568e-05
0,0.012202082,1.7979215e-05
1,0.08598002,0.00013212382
1,2.7807448,0.0043012956
0,0.0011608114,8.9685e-07
0,0.0022788777,2.626652e-06
1,2.184589,0.0033789603
1,0.0920215,0.00014147082
0,0.003988237,5.271266e-06
1,0.073435165,0.000112715206
0,0.002822118,3.46712e-06
0,0.048469752,7.409028e-05
0,0.025880616,3.9141785e-05
1,0.014562601,2.1631262e-05
1,0.07539807,0.0001157521
1,0.074000835,0.00011359037
0,0.011001315,1.6121463e-05
0,0.011455752,1.6824539e-05
0,0.007908204,1.1335993e-05
1,0.0362639,5.5206157e-05
1,0.5236513,0.00080926146
0,0.059307337,9.085752e-05
1,2.3200755,0.0035885768
1,0.028517928,4.322207e-05
1,0.017943759,2.6862375e-05
0,0.0028895587,3.5714595e-06
1,0.31868857,0.00049215596
1,0.08515746,0.00013085121
1,0.07059041,0.00010831397
0,0.039109346,5.960845e-05
1,0.029264703,4.4377433e-05
0,0.0064281435,9.046136e-06
0,0.01212289,1.7856693e-05
1,0.04236234,6.464128e-05
1,0.018417878,2.7595903e-05
0,0.010264333,1.498125e-05
1,0.074536175,0.00011441862
1,0.017525684,2.6215557e-05
1,0.094857834,0.00014585903
0,0.006723735,9.5034575e-06
1,0.08891948,0.00013667157
0,0.0030151692,3.7657965e-06
0,0.009314459,1.3511664e-05
0,0.011066202,1.6221851e-05
0,0.007990212,1.1462872e-05
0,0.018291453,2.7400307e-05
0,0.001999003,2.1936478e-06
1,0.02146701,3.2313328e-05
1,0.015590734,2.3221924e-05
1,0.090632625,0.00013932204
1,0.074475676,0.00011432502
0,0.02331013,3.516489e-05
1,0.09889367,0.00015210302
1,0.033540703,5.0992996e-05
0,0.079637446,0.00012231099
1,0.21664047,0.0003342735
0,0.006611525,9.329853e-06
0,0.0021315068,2.3986493e-06
0,0.0030986234,3.894911e-06
0,0.0032622393,4.148048e-06
1,0.053671606,8.213827e-05
1,0.06485673,9.944319e-05
0,0.006029952,8.430079e-06
1,1.2328733,0.0019065253
1,0.037681255,5.7399e-05
1,0.07521571,0.00011546996
1,0.07148703,0.00010970118
0,0.0015114404,1.4393212e-06
0,0.0072934497,1.0384884e-05
0,0.014002123,2.0764124e-05
0,0.0010545518,7.324518e-07
0,0.01289632,1.9053296e-05
1,0.01153638,1.6949281e-05
1,0.04774021,7.2961586e-05
1,0.061336685,9.39972e-05
1,0.06857017,0.00010518839
0,0.011177354,1.6393818e-05
1,0.10997367,0.0001692453
1,0.14173582,0.00021838571
1,0.060950585,9.339985e-05
0,0.00323802,4.1105773e-06
1,0.080462605,0.00012358763
0,0.0017364381,1.7874237e-06
1,0.038804848,5.913735e-05
1,0.038421452,5.8544185e-05
1,0.06428289,9.855537e-05
0,0.0013955962,1.2600943e-06
1,0.07298626,0.00011202069
1,0.098502755,0.00015149821
1,0.11235325,0.00017292684
0,0.0020617784,2.2907698e-06
1,0.07602124,0.00011671622
0,0.026674334,4.0369774e-05
0,0.004083634,5.418858e-06
1,2.1033618,0.003253291
0,0.018291267,2.7400018e-05
1,0.81770825,0.001264208
1,0.012277182,1.8095405e-05
0,0.013390432,1.9817755e-05
0,0.0022095009,2.5193167e-06
0,0.012709814,1.8764746e-05
1,0.061758853,9.465035e-05
0,0.008561522,1.2346767e-05
0,0.02374445,3.5836845e-05
0,0.0034523888,4.4422354e-06
1,1.0653442,0.0016473348
0,0.0067145145,9.489192e-06
0,0.0053064846,7.3107763e-06
1,0.030468188,4.623939e-05
1,0.077715434,0.00011933737
1,0.10262829,0.00015788099
1,0.10993515,0.0001691857
0,0.0026518367,3.203671e-06
0,0.0025506224,3.0470785e-06
0,0.008049756,1.1554995e-05
0,0.0033081502,4.2190786e-06
0,0.010302729,1.5040654e-05
0,0.0028262993,3.4735888e-06
1,0.98245156,0.0015190885
1,0.07335801,0.00011259583
1,0.08551142,0.00013139883
1,0.07815001,0.000120009725
0,0.0010899085,7.871535e-07
0,0.0027105953,3.2945784e-06
1,0.015010817,2.2324713e-05
1,0.07105019,0.00010902532
0,0.041467857,6.3257394e-05
1,0.055772506,8.538865e-05
1,0.07339955,0.000112660106
0,0.009935934,1.4473171e-05
1,0.09828414,0.00015115998
1,0.0741291,0.00011378882
1,0.020058528,3.0134213e-05
0,0.002998557,3.7400948e-06
0,0.009283639,1.346398e-05
0,0.005388217,7.4372274e-06
1,0.10164687,0.00015636258
0,0.0013911123,1.2531572e-06
1,0.042808704,6.5331864e-05
0,0.004546879,6.1355618e-06
0,0.027703708,4.1962357e-05
0,0.0052525233,7.2272906e-06
1,2.7483857,0.0042512314
0,0.014956249,2.2240289e-05
1,0.07959604,0.00012224693
1,5.748681,0.008893101
1,5.0886755,0.007871981
1,0.101832226,0.00015664936
0,0.0034195452,4.391422e-06
0,0.004542173,6.128281e-06
1,0.07275175,0.00011165787
0,0.0059323404,8.279061e-06
0,0.008787092,1.2695755e-05
1,0.08528552,0.00013104934
1,2.4452815,0.0037822877
0,0.011177563,1.6394142e-05
1,0.019429095,2.9160396e-05
0,0.007631072,1.09072325e-05
0,0.012186805,1.7955577e-05
1,0.036633696,5.577828e-05
1,0.1013753,0.00015594243
0,0.0023399908,2.7212027e-06
0,0.007094219,1.00766465e-05
0,0.008517799,1.2279122e-05
0,0.001778958,1.8532078e-06
1,0.019193042,2.8795188e-05
1,0.012130761,1.786887e-05
1,0.088117704,0.00013543111
1,0.17502418,0.0002698874
0,0.008103532,1.16381925e-05
0,0.0067041465,9.473151e-06
1,0.044986796,6.870167e-05
0,0.0033721155,4.318041e-06
0,0.013039334,1.9274557e-05
0,0.0058888304,8.211745e-06
1,0.011686785,1.718198e-05
1,0.054656442,8.3661944e-05
0,0.0018076268,1.8975624e-06
1,0.039575417,6.0329527e-05
1,0.064406715,9.8746954e-05
0,0.036378805,5.5383927e-05
0,0.006782833,9.59489e-06
0,0.005696343,7.91394e-06
1,2.301016,0.0035590893
0,0.0042570294,5.6871245e-06
1,0.768874,0.0011886547
0,0.01567461,2.3351691e-05
0,0.024793813,3.746035e-05
1,0.8508196,0.0013154357
1,0.08012858,0.00012307084
0,0.0053304005,7.3477772e-06
1,0.15152879,0.00023353678
1,0.021102844,3.1749914e-05
1,0.29518,0.00045578496
0,0.016668448,2.4889296e-05
1,0.03320806,5.0478353e-05
1,0.08774089,0.00013484813
1,0.09451208,0.0001453241
1,0.10240493,0.00015753541
1,0.077546135,0.00011907544
1,0.07422896,0.00011394331
0,0.03902542,5.9478603e-05
1,0.087826565,0.00013498068
1,0.015901444,2.3702636e-05
1,4.5761604,0.00707905
1,0.052620508,8.051207e-05
1,0.08573417,0.00013174347
1,0.0114329,1.6789183e-05
1,0.0493447,7.544395e-05
0,0.0022825627,2.6323535e-06
1,5.0794106,0.007857647
1,0.032853913,4.9930437e-05
0,0.012120718,1.7853332e-05
1,0.89757586,0.0013877741
1,0.31174105,0.0004814072
0,0.0050722165,6.9483312e-06
0,0.013808156,2.0464031e-05
0,0.003491026,4.502012e-06
1,1.1309385,0.0017488182
1,4.974365,0.0076951273
1,2.0575259,0.0031823765
0,0.025085762,3.7912036e-05
0,0.0028525214,3.5141577e-06
0,0.006724888,9.505241e-06
1,2.0249033,0.0031319049
1,2.0418553,0.0031581318
0,0.008819018,1.27451485e-05
1,0.01668242,2.491091e-05
1,0.045162845,6.897405e-05
1,0.06710034,0.00010291436
1,0.023340834,3.5212393e-05
1,0.064602695,9.905016e-05
1,0.08020623,0.00012319097
0,0.0030518095,3.822484e-06
1,0.0482395,7.373405e-05
0,0.0050639454,6.9355347e-06
1,0.06821749,0.00010464275
1,0.07836705,0.0001203455
1,1.8716642,0.0028948227
0,0.00177759,1.8510913e-06
0,0.0024546753,2.8986353e-06
1,0.078075595,0.00011989459
1,0.096398436,0.00014824254
1,5.9028068,0.0091315545
0,0.010177999,1.4847679e-05
1,0.16315107,0.00025151804
0,0.00268691,3.2579346e-06
0,0.0068225074,9.656272e-06
1,0.0723486,0.00011103414
1,0.013165184,1.9469266e-05
0,0.0042989454,5.7519746e-06
1,0.03771643,5.7453417e-05
0,0.0033586477,4.2972047e-06
1,0.07804773,0.00011985148
0,0.002791121,3.419163e-06
1,0.08862099,0.00013620977
1,0.06964856,0.0001068568
1,0.044712927,6.8277965e-05
1,3.9479973,0.0061071957
0,0.004126137,5.4846164e-06
0,0.0026808155,3.2485054e-06
1,0.04813564,7.357336e-05
1,1.0237073,0.0015829167
0,0.0066493317,9.3883455e-06
1,0.09063026,0.00013931839
0,0.008787548,1.26964605e-05
0,0.0047857165,6.5050763e-06
0,0.0025642258,3.068125e-06
1,0.09832475,0.00015122282
0,0.013740721,2.0359701e-05
0,0.0035151981,4.53941e-06
0,0.005189142,7.129231e-06
1,1.6394157,0.0025355024
0,0.0037307902,4.8729603e-06
1,0.042108957,6.424926e-05
1,0.07301227,0.00011206093
0,0.0011688164,9.0923476e-07
1,0.07324657,0.00011242342
1,0.07568822,0.000116200994
0,0.0035314953,4.5646243e-06
0,0.008437945,1.2155576e-05
1,0.32531363,0.0005024058
1,0.07907835,0.000121445984
1,2.1921728,0.0033906936
1,0.17798224,0.0002744639
0,0.0050503733,6.9145367e-06
1,0.034974575,5.321139e-05
1,0.107303284,0.00016511384
1,0.0686235,0.0001052709
0,0.002800419,3.433548e-06
1,0.9550867,0.0014767513
1,0.09418977,0.00014482543
0,0.001594755,1.5682203e-06
0,0.002952913,3.6694778e-06
0,0.0015885341,1.5585958e-06
1,0.08929188,0.00013724773
0,0.010565111,1.5446596e-05
1,0.056754906,8.6908556e-05
1,1.004656,0.0015534417
0,0.0027303698,3.3251727e-06
1,0.0990716,0.0001523783
0,0.0034983063,4.513276e-06
0,0.006886408,9.755135e-06
1,0.013906791,2.0616633e-05
0,0.00349116,4.5022193e-06
1,0.53700066,0.0008299147
0,0.017433653,2.6073172e-05
1,0.071300276,0.00010941224
1,0.31525484,0.0004868435
0,0.01750923,2.6190099e-05
0,0.0066934167,9.456551e-06
1,0.017030735,2.54498e-05
1,3.7901478,0.0058629806
1,0.06876631,0.00010549185
0,0.014264294,2.1169739e-05
1,0.0769072,0.00011808692
1,0.014163053,2.1013106e-05
1,0.14241493,0.00021943638
0,0.0033348603,4.2604024e-06
1,0.058629207,8.980836e-05
1,0.07753525,0.0001190586
1,0.075412534,0.00011577447
0,0.004838516,6.5867644e-06
1,0.06262671,9.599305e-05
0,0.04132614,6.303813e-05
1,2.4377413,0.003770622
1,0.01710074,2.555811e-05
1,1.2973182,0.0020062304
1,0.032321963,4.910744e-05
0,0.005652247,7.845718e-06
1,0.0755589,0.00011600092
0,0.0028261137,3.4733014e-06
1,0.016021747,2.388876e-05
1,0.067324564,0.00010326126
0,0.007395216,1.05423305e-05
1,0.01685883,2.5183841e-05
0,0.007008968,9.944752e-06
0,0.0029096731,3.6025797e-06
0,0.004750578,6.4507126e-06
1,0.047847047,7.3126874e-05
0,0.004249088,5.674838e-06
0,0.002215733,2.5289587e-06
1,0.0852707,0.0001310264
1,0.15798357,0.00024352322
1,0.061365478,9.4041745e-05
0,0.005600461,7.765598e-06
1,0.020268204,3.0458612e-05
0,0.0021899855,2.4891237e-06
1,0.44819197,0.0006925155
1,0.020565633,3.0918774e-05
0,0.0017013381,1.7331191e-06
0,0.019324005,2.8997805e-05
1,0.07791109,0.00011964007
1,0.05918601,9.066981e-05
0,0.0012267692,9.988958e-07
1,1.0208622,0.001578515
1,0.018189263,2.7242204e-05
1,0.016618116,2.4811423e-05
0,0.0031822356,4.0242708e-06
1,0.077908576,0.000119636185
0,0.005909835,8.244242e-06
1,0.049678095,7.595976e-05
1,0.027046522,4.09456e-05
0,0.0021494788,2.4264543e-06
1,0.09204382,0.00014150534
0,0.0017620032,1.8269762e-06
1,3.8544874,0.0059625227
1,0.08202733,0.00012600847
0,0.0022642354,2.6039986e-06
1,0.0396705,6.0476636e-05
0,0.0046347766,6.2715517e-06
1,4.061815,0.0062832865
0,0.009496778,1.3793737e-05
0,0.008058129,1.1567948e-05
1,2.33568,0.003612719
1,1.1479061,0.0017750694
1,0.07539764,0.00011575143
1,0.07977114,0.00012251783
1,0.13784486,0.00021236586
1,0.062324833,9.5526004e-05
1,0.14125353,0.00021763954
1,1.2094531,0.0018702911
0,0.009106833,1.3190437e-05
0,0.011928159,1.7555418e-05
1,0.07004681,0.00010747296
1,0.070159756,0.0001076477
1,0.122940354,0.00018930653
0,0.00092294405,5.288365e-07
1,4.060697,0.006281557
0,0.030517515,4.6315705e-05
1,0.07124878,0.00010933256
0,0.0032470683,4.1245758e-06
0,0.043757338,6.6799534e-05
1,0.05767519,8.833237e-05
1,0.04179577,6.3764724e-05
0,0.005743367,7.986693e-06
1,0.11338096,0.00017451684
1,0.08253873,0.00012679967
1,0.012718442,1.8778093e-05
0,0.0023833585,2.7882984e-06
1,2.2955985,0.0035507076
1,0.044868343,6.851841e-05
1,0.116394214,0.00017917877
1,0.07638906,0.000117285286
1,0.085284114,0.00013104716
1,0.13127048,0.0002021944
1,0.023900645,3.6078498e-05
0,0.005457615,7.5445955e-06
0,0.01001248,1.4591599e-05
1,0.050028976,7.650262e-05
1,0.0411367,6.274505e-05
0,0.03148138,4.7806938e-05
1,2.5243912,0.0039046812
0,0.008552447,1.2332726e-05
1,0.08518101,0.00013088765
1,2.600514,0.0040224534
0,0.0024160068,2.8388097e-06
1,0.055322845,8.469296e-05
1,0.88685256,0.0013711837
1,0.09912814,0.00015246577
1,5.8963757,0.009121604
0,0.012488199,1.8421877e-05
0,0.0082278745,1.1830568e-05
1,0.117207505,0.00018043703
0,0.0064732083,9.115858e-06
0,0.002621464,3.1566801e-06
1,0.053561628,8.1968115e-05
0,0.011360706,1.667749e-05
0,0.0043222723,5.7880643e-06
1,0.04549758,6.949193e-05
0,0.008467881,1.2201892e-05
1,0.23890124,0.00036871398
0,0.08172971,0.000125548
1,0.093991116,0.00014451808
1,0.048876878,7.472016e-05
0,0.0075640744,1.0803577e-05
0,0.0045814584,6.189061e-06
0,0.025866129,3.911937e-05
1,0.5548789,0.0008575748
1,0.110195346,0.00016958825
1,0.07293685,0.00011194424
1,0.06482749,9.939794e-05
1,0.061901078,9.48704e-05
1,0.01656846,2.4734598e-05
0,0.009919219,1.4447311e-05
1,0.05762176,8.82497e-05
0,0.008643657,1.2473841e-05
0,0.024174353,3.6501962e-05
0,0.013349389,1.9754256e-05
0,0.0016606532,1.6701739e-06
1,0.07453239,0.00011441276
0,0.006699345,9.4657225e-06
1,0.07884481,0.00012108467
1,0.03922131,5.9781672e-05
0,0.004799204,6.5259433e-06
0,0.011062125,1.6215543e-05
1,1.7190045,0.0026586372
1,2.0245109,0.0031312976
0,0.007262954,1.0337703e-05
1,0.5349906,0.0008268049
1,0.074974835,0.00011509729
1,0.045216784,6.9057496e-05
1,0.048421346,7.401539e-05
1,0.27011985,0.00041701348
1,0.08331651,0.00012800301
1,4.90853,0.007593272
1,0.061293665,9.393064e-05
0,0.002468008,2.919263e-06
1,0.08370076,0.0001285975
1,0.08194661,0.00012588358
0,0.0024627275,2.9110931e-06
1,0.04143861,6.3212145e-05
0,0.003482703,4.4891353e-06
1,0.039796587,6.0671708e-05
1,4.7094793,0.0072853127
0,0.007848954,1.1244326e-05
0,0.0021682105,2.4554347e-06
0,0.009789463,1.4246561e-05
1,0.48855582,0.00075496396
0,0.006686037,9.445133e-06
0,0.0055806926,7.735013e-06
1,0.061329257,9.3985705e-05
1,0.013474782,1.9948257e-05
1,4.8259964,0.0074655805
1,0.29149055,0.00045007688
1,0.01374766,2.0370437e-05
1,0.11804933,0.00018173945
1,0.66884655,0.0010338984
1,0.05317522,8.1370286e-05
1,0.021179166,3.1867996e-05
1,0.02505443,3.7863563e-05
0,0.0038624771,5.0766985e-06
0,0.0073769637,1.0514092e-05
0,0.009807748,1.42748495e-05
1,0.02478258,3.7442973e-05
1,0.06864502,0.0001053042
1,0.09117953,0.00014016818
0,0.0063238125,8.884722e-06
1,2.1225328,0.0032829512
0,0.01819443,2.7250198e-05
0,0.027283683,4.1312524e-05
0,0.0021301568,2.3965606e-06
0,0.010541096,1.5409441e-05
1,0.07380081,0.000113280905
0,0.008171573,1.1743462e-05
0,0.0059577664,8.318399e-06
0,0.011675119,1.716393e-05
1,0.642043,0.0009924297
1,2.1870215,0.003382724
1,0.06931843,0.00010634605
1,0.09915091,0.000152501
1,0.08435439,0.00012960876
0,0.0025856004,3.1011946e-06
1,0.08720742,0.00013402278
0,0.0030029512,3.7468935e-06
0,0.006382866,8.976086e-06
0,0.0045665177,6.1659457e-06
0,0.006488289,9.13919e-06
1,0.09091718,0.00013976228
0,0.0014066974,1.2772695e-06
0,0.008170506,1.1741811e-05
1,0.7800363,0.0012059242
1,0.08211409,0.0001261427
0,0.010240316,1.4944093e-05
1,0.04659662,7.119229e-05
0,0.010193186,1.4871175e-05
0,0.004293179,5.7430534e-06
0,0.06089238,9.33098e-05
1,0.06729755,0.00010321947
0,0.0036684696,4.776542e-06
0,0.003488149,4.497561e-06
1,0.030938393,4.696686e-05
1,0.015581923,2.3208291e-05
0,0.0033143503,4.2286706e-06
1,0.055752374,8.5357504e-05
0,0.0024092684,2.8283846e-06
0,0.0052861893,7.2793764e-06
0,0.020464107,3.07617e-05
1,0.074025236,0.00011362813
1,4.9767237,0.007698776
1,0.11918907,0.00018350278
0,0.009831334,1.4311341e-05
1,0.012739218,1.8810237e-05
1,0.08248595,0.00012671802
0,0.0024010036,2.8155978e-06
0,0.0038788894,5.10209e-06
0,0.011567606,1.6997592e-05
1,0.101112716,0.00015553618
1,0.054266185,8.305816e-05
0,0.00976208,1.4204196e-05
0,0.021213291,3.192079e-05
1,0.016532362,2.467875e-05
0,0.04082487,6.22626e-05
1,3.8567808,0.005966071
1,1.0538803,0.0016295987
0,0.009071073,1.3135112e-05
1,5.0693874,0.00784214
1,4.3623366,0.0067482353
1,0.08092187,0.00012429817
1,5.1423244,0.007954983
0,0.052974056,8.1059065e-05
0,0.008993545,1.3015166e-05
1,1.6600615,0.0025674442
1,0.07370674,0.00011313537
1,0.035329726,5.3760858e-05
1,0.048861306,7.469607e-05
0,0.06455491,9.897623e-05
0,0.0096878065,1.4089284e-05
0,0.004944703,6.7510505e-06
1,0.013521572,2.0020645e-05
1,0.016138965,2.4070114e-05
1,0.022110078,3.3308246e-05
0,0.0025217074,3.0023432e-06
0,0.008057402,1.15668245e-05
0,0.00095417176,5.7715005e-07
0,0.038645275,5.889047e-05
0,0.016301122,2.432099e-05
1,0.0593747,9.0961745e-05
1,0.017301096,2.5868087e-05
0,0.0054785963,7.5770567e-06
0,0.0020550478,2.2803565e-06
1,2.5575976,0.003956056
1,1.8774843,0.0029038272
0,0.06287883,9.638311e-05
1,0.07379772,0.000113276124
0,0.0058334237,8.126023e-06
0,0.0015823299,1.548997e-06
1,0.07346197,0.00011275668
0,0.0027654574,3.3794581e-06
0,0.0018305124,1.9329696e-06
1,2.282068,0.003529774
1,2.438923,0.00377245
0,0.010088148,1.4708667e-05
0,0.008090991,1.1618789e-05
0,0.08143273,0.00012508854
0,0.009612824,1.3973276e-05
0,0.00835214,1.2022823e-05
0,0.011340825,1.664673e-05
0,0.0032492522,4.127955e-06
0,0.0011823906,9.30236e-07
0,0.00308791,3.878336e-06
0,0.0010587128,7.3888947e-07
0,0.008956197,1.2957383e-05
1,0.025959164,3.926331e-05
1,0.07566867,0.00011617075
1,0.04050538,6.17683e-05
0,0.007705333,1.1022124e-05
1,0.69200987,0.0010697353
1,4.214676,0.0065197838
1,0.6772466,0.0010468945
0,0.002284185,2.6348634e-06
0,0.0056015425,7.767271e-06
1,0.077251725,0.00011861995
1,0.039962526,6.092844e-05
1,0.079432644,0.00012199413
1,0.087139726,0.00013391805
1,0.012411421,1.830309e-05
0,0.0074071544,1.05608015e-05
1,0.094737716,0.00014567318
1,0.07003312,0.00010745177
0,0.004578116,6.1838896e-06
0,0.010967896,1.6069758e-05
0,0.008217948,1.1815209e-05
1,5.1397643,0.007951022
1,0.06556679,0.00010054175
0,0.041240644,6.290586e-05
1,0.043478344,6.6367895e-05
1,0.07960244,0.00012225684
0,0.002631787,3.1726515e-06
1,4.808692,0.007438808
1,0.8178456,0.0012644205
1,0.08910166,0.00013695343
0,0.005325699,7.3405035e-06
0,0.0038865618,5.1139605e-06
1,0.10542527,0.0001622083
0,0.006273042,8.806173e-06
0,0.018957127,2.8430195e-05
1,0.03549169,5.401144e-05
1,0.8899502,0.0013759763
0,0.011935823,1.7567274e-05
0,0.0029858332,3.7204095e-06
1,0.0700244,0.00010743828
1,0.15871213,0.0002446504
1,2.8080332,0.0043435143
1,2.0488758,0.0031689936
1,0.024018103,3.6260222e-05
1,0.015950661,2.377878e-05
0,0.0024727276,2.9265645e-06
1,1.7114174,0.0026468989
0,0.008766793,1.2664349e-05
1,0.071473844,0.000109680775
1,0.034064718,5.1803716e-05
0,0.02456582,3.7107613e-05
0,0.047140103,7.203314e-05
0,0.0059611215,8.323589e-06
0,0.002179415,2.4727697e-06
1,0.1421881,0.00021908544
0,0.0034900387,4.5004845e-06
0,0.038754605,5.9059617e-05
0,0.006281369,8.819056e-06
0,0.0069304206,9.8232285e-06
1,0.0838407,0.00012881399
1,0.054143097,8.286773e-05
1,0.09223024,0.00014179376
1,0.016158791,2.4100787e-05
1,0.078063354,0.00011987565
1,0.4387515,0.0006779098
0,0.0056894384,7.903258e-06
1,1.0878456,0.0016821475
1,2.2388315,0.003462881
1,0.058934785,9.028113e-05
1,0.018586604,2.7856946e-05
1,0.08010697,0.0001230374
1,0.011581879,1.7019674e-05
0,0.0024320788,2.8636755e-06
1,0.10221737,0.00015724523
0,0.011185933,1.6407092e-05
0,0.0049200486,6.7129067e-06
0,0.0057456912,7.990289e-06
1,0.033150226,5.0388873e-05
0,0.016539456,2.4689727e-05
1,0.128514,0.00019792974
0,0.003726221,4.8658912e-06
1,0.037184525,5.6630488e-05
1,0.06390188,9.79659e-05
0,0.01344203,1.9897585e-05
0,0.0063867522,8.982099e-06
0,0.11761949,0.00018107443
1,0.36616296,0.00056560535
0,1.197761,0.0018522019
1,0.07597841,0.00011664996
1,0.54982615,0.0008497575
0,0.006019037,8.4131925e-06
0,0.003721659,4.858833e-06
0,0.023463057,3.540149e-05
0,0.0046526836,6.2992563e-06
0,0.009375292,1.3605781e-05
1,0.01732513,2.590527e-05
0,0.0033728578,4.31919e-06
0,0.014876218,2.211647e-05
0,0.0016824766,1.7039378e-06
0,0.004198218,5.596136e-06
1,0.07857402,0.00012066572
0,0.001348134,1.1866638e-06
0,0.096657775,0.00014864378
0,0.0034291104,4.4062203e-06
1,0.014260425,2.1163754e-05
1,0.14749448,0.00022729514
1,0.6387874,0.0009873927
1,0.06820474,0.00010462302
1,0.2669157,0.00041205622
0,0.0016856199,1.7088009e-06
0,0.0035895174,4.654392e-06
0,0.0066724466,9.424107e-06
1,0.09119978,0.00014019951
0,0.031017857,4.70898e-05
1,0.05695553,8.7218956e-05
1,0.032789614,4.9830956e-05
0,0.002648375,3.1983152e-06
1,0.058050655,8.891326e-05
0,0.0067083742,9.479692e-06
0,0.002858879,3.5239939e-06
0,0.0045231176,6.0987995e-06
1,0.658653,0.0010181277
0,0.02419737,3.653757e-05
0,0.10454071,0.00016083976
1,0.08524758,0.00013099064
0,0.018185709,2.7236705e-05
1,0.012471069,1.8395373e-05
0,0.0026979933,3.2750818e-06
1,0.39625138,0.0006121563
1,0.01645542,2.455971e-05
0,0.0033718683,4.3176587e-06
1,0.023665212,3.571425e-05
1,0.7539914,0.0011656292
0,0.010988802,1.6102102e-05
0,0.0074948766,1.0696519e-05
0,0.01269406,1.8740371e-05
0,0.005255807,7.232371e-06
1,0.017464584,2.6121026e-05
1,3.1657333,0.0048969258
1,2.3112967,0.0035749949
1,0.018778522,2.8153869e-05
1,0.07301682,0.00011206797
1,0.1017731,0.00015655789
1,0.0645129,9.891124e-05
0,0.0028012742,3.4348716e-06
1,0.032187916,4.890005e-05
1,1.9924806,0.0030817422
0,0.0033981656,4.358344e-06
1,0.13167879,0.0002028261
0,0.0034229031,4.396617e-06
1,0.013922002,2.0640167e-05
0,0.0024996507,2.9682185e-06
1,0.42773882,0.0006608717
1,0.056182075,8.602231e-05
1,0.062450908,9.572106e-05
1,0.059669904,9.1418464e-05
0,0.014262409,2.1166823e-05
1,2.3161013,0.0035824282
0,0.0044441014,5.9765507e-06
1,0.038648427,5.8895344e-05
1,0.16229144,0.00025018808
1,0.042106286,6.424513e-05
0,0.0036770229,4.789775e-06
0,0.008896481,1.2864995e-05
0,0.002793327,3.422576e-06
1,0.05301123,8.111658e-05
0,0.005239976,7.2078783e-06
1,0.077920094,0.00011965401
0,0.040632922,6.1965635e-05
0,0.00217962,2.473087e-06
1,2.321854,0.0035913286
0,0.00535681,7.3886363e-06
1,0.026140524,3.95439e-05
1,0.07731282,0.00011871447
1,0.26150164,0.0004036799
0,0.01924808,2.8880339e-05
0,0.009883811,1.439253e-05
0,0.0047900323,6.5117533e-06
0,0.008674584,1.252169e-05
0,0.014043582,2.0828267e-05
0,0.0030570917,3.8306566e-06
1,0.04244151,6.4763764e-05
1,0.07797953,0.00011974596
1,1.3952826,0.002157795
1,0.013838191,2.0510499e-05
1,0.03727772,5.6774676e-05
1,0.072230525,0.00011085146
1,12.418305,0.019211927
0,0.0073845834,1.05258805e-05
1,0.018893544,2.8331824e-05
1,3.3616798,0.005200082
0,0.0013108014,1.1289051e-06
1,0.06243718,9.569982e-05
0,0.0039163013,5.1599714e-06
0,0.013363449,1.9776007e-05
0,0.014367418,2.1329286e-05
1,0.01346019,1.992568e-05
1,0.120865904,0.00018609708
0,0.0267824,4.053697e-05
0,0.083876066,0.00012886872
1,0.074778,0.000114792754
1,0.082069166,0.0001260732
0,0.008802706,1.2719913e-05
0,0.0035568867,4.6039077e-06
1,2.2681112,0.0035081808
1,0.053524192,8.19102e-05
0,0.0027202256,3.309478e-06
1,0.106066816,0.00016320085
0,0.0021693914,2.4572619e-06
1,2.4275167,0.003754803
1,0.07000872,0.000107414024
1,2.040862,0.0031565952
0,0.0050861514,6.9698904e-06
0,0.04018443,6.1271756e-05
0,0.0090067005,1.3035519e-05
0,0.0049251835,6.7208507e-06
0,0.0024434105,2.8812071e-06
0,0.0025957825,3.1169477e-06
1,0.06615321,0.000101449026
1,2.9309874,0.0045337416
0,0.009283437,1.3463669e-05
0,0.039460585,6.0151866e-05
1,0.020307865,3.0519972e-05
1,0.7456111,0.0011526637
0,0.006155086,8.62368e-06
1,0.10872218,0.00016730907
0,0.002364249,2.7587332e-06
1,0.06782052,0.00010402858
0,0.008229779,1.1833515e-05
1,0.07951335,0.00012211899
1,0.07394685,0.00011350685
0,0.025617225,3.8734284e-05
1,0.03773044,5.7475096e-05
1,0.013189343,1.9506642e-05
1,0.37519825,0.0005795842
0,0.00219777,2.5011673e-06
0,0.04103083,6.258125e-05
1,0.07260486,0.00011143061
0,0.0020245682,2.2332003e-06
0,0.0039149895,5.157942e-06
0,0.0054114754,7.4732116e-06
1,0.023298379,3.514671e-05
0,0.0060558426,8.470136e-06
1,92.80132,0.1435755
0,0.0036537726,4.7538038e-06
0,0.0016354595,1.6311958e-06
0,0.008575111,1.2367791e-05
0,0.006286624,8.827186e-06
1,0.016543139,2.4695424e-05
1,0.032735936,4.974791e-05
1,0.22841184,0.00035248543
0,0.0013743882,1.2272827e-06
0,0.0066411993,9.3757635e-06
1,0.050390974,7.706268e-05
1,0.02215719,3.3381133e-05
0,0.042229448,6.443568e-05
1,0.6546991,0.0010120104
0,0.0036721218,4.7821927e-06
1,2.3161006,0.003582427
0,0.0014078243,1.279013e-06
1,0.027584499,4.1777927e-05
1,0.077036716,0.0001182873
1,0.075438224,0.00011581421
1,0.034882262,5.3068572e-05
0,0.04506644,6.882489e-05
0,0.0014047537,1.2742622e-06
1,0.036567908,5.5676497e-05
1,0.08493653,0.00013050939
0,0.025914626,3.91944e-05
0,0.008955847,1.2956842e-05
0,0.0030430881,3.8089906e-06
1,0.037033662,5.6397083e-05
0,0.0065955357,9.305115e-06
1,0.0863652,0.00013271975
1,0.09834169,0.00015124903
1,0.049562264,7.5780554e-05
1,0.021372575,3.2167227e-05
0,0.0020825618,2.3229247e-06
0,0.0073191663,1.0424671e-05
1,0.6530324,0.0010094318
0,0.005096331,6.985639e-06
1,0.071198344,0.000109254535
1,0.07452507,0.000114401446
1,9.110747,0.01409468
1,0.059846167,9.169116e-05
1,0.041172303,6.280013e-05
0,0.008099513,1.1631975e-05
1,0.012704456,1.8756456e-05
0,0.013480407,1.9956959e-05
1,1.1041896,0.0017074341
0,0.006967106,9.879986e-06
0,0.0018137835,1.9070876e-06
0,0.0013619184,1.2079902e-06
0,0.0027182547,3.306429e-06
1,0.15875593,0.00024471816
0,0.0027822508,3.4054394e-06
1,0.10628374,0.00016353646
1,0.025209228,3.8103055e-05
1,0.39893317,0.0006163054
0,0.028546162,4.326575e-05
1,0.02982471,4.524384e-05
1,0.05593052,8.5633124e-05
1,0.123362936,0.00018996034
1,0.050752245,7.762162e-05
0,0.01402923,2.0806063e-05
0,0.002021238,2.2280483e-06
1,0.031273253,4.7484937e-05
0,0.008665964,1.2508353e-05
1,0.036199763,5.5106928e-05
0,0.004418959,5.937652e-06
0,0.008186517,1.1766582e-05
1,0.07393307,0.000113485534
1,0.30617046,0.00047278873
0,0.008699991,1.2560998e-05
0,0.01309189,1.935587e-05
0,0.008705134,1.2568954e-05
0,0.0025433039,3.035756e-06
0,0.004667663,6.322431e-06
0,0.0016596249,1.668583e-06
1,0.32101926,0.00049576187
1,1.3755248,0.0021272267
1,0.017395936,2.6014819e-05
1,0.0428569,6.540643e-05
1,0.07898941,0.00012130838
1,0.052201334,7.986356e-05
1,0.1832854,0.00028266863
1,0.09400448,0.00014453876
1,0.011942646,1.757783e-05
1,0.0671912,0.00010305493
0,0.00637764,8.968001e-06
1,0.054076727,8.276505e-05
1,0.019022346,2.8531098e-05
0,0.0080202175,1.1509294e-05
1,0.05631033,8.622074e-05
1,2.596721,0.004016585
0,0.029497286,4.473727e-05
1,0.036987286,5.6325334e-05
1,0.07934663,0.00012186105
1,0.017801614,2.664246e-05
1,1.3781929,0.0021313548
0,0.002258591,2.5952659e-06
1,0.08122391,0.00012476547
1,0.069113895,0.000106029605
1,2.3042119,0.0035640334
0,0.0062852087,8.824997e-06
1,0.047397383,7.243118e-05
1,0.14172743,0.00021837273
0,0.0020127352,2.2148934e-06
0,0.026719684,4.0439936e-05
1,0.08103645,0.00012447544
0,0.0036800504,4.7944586e-06
1,0.1531576,0.00023605677
1,0.018076655,2.7067983e-05
1,0.04320337,6.594247e-05
1,0.08220268,0.00012627976
1,5.860838,0.009066623
0,0.0012622008,1.0537133e-06
0,0.003422284,4.395659e-06
1,0.0866297,0.00013312897
1,0.24688871,0.00038107167
1,2.2678297,0.0035077452
0,0.010656286,1.5587655e-05
1,3.2750287,0.005066021
0,0.025415637,3.8422397e-05
0,0.039021425,5.9472426e-05
1,0.08880396,0.00013649285
1,5.1040483,0.007895765
1,4.4668446,0.006909923
0,0.0030190707,3.7718323e-06
1,0.017349875,2.5943555e-05
1,5.8786488,0.009094179
0,0.00208547,2.3274238e-06
0,0.015715558,2.3415045e-05
0,0.008617861,1.2433931e-05
0,0.0038569877,5.068205e-06
0,0.0065979264,9.308814e-06
1,0.017934022,2.6847312e-05
1,0.08725662,0.0001340989
1,0.48488843,0.00074929
0,0.0031306809,3.9445085e-06
0,0.009442375,1.3709568e-05
0,0.002281777,2.631138e-06
0,0.009222822,1.33698895e-05
1,0.11986667,0.00018455113
0,0.01194533,1.7581982e-05
1,0.018518671,2.7751845e-05
1,5.3806515,0.008323709
1,0.05568847,8.525864e-05
1,0.0881054,0.00013541208
1,0.45109823,0.0006970119
1,0.013593362,2.0131714e-05
1,2.3374288,0.0036154247
1,0.16232057,0.00025023313
0,0.013340144,1.9739953e-05
1,0.08824327,0.00013562538
0,0.0016868846,1.7107575e-06
0,0.0053504063,7.378729e-06
1,0.09689592,0.00014901222
1,0.078027435,0.00011982008
0,0.0074758925,1.0667149e-05
1,0.03325613,5.055272e-05
0,0.013749351,2.037305e-05
1,0.047561113,7.2684496e-05
1,0.8948128,0.0013834994
1,0.39670953,0.0006128651
1,0.31483766,0.00048619809
0,0.0055078985,7.622391e-06
0,0.004612721,6.2374284e-06
1,0.16947149,0.0002612966
1,0.10387408,0.00015980839
1,0.06422125,9.846001e-05
1,0.42227963,0.0006524256
1,0.06511715,9.98461e-05
1,7.373786,0.011407361
0,0.0037383805,4.8847037e-06
1,1.808633,0.0027973047
0,0.0041771177,5.5634905e-06
1,0.014358707,2.131581e-05
1,1.3874546,0.0021456839
1,0.012941297,1.9122881e-05
1,0.11079442,0.00017051511
0,0.00909563,1.3173105e-05
0,0.004655988,6.3043685e-06
1,0.08660399,0.0001330892
1,0.089573115,0.00013768283
1,0.075327285,0.00011564257
0,0.0075519322,1.0784792e-05
1,0.08229326,0.0001264199
1,0.08237799,0.00012655099
1,3.763917,0.005822398
1,0.016284954,2.4295976e-05
0,0.0019305976,2.0878151e-06
1,1.3964792,0.0021596462
1,0.17522612,0.00027019982
1,0.64709353,0.0010002436
0,0.003506766,4.526364e-06
0,0.0072589004,1.0331431e-05
1,0.030723194,4.663392e-05
1,0.014620087,2.17202e-05
1,4.7950506,0.007417703
1,0.059357524,9.0935166e-05
1,0.06643887,0.000101890975
1,0.039223675,5.9785332e-05
1,3.2748492,0.005065743
0,0.0058352887,8.128909e-06
0,0.0021188792,2.3791126e-06
0,0.005680052,7.888736e-06
0,0.003908841,5.1484294e-06
0,0.0059303064,8.275914e-06
1,0.08549382,0.0001313716
0,0.008361902,1.2037927e-05
0,0.011194521,1.6420378e-05
0,0.006873471,9.735119e-06
0,0.018888589,2.8324157e-05
1,0.06492381,9.954697e-05
0,0.0035703843,4.6247906e-06
1,0.03405482,5.1788404e-05
0,0.003969701,5.242588e-06
1,0.056022152,8.577489e-05
1,0.088496536,0.00013601722
1,0.059845645,9.169036e-05
0,0.010155542,1.4812935e-05
1,0.065562494,0.0001005351
1,2.4378393,0.0037707735
1,0.023476355,3.542206e-05
1,0.087077275,0.00013382142
0,0.0037981335,4.9771497e-06
1,0.07325049,0.00011242949
1,5.784935,0.00894919
1,0.0958269,0.0001473583
0,0.0012467738,1.0298455e-06
0,0.0029023138,3.5911937e-06
0,0.010508157,1.5358479e-05
1,0.06715694,0.00010300193
1,0.059997797,9.192576e-05
1,1.1848973,0.0018322999
1,0.021185536,3.187785e-05
0,0.004131539,5.4929733e-06
1,1.2529974,0.00193766
1,0.06735292,0.00010330514
1,0.07815551,0.00012001823
1,0.017339414,2.5927371e-05
0,0.005006034,6.8459376e-06
1,2.1187496,0.003277098
0,0.0059483657,8.303854e-06
0,0.0035886345,4.653026e-06
1,0.075073406,0.00011524979
0,0.00856523,1.2352504e-05
0,0.0016502184,1.6540299e-06
1,0.03945652,6.0145576e-05
1,2.0688708,0.0031999284
0,0.047268074,7.223112e-05
1,1.333436,0.0020621098
0,0.033758853,5.1330502e-05
0,0.0043651746,5.85444e-06
0,0.0622813,9.545865e-05
1,0.018790547,2.8172473e-05
0,0.006487149,9.137426e-06
1,2.0245037,0.0031312865
1,0.068180054,0.000104584826
1,0.02565486,3.879251e-05
0,0.0057246406,7.957721e-06
1,0.022631517,3.4114983e-05
0,0.071609035,0.00010988993
1,0.07356367,0.00011291402
0,0.071495034,0.000109713554
0,0.0030125966,3.761816e-06
0,0.0071704155,1.0194533e-05
1,3.0174901,0.004667573
0,0.008063125,1.1575678e-05
1,1.3093112,0.0020247851
1,0.031005519,4.7070713e-05
0,0.018564839,2.7823273e-05
1,0.06817167,0.00010457186
1,0.011736591,1.7259035e-05
0,0.0044807293,6.033219e-06
0,0.011664463,1.7147444e-05
1,0.0192552,2.8891356e-05
0,0.005211871,7.164396e-06
1,0.7117132,0.0011002191
0,0.01164428,1.7116217e-05
1,0.07140047,0.000109567256
1,0.07200351,0.000110500245
1,0.026655173,4.034013e-05
1,0.053523943,8.190981e-05
0,0.0052462053,7.2175158e-06
1,0.083973445,0.00012901938
0,0.0051708245,7.1008913e-06
0,0.004142095,5.509305e-06
1,1.8787887,0.0029058452
1,0.01749196,2.6163381e-05
0,0.010824133,1.5847338e-05
0,0.010706461,1.5665282e-05
1,0.091875665,0.0001412452
1,0.081732385,0.00012555215
0,0.0016895314,1.7148525e-06
0,0.0017256334,1.7707073e-06
1,0.045586225,6.962907e-05
0,0.0061350656,8.592705e-06
0,0.0074315486,1.0598542e-05
0,0.0017745516,1.8463904e-06
0,0.01351589,2.0011856e-05
0,0.002620438,3.155093e-06
1,0.046600807,7.1198774e-05
1,0.04765684,7.2832605e-05
1,0.13514195,0.0002081841
0,0.015682865,2.3364464e-05
1,0.124157436,0.00019118954
1,0.0695896,0.00010676559
0,0.015617345,2.3263095e-05
1,0.52306205,0.00080834975
1,0.096217856,0.00014796316
0,0.0017815687,1.857247e-06
1,1.1121271,0.0017197144
1,0.13329226,0.00020532236
1,0.102938995,0.00015836168
0,0.0058720075,8.185718e-06
1,0.6751795,0.0010436963
1,0.16365173,0.00025229264
0,0.007889057,1.130637e-05
1,0.08766333,0.00013472814
0,0.0061968905,8.6883565e-06
1,0.0645008,9.889252e-05
1,0.093870685,0.00014433176
0,0.0028366416,3.48959e-06
1,0.08284052,0.00012726658
0,0.009411787,1.3662244e-05
1,0.8942718,0.0013826622
1,0.01400358,2.076638e-05
0,0.005798772,8.072412e-06
1,2.09711,0.0032436186
1,0.06931452,0.00010634
0,0.0152624305,2.2713994e-05
1,0.021173613,3.1859403e-05
1,1.998552,0.0030911355
1,0.06303947,9.663164e-05
0,0.010895105,1.5957141e-05
0,0.011175914,1.639159e-05
1,0.08853653,0.00013607909
0,0.008622352,1.244088e-05
1,0.05162705,7.897506e-05
0,0.020742401,3.119226e-05
1,0.07346178,0.00011275638
1,0.035153583,5.348834e-05
0,0.01164001,1.7109613e-05
0,0.009221922,1.3368496e-05
0,0.0036457493,4.7413905e-06
0,0.015641304,2.3300163e-05
0,0.00949991,1.3798583e-05
0,0.007485982,1.0682758e-05
0,0.008520586,1.2283434e-05
0,0.0036687907,4.7770386e-06
1,0.08456075,0.00012992801
0,0.007729975,1.1060249e-05
0,0.011656723,1.7135468e-05
1,1.5036193,0.0023254065
1,3.897365,0.006028861
1,5.3038845,0.008204939
0,0.0031801271,4.021009e-06
1,0.89674205,0.0013864841
0,0.042458497,6.4790045e-05
0,0.0019220772,2.0746327e-06
1,0.049058266,7.50008e-05
1,2.7696185,0.0042840815
0,0.015707714,2.3402908e-05
1,0.03674512,5.595067e-05
1,0.051332727,7.8519704e-05
0,0.005621494,7.7981385e-06
0,0.00953995,1.3860529e-05
1,0.061002586,9.34803e-05
1,5.878706,0.009094267
1,0.074973494,0.00011509521
1,0.09336384,0.0001435476
1,0.02088017,3.140541e-05
0,0.0042841677,5.7291113e-06
0,0.051853508,7.932542e-05
1,1.3327211,0.0020610036
1,0.015967969,2.3805558e-05
0,0.0066254428,9.351385e-06
1,0.06363283,9.7549644e-05
1,0.022177791,3.3413005e-05
0,0.0017373313,1.7888054e-06
1,0.011642108,1.7112856e-05
1,0.016903976,2.5253688e-05
0,0.003708417,4.838346e-06
1,3.0673106,0.004744652
0,0.14387628,0.0002216973
0,0.0027517257,3.358213e-06
1,3.3026521,0.005108758
1,0.08474692,0.00013021604
0,0.002524121,3.0060773e-06
1,0.01875627,2.8119443e-05
1,0.06889241,0.000105686944
1,1.5627534,0.0024168952
0,0.0019250598,2.0792475e-06
1,0.017943485,2.6861951e-05
0,0.0069253496,9.815382e-06
0,0.012654299,1.8678855e-05
1,0.056488473,8.649635e-05
1,0.077338696,0.000118754506
1,0.063543126,9.741086e-05
1,1.8218311,0.0028177241
0,0.005133598,7.043297e-06
0,0.010378084,1.51572385e-05
0,0.0056591816,7.856447e-06
1,4.698447,0.0072682444
0,0.06309343,9.671512e-05
1,0.030470539,4.6243025e-05
1,0.07079737,0.00010863417
0,0.0065806014,9.28201e-06
1,0.06656239,0.00010208208
1,0.088277325,0.00013567807
1,0.0739376,0.00011349255
1,0.034414936,5.2345553e-05
1,2.409553,0.003727011
0,0.033737194,5.1296993e-05
1,0.16962335,0.00026153153
1,0.08229699,0.00012642567
0,0.036180977,5.507786e-05
0,0.0018343834,1.9389583e-06
1,0.074390896,0.000114193856
1,0.023860926,3.6017045e-05
1,0.017368425,2.5972255e-05
0,0.002596709,3.1183806e-06
0,0.006852482,9.702647e-06
0,0.008364497,1.2041941e-05
1,0.017856093,2.6726744e-05
0,0.00425853,5.6894464e-06
1,0.055862132,8.552732e-05
1,2.2404752,0.003465424
1,0.14981313,0.00023088242
0,0.0036005757,4.671501e-06
0,0.03989292,6.082075e-05
0,0.009207653,1.334642e-05
1,0.019802582,2.973823e-05
1,0.059574507,9.127087e-05
1,0.015414774,2.294969e-05
0,0.009459267,1.3735703e-05
1,0.04326829,6.604291e-05
1,0.10187459,0.0001567149
1,0.06673435,0.00010234812
0,0.0064162225,9.0276935e-06
1,4.974287,0.0076950067
1,0.07057388,0.000108288405
0,0.029620368,4.4927696e-05
0,0.068099566,0.0001044603
0,0.0042034723,5.6042645e-06
1,5.2291017,0.00808924
0,0.010558807,1.5436843e-05
1,0.020449897,3.0739717e-05
0,0.008632452,1.2456506e-05
0,0.006815443,9.645342e-06
1,0.0958305,0.00014736387
1,0.05438353,8.323971e-05
1,0.08113222,0.0001246236
1,0.072153345,0.00011073206
0,0.021423869,3.2246586e-05
0,0.04105127,6.2612875e-05
0,0.010339243,1.5097146e-05
0,0.0027494354,3.3546698e-06
1,0.014743874,2.1911716e-05
1,0.015966976,2.3804023e-05
1,3.93509,0.0060872263
1,0.124864794,0.00019228391
1,0.07382665,0.000113320886
0,0.00687653,9.739852e-06
0,0.032302488,4.9077305e-05
1,0.07515417,0.00011537474
0,0.003741264,4.889165e-06
0,0.021476215,3.232757e-05
0,0.0044768145,6.0271623e-06
1,1.4884576,0.0023019493
1,0.047702264,7.2902876e-05
0,0.0066949385,9.458905e-06
0,0.008389526,1.2080665e-05
0,0.012394403,1.8276762e-05
1,0.09109053,0.00014003048
1,0.07143186,0.000109615816
1,0.07007631,0.000107518594
1,0.017547125,2.6248728e-05
1,0.04433823,6.769825e-05
0,0.0043928726,5.897293e-06
1,2.1613274,0.0033429717
1,0.9036937,0.0013972393
1,0.06451264,9.891083e-05
1,0.052778535,8.075657e-05
0,0.021811467,3.2846252e-05
1,0.040844906,6.22936e-05
0,0.04231375,6.4566106e-05
0,0.0022502209,2.5823163e-06
1,0.11031337,0.00016977086
1,0.087717034,0.00013481123
0,0.0028339995,3.485502e-06
1,1.3198442,0.0020410814
1,0.0936355,0.0001439679
0,0.00470976,6.3875614e-06
1,5.8787313,0.009094306
0,0.0062691653,8.800175e-06
0,0.004483671,6.03777e-06
1,2.039969,0.0031552135
0,0.009089998,1.3164392e-05
0,0.0043405187,5.816294e-06
0,0.005190959,7.1320424e-06
0,0.0076453015,1.0929248e-05
1,0.06240735,9.565366e-05
1,0.016543299,2.4695672e-05
1,0.5150738,0.0007959908
1,0.06963707,0.00010683903
1,0.027286354,4.1316656e-05
1,0.12007678,0.0001848762
0,0.005418388,7.4839063e-06
1,0.06954458,0.000106695945
1,0.04630398,7.073954e-05
1,0.12343648,0.00019007412
1,0.09863752,0.00015170671
1,0.10140293,0.00015598518
1,0.088277325,0.00013567807
1,0.24179895,0.00037319714
1,0.05791366,8.870131e-05
0,0.006342836,8.914154e-06
1,0.112097785,0.0001725316
1,0.06446262,9.883344e-05
0,0.0024740922,2.928676e-06
1,0.03540342,5.387487e-05
1,0.015232815,2.2668175e-05
0,0.0027417387,3.3427616e-06
1,0.02381608,3.5947665e-05
0,0.0052326834,7.1965956e-06
0,0.002176018,2.4675142e-06
0,0.0014036482,1.2725519e-06
0,0.004413493,5.929195e-06
0,0.0070311185,9.979022e-06
0,0.0034612247,4.4559056e-06
0,0.0029541063,3.6713236e-06
1,0.09201288,0.0001414575
0,0.010868874,1.591656e-05
1,0.09830606,0.0001511939
1,0.07887872,0.00012113714
1,0.015483188,2.3055536e-05
0,0.019032704,2.8547123e-05
0,0.007808427,1.1181624e-05
0,0.009645649,1.4024061e-05
0,0.006670176,9.420594e-06
1,2.307871,0.003569695
0,0.050776362,7.765893e-05
0,0.00258216,3.095872e-06
1,0.09000162,0.00013834579
1,0.605292,0.00093557086
0,0.006001019,8.3853165e-06
1,5.045901,0.007805803
1,0.18148375,0.0002798812
0,0.003601606,4.6730947e-06
0,0.0090457285,1.30959015e-05
0,0.0036391753,4.7312196e-06
1,0.0696742,0.00010689648
1,0.01770594,2.6494437e-05
1,0.15392119,0.00023723814
1,1.9996349,0.003092811
1,0.07285809,0.00011182239
1,0.09434623,0.0001450675
0,0.007231601,1.0289195e-05
0,0.008116376,1.1658064e-05
0,0.023312548,3.5168632e-05
0,0.017043047,2.546885e-05
1,0.09346675,0.00014370683
1,0.09608486,0.0001477574
1,0.015428755,2.297132e-05
0,0.010668785,1.5606993e-05
0,0.0012365674,1.0140549e-06
0,0.009629228,1.3998655e-05
0,0.0063316384,8.89683e-06
0,0.0035548126,4.600699e-06
1,0.0748668,0.000114930146
1,0.055711195,8.5293796e-05
0,0.006308753,8.861423e-06
1,0.07477926,0.000114794704
1,2.8090677,0.004345115
1,0.014805485,2.2007036e-05
0,0.0059270062,8.270808e-06
1,0.084168166,0.00012932063
0,0.004691363,6.3590983e-06
0,0.006593236,9.301557e-06
0,0.0028694004,3.5402722e-06
0,0.019566575,2.9373095e-05
1,2.4240963,0.0037495114
1,0.058713414,8.9938636e-05
1,0.025998231,3.932375e-05
0,0.011292734,1.6572329e-05
0,0.030017674,4.5542383e-05
0,0.0020728728,2.3079344e-06
0,0.007805261,1.1176727e-05
1,0.051911097,7.9414516e-05
1,2.4562774,0.0037992997
1,0.07158986,0.00010986026
1,0.05050943,7.7245946e-05
0,0.0030191499,3.7719549e-06
1,0.2281838,0.00035213263
0,0.007758649,1.1104612e-05
0,0.006622986,9.347585e-06
0,0.0038790726,5.1023735e-06
1,0.024761211,3.740991e-05
1,0.05423766,8.3014034e-05
0,0.010079093,1.4694659e-05
1,2.3646646,0.0036575622
1,0.052665826,8.058219e-05
0,0.004093372,5.433924e-06
0,0.004910529,6.6981784e-06
1,0.12565166,0.0001935013
0,0.007819704,1.1199071e-05
0,0.020614812,3.0994863e-05
1,0.057285003,8.7728695e-05
0,0.0032717849,4.1628164e-06
0,0.0026084972,3.1366187e-06
0,0.006594537,9.30357e-06
1,0.04555869,6.958647e-05
1,0.09677241,0.00014882113
0,0.002655712,3.2096664e-06
0,0.009492929,1.3787782e-05
1,0.015160608,2.255646e-05
0,0.0052086,7.159335e-06
1,0.020203486,3.0358484e-05
0,0.01381493,2.0474512e-05
1,0.07409452,0.00011373532
0,0.013553727,2.0070394e-05
1,0.05001522,7.648134e-05
0,0.034164596,5.1958243e-05
0,0.002267818,2.6095413e-06
1,0.016162734,2.4106888e-05
1,0.015571877,2.319275e-05
1,1.4037117,0.0021708359
1,0.07863715,0.0001207634
0,0.008390893,1.208278e-05
1,0.13588691,0.00020933663
0,0.007886071,1.130175e-05
1,0.07514344,0.00011535815
0,0.00300407,3.748624e-06
1,0.06947239,0.000106584244
1,4.0382543,0.006246835
0,0.0102484105,1.4956616e-05
0,0.07013743,0.00010761316
1,0.045447715,6.941478e-05
1,0.070830636,0.00010868564
0,0.0017969018,1.8809693e-06
0,0.0039146896,5.157478e-06
0,0.0028201123,3.4640163e-06
0,0.0027595912,3.370382e-06
1,5.608287,0.008675891
0,0.00084456225,4.0756908e-07
0,0.0045539676,6.146529e-06
1,0.057769995,8.847904e-05
0,0.0015033322,1.4267767e-06
0,0.0067029316,9.471271e-06
1,0.014641712,2.1753658e-05
0,0.0016021469,1.5796567e-06
0,0.009554521,1.3883074e-05
0,0.0027867218,3.412357e-06
0,0.009722719,1.4143298e-05
1,5.3485084,0.008273979
0,0.0030667025,3.8455255e-06
0,0.0023085596,2.6725743e-06
1,0.13834319,0.00021313684
0,0.0057298327,7.965754e-06
0,0.0045566256,6.150641e-06
1,0.10047835,0.00015455473
0,0.006185657,8.670976e-06
1,0.06089802,9.331853e-05
1,0.066059805,0.00010130451
0,0.0071635144,1.0183857e-05
0,0.012620507,1.8626575e-05
1,0.015914336,2.3722581e-05
1,0.041390542,6.313778e-05
0,0.0020604923,2.28878e-06
1,5.2780004,0.008164893
1,0.012015961,1.769126e-05
0,0.0020145143,2.2176457e-06
1,0.6365032,0.0009838588
0,0.0042520114,5.679361e-06
1,0.077031195,0.00011827876
1,0.36782086,0.00056817033
1,0.076081395,0.000116809286
0,0.0057633333,8.017584e-06
0,0.0024333328,2.8656157e-06
1,0.0568019,8.6981265e-05
0,0.0105886515,1.5483016e-05
1,1.7186607,0.0026581052
1,2.2847888,0.0035339834
0,0.005405371,7.463767e-06
0,0.004769395,6.4798246e-06
1,4.4210806,0.0068391203
0,0.001141244,8.665765e-07
1,0.0563921,8.6347245e-05
1,0.088314325,0.00013573532
1,0.05358718,8.200765e-05
0,0.0026211415,3.1561815e-06
1,0.0766268,0.0001176531
1,0.25340012,0.00039114576
1,0.06646896,0.000101937534
1,0.013624199,2.0179425e-05
0,0.006549204,9.233433e-06
1,0.06570326,0.000100752884
1,0.19652864,0.00030315775
1,0.074746534,0.00011474407
1,0.048527688,7.417992e-05
1,0.01750573,2.6184684e-05
0,0.004572004,6.1744336e-06
0,0.005421004,7.487953e-06
0,0.006904944,9.783812e-06
1,3.807102,0.0058892113
1,0.09216379,0.00014169095
1,0.08542845,0.00013127046
1,0.038586896,5.880015e-05
1,0.49964422,0.0007721192
0,0.0027413121,3.3421018e-06
0,0.003075361,3.8589214e-06
0,0.0040491703,5.365538e-06
0,0.009896099,1.441154e-05
1,0.04729649,7.227509e-05
1,1.2190199,0.0018850922
0,0.00595842,8.31941e-06
0,0.009341079,1.3552849e-05
1,2.296302,0.003551796
0,0.0019623677,2.1369676e-06
0,0.0021380773,2.4088147e-06
0,0.007723,1.10494575e-05
1,0.012574881,1.8555986e-05
1,3.154598,0.0048796977
1,0.01986444,2.9833933e-05
1,0.07346499,0.00011276135
1,1.112628,0.0017204894
0,0.0049719075,6.793139e-06
1,0.0346479,5.2705982e-05
1,0.028557915,4.3283933e-05
0,0.0118278805,1.7400273e-05
1,0.12699129,0.00019557388
1,8.111453,0.012548634
1,0.09137273,0.00014046708
0,0.0013746136,1.2276314e-06
1,0.042410888,6.471639e-05
1,0.07295534,0.00011197285
0,0.0059646885,8.329108e-06
1,0.063576415,9.746236e-05
0,0.0017710652,1.8409964e-06
1,0.088283025,0.00013568689
1,0.083858706,0.00012884186
0,0.008611514,1.2424112e-05
0,0.0019140122,2.0621553e-06
1,0.040010862,6.1003222e-05
1,0.07521845,0.000115474184
0,0.002212921,2.5246081e-06
1,3.440484,0.005322003
0,0.0059514428,8.308615e-06
0,0.0067732045,9.579993e-06
0,0.0038001845,4.980323e-06
1,1.8338708,0.002836351
1,0.07827231,0.000120198936
0,0.022758959,3.4312154e-05
1,1.7730774,0.0027422954
1,0.59840584,0.000924917
1,0.07831471,0.00012026453
1,0.0884035,0.00013587328
1,0.066507466,0.0001019971
1,1.1140646,0.001722712
1,4.946599,0.007652169
0,0.0019104615,2.0566617e-06
0,0.006922988,9.81173e-06
0,0.005985586,8.3614395e-06
1,0.082992725,0.00012750206
1,0.06545518,0.00010036908
1,0.1278286,0.00019686933
0,0.003771682,4.936226e-06
1,2.52666,0.0039081913
0,0.006136916,8.595568e-06
1,0.0761665,0.00011694096
1,0.18381436,0.000283487
0,0.0013719349,1.2234871e-06
1,0.0161077,2.4021743e-05
1,5.083667,0.007864232
1,0.059954498,9.185877e-05
0,0.0037552018,4.910729e-06
0,0.043359082,6.618338e-05
0,0.008875634,1.2832741e-05
1,0.080929354,0.00012430975
0,0.007328252,1.0438728e-05
0,0.007982589,1.1451078e-05
1,0.070873946,0.00010875265
0,0.0017424067,1.7966579e-06
0,0.004434867,5.9622635e-06
0,0.0014877339,1.4026441e-06
1,3.3748071,0.005220392
1,0.016329212,2.436445e-05
0,0.007129671,1.0131496e-05
0,0.0038973591,5.130665e-06
0,0.0033187282,4.235444e-06
1,0.015631834,2.328551e-05
1,0.1155518,0.00017787542
1,29.624771,0.045832694
1,0.07237855,0.00011108048
0,0.0028955035,3.5806574e-06
1,0.08972115,0.00013791186
0,0.0057928716,8.0632835e-06
1,0.02652255,4.0134946e-05
1,0.062931575,9.646471e-05
0,0.0016683455,1.6820751e-06
1,0.048678704,7.441356e-05
0,0.0055532823,7.692606e-06
1,0.092214204,0.00014176896
1,0.033620667,5.111671e-05
1,0.050832942,7.774647e-05
1,2.0611792,0.0031880285
1,0.0834265,0.00012817317
0,0.007379316,1.05177305e-05
1,0.051950842,7.947601e-05
1,0.025405547,3.8406786e-05
0,0.0023174908,2.686392e-06
0,0.003252426,4.1328653e-06
1,0.055700213,8.5276806e-05
0,0.010875527,1.5926851e-05
1,0.016986046,2.5380663e-05
0,0.0043987413,5.9063723e-06
0,0.010074749,1.46879365e-05
1,0.07637842,0.00011726883
0,0.0029581718,3.6776137e-06
0,0.0017646914,1.8311354e-06
1,0.078052394,0.00011985869
0,0.009987609,1.455312e-05
0,0.029932292,4.5410285e-05
0,0.020728813,3.117124e-05
1,0.07268945,0.00011156149
1,1.1310742,0.0017490281
0,0.0077523617,1.1094884e-05
1,4.7698455,0.007378707
1,0.020557117,3.09056e-05
0,0.011844376,1.7425793e-05
0,0.0044752485,6.02474e-06
0,0.0027493327,3.3545107e-06
1,0.014400728,2.1380822e-05
1,0.020654013,3.105551e-05
1,0.0700056,0.0001074092
1,0.07396522,0.00011353528
1,0.086309895,0.00013263419
1,0.08470535,0.00013015173
1,4.8704753,0.0075343954
1,0.112310156,0.00017286016
1,0.014511907,2.155283e-05
0,0.0020204952,2.2268991e-06
0,0.006641928,9.37689e-06
0,0.018732524,2.8082703e-05
1,0.07226067,0.0001108981
1,5.860978,0.00906684
0,0.003283919,4.1815897e-06
0,0.0025129663,2.9888195e-06
1,0.858572,0.0013274298
0,0.010840701,1.587297e-05
0,0.0045165685,6.0886673e-06
1,0.092497125,0.00014220669
1,0.06735953,0.00010331536
0,0.007358804,1.0485996e-05
1,0.06012979,9.212997e-05
1,2.255209,0.0034882193
0,0.0048586633,6.617935e-06
0,0.028862337,4.3754917e-05
0,0.0032924209,4.194743e-06
0,0.007262383,1.033682e-05
1,0.046330266,7.078021e-05
1,1.8083056,0.0027967982
0,0.002824259,3.470432e-06
1,0.015907625,2.3712199e-05
0,0.00432143,5.786761e-06
0,0.0018959257,2.034173e-06
0,0.0032514492,4.1313538e-06
1,0.07185228,0.000110266265
0,0.0020862375,2.3286113e-06
0,0.00383526,5.0345893e-06
0,0.03303198,5.0205934e-05
0,0.003939717,5.196199e-06
1,1.394404,0.0021564355
0,0.0038776621,5.100191e-06
1,0.016775437,2.505482e-05
1,0.041748855,6.369213e-05
0,0.003934796,5.1885854e-06
1,0.10460605,0.00016094085
0,0.018436009,2.7623955e-05
0,0.0017445879,1.8000325e-06
1,4.0601707,0.0062807426
0,0.012685306,1.8726829e-05
1,0.055174995,8.446422e-05
1,0.0125656305,1.8541674e-05
0,0.0021519465,2.4302724e-06
0,0.0020131771,2.215577e-06
1,0.04462119,6.8136025e-05
1,0.060350608,9.24716e-05
1,0.07400562,0.00011359777
1,0.39165077,0.0006050385
0,0.009565241,1.38996575e-05
0,0.0044073737,5.919728e-06
1,0.056384154,8.6334956e-05
0,0.008115732,1.1657068e-05
0,0.0067542773,9.55071e-06
0,0.004059359,5.3813014e-06
1,2.4634414,0.0038103834
0,0.005575493,7.726969e-06
1,0.04557717,6.961506e-05
0,0.008632748,1.2456964e-05
1,0.068742886,0.000105455605
1,0.018904116,2.834818e-05
0,0.0057165907,7.945267e-06
0,0.001352031,1.192693e-06
0,0.0037928778,4.9690184e-06
0,0.0068893475,9.759682e-06
0,0.0043154764,5.77755e-06
0,0.011440115,1.6800346e-05
0,0.0015194006,1.4516368e-06
1,0.08590812,0.00013201259
1,0.015508118,2.3094106e-05
1,0.018723687,2.8069033e-05
1,1.8553593,0.0028695967
1,0.80956376,0.0012516073
0,0.00551533,7.633888e-06
1,0.15146223,0.00023343379
0,0.01002299,1.460786e-05
1,0.025058443,3.786977e-05
1,0.036598068,5.5723158e-05
1,0.07391213,0.000113453134
1,0.07571192,0.00011623766
0,0.008137123,1.1690162e-05
1,3.0573144,0.0047291867
1,0.0929831,0.00014295854
0,0.008890539,1.2855802e-05
1,5.2060704,0.008053607
1,2.2933488,0.0035472268
0,0.0066048685,9.319554e-06
0,0.0028135323,3.4538366e-06
0,0.00590467,8.236251e-06
1,2.3198683,0.0035882562
0,0.0041381484,5.503199e-06
0,0.008717653,1.2588323e-05
0,0.002056891,2.2832085e-06
0,0.0016933247,1.7207212e-06
1,0.04250831,6.486712e-05
0,0.007118513,1.0114233e-05
0,0.0078774495,1.1288412e-05
1,0.09093145,0.00013978437
0,0.0015541674,1.5054258e-06
0,0.0032896842,4.1905087e-06
0,0.02938433,4.4562512e-05
1,0.08463795,0.00013004745
1,0.32449397,0.0005011377
1,0.4788612,0.00073996506
1,0.05519909,8.4501495e-05
1,0.35683146,0.0005511682
0,0.0363134,5.5282737e-05
1,0.05839332,8.9443405e-05
0,0.00492715,6.7238934e-06
0,0.002513299,2.9893342e-06
1,0.088831544,0.00013653553
0,0.03305322,5.0238792e-05
0,0.0044704834,6.0173675e-06
0,0.0025985478,3.1212257e-06
0,0.0023197362,2.6898658e-06
1,0.015066262,2.2410495e-05
0,0.0009121844,5.121899e-07
0,0.006933306,9.827692e-06
1,0.045928936,7.0159294e-05
1,0.077815235,0.00011949178
0,0.011504019,1.6899214e-05
0,0.00781554,1.1192629e-05
1,0.06535181,0.00010020914
1,0.08005929,0.00012296364
0,0.038901467,5.9286835e-05
0,0.0052752467,7.2624466e-06
0,0.0019071101,2.0514767e-06
0,0.011521611,1.6926433e-05
0,0.0046700616,6.3261423e-06
1,0.060236998,9.2295835e-05
0,0.035680644,5.430378e-05
1,0.13070789,0.00020132399
1,0.084256425,0.00012945718
1,0.07214478,0.0001107188
0,0.001499236,1.4204394e-06
1,0.786301,0.0012156166
0,0.0070211664,9.9636245e-06
0,0.0014303387,1.3138458e-06
1,0.12001582,0.00018478188
1,0.09702188,0.00014920709
1,0.09057763,0.00013923696
0,0.0025446424,3.0378267e-06
1,0.01718114,2.5682499e-05
0,0.0016361119,1.6322051e-06
0,0.010125928,1.4767118e-05
0,0.0022909844,2.645383e-06
1,2.0422761,0.003158783
1,4.0580096,0.0062773996
0,0.0038433976,5.04718e-06
1,0.016784837,2.5069365e-05
0,0.004858752,6.618072e-06
0,0.002252823,2.586342e-06
0,0.005391608,7.442474e-06
1,0.08037422,0.00012345088
0,0.0047039264,6.3785355e-06
1,0.092795454,0.00014266823
1,0.035865564,5.4589873e-05
1,0.06519244,9.996258e-05
1,0.046771217,7.146242e-05
0,0.001532062,1.4712257e-06
1,0.033503607,5.0935603e-05
1,0.014018193,2.0788986e-05
1,3.0414975,0.0047047157
1,0.10011052,0.00015398565
1,0.19946909,0.000307707
0,0.05817583,8.910692e-05
1,0.25821275,0.00039859154
0,0.0038258184,5.0199824e-06
1,0.48458782,0.0007488249
0,0.0058032386,8.0793225e-06
1,0.06760874,0.00010370092
1,0.04206826,6.41863e-05
0,0.027035836,4.092907e-05
0,0.0014239467,1.3039564e-06
1,0.06558234,0.00010056581
1,0.14886741,0.00022941927
1,0.075631715,0.00011611357
1,0.0977276,0.00015029893
0,0.0023607798,2.753366e-06
1,0.11741136,0.00018075242
1,0.43008122,0.0006644957
0,0.08718105,0.00013398197
0,0.009521025,1.3831251e-05
0,0.0055741044,7.7248205e-06
1,0.085612305,0.00013155492
0,0.0020338818,2.24761e-06
1,1.4194465,0.0021951797
0,0.09551032,0.00014686851
0,0.011407687,1.6750177e-05
0,0.0012782341,1.078519e-06
1,0.08283356,0.00012725581
1,0.060789235,9.315022e-05
0,0.006968194,9.881669e-06
0,0.002430288,2.8609047e-06
0,0.004010396,5.305549e-06
0,0.0028889468,3.5705127e-06
0,0.0013748776,1.2280399e-06
1,0.047774073,7.301397e-05
0,0.005385518,7.433052e-06
1,0.034735043,5.28408e-05
0,0.005608865,7.7786e-06
1,1.6172909,0.0025012721
1,0.10521499,0.00016188297
0,0.0048451936,6.5970953e-06
0,0.0025416408,3.0331826e-06
0,0.0049393848,6.7428223e-06
1,7.3737864,0.011407362
0,0.0013659629,1.2142476e-06
1,0.020043287,3.0110636e-05
0,0.003488313,4.4978146e-06
0,0.003868583,5.086145e-06
0,0.0024084013,2.827043e-06
1,0.3922634,0.00060598634
0,0.0029073914,3.5990495e-06
1,0.13575973,0.00020913986
0,0.0024900134,2.9533082e-06
1,0.080727845,0.00012399799
0,0.004510873,6.0798557e-06
0,0.0049557704,6.768173e-06
0,0.010953497,1.6047481e-05
0,0.0010530683,7.301566e-07
1,3.001695,0.0046431357
0,0.0026742676,3.2383746e-06
0,0.0193048,2.8968094e-05
0,0.011282233,1.655608e-05
0,0.041278686,6.296472e-05
0,0.019019373,2.8526498e-05
1,0.07382634,0.00011332041
1,0.0496677,7.594368e-05
0,0.009102451,1.3183658e-05
0,0.0063260836,8.888236e-06
0,0.0944459,0.0001452217
0,0.006747042,9.539516e-06
0,0.0061333007,8.589975e-06
0,0.00832884,1.19867755e-05
1,4.8932085,0.007569567
0,0.005479876,7.5790363e-06
1,0.0119565325,1.7599315e-05
1,0.12889552,0.00019852
1,0.6418551,0.000992139
0,0.0077775586,1.1133868e-05
0,0.009791049,1.4249014e-05
1,2.0909295,0.0032340565
1,0.029950384,4.5438275e-05
0,0.010490397,1.5331001e-05
0,0.0072231577,1.0276133e-05
1,1.2530851,0.0019377959
0,0.019211177,2.8823246e-05
0,0.011191782,1.6416141e-05
0,0.004084346,5.4199595e-06
0,0.012531912,1.8489505e-05
0,0.0025952286,3.1160905e-06
1,0.015925363,2.3739642e-05
1,0.89054,0.0013768887
1,0.01941115,2.9132632e-05
1,0.0602122,9.225746e-05
1,0.18126434,0.00027954177
0,0.011757945,1.7292072e-05
0,0.0024839444,2.9439186e-06
0,0.0062342063,8.746089e-06
0,0.00535181,7.3809006e-06
1,2.354178,0.0036413379
0,0.002641498,3.1876757e-06
1,1.3330746,0.0020615505
0,0.0029614922,3.6827505e-06
0,0.013853575,2.05343e-05
1,1.2224145,0.0018903442
0,0.0052937125,7.2910157e-06
0,0.0072914055,1.0381722e-05
1,2.8578289,0.004420555
1,0.014355387,2.1310672e-05
0,0.0044223852,5.942953e-06
1,0.086604685,0.00013309026
1,4.337613,0.0067099845
1,0.0695092,0.0001066412
1,2.3820312,0.0036844308
1,0.1099282,0.00016917495
1,0.04156907,6.341398e-05
1,0.04014998,6.121845e-05
0,0.0038005123,4.98083e-06
1,0.07822116,0.000120119796
1,0.056026913,8.578225e-05
0,0.0034870198,4.4958138e-06
0,0.008514662,1.2274269e-05
0,0.0035922872,4.658677e-06
0,0.0038775906,5.100081e-06
1,0.08295507,0.00012744381
1,2.180385,0.0033724566
0,0.0088738715,1.2830014e-05
0,0.0011417953,8.674295e-07
1,2.4389277,0.0037724574
1,5.270466,0.008153236
0,0.0021791053,2.4722906e-06
0,0.006899624,9.775582e-06
1,0.21587023,0.00033308184
1,0.028710736,4.352037e-05
1,0.039130352,5.964095e-05
1,0.06045519,9.26334e-05
0,0.0073580006,1.0484753e-05
1,0.03984275,6.074313e-05
0,0.025998972,3.93249e-05
1,0.06286048,9.635472e-05
0,0.001872249,1.9975416e-06
0,0.0063229273,8.883353e-06
1,0.052886806,8.0924074e-05
1,0.016500026,2.4628722e-05
1,0.07554294,0.000115976225
1,0.6678464,0.001032351
0,0.008862862,1.2812982e-05
1,0.07313069,0.00011224414
0,0.060439713,9.260946e-05
0,0.002165019,2.4504973e-06
1,4.451025,0.006885448
1,0.05409657,8.279574e-05
1,1.3891912,0.0021483705
0,0.047293685,7.227075e-05
0,0.010499919,1.5345733e-05
1,0.09684559,0.00014893436
0,0.0020937265,2.3401979e-06
0,0.003406987,4.3719924e-06
0,0.0035127106,4.5355614e-06
1,0.057940964,8.874355e-05
0,0.0017298429,1.7772198e-06
1,5.2064347,0.008054171
1,0.020090643,3.01839e-05
1,0.013432893,1.9883448e-05
1,0.09808748,0.00015085573
0,0.0053761895,7.418619e-06
0,0.0071052555,1.0093722e-05
1,0.17865649,0.00027550705
0,0.007900046,1.1323373e-05
0,0.0022736234,2.618523e-06
1,0.12764245,0.00019658133
0,0.0033737845,4.3206232e-06
0,0.036427416,5.5459135e-05
0,0.005129171,7.0364476e-06
1,0.07265083,0.00011150173
1,0.10419085,0.00016029847
0,0.0116335135,1.709956e-05
0,0.008952667,1.2951922e-05
1,0.47686702,0.00073687977
1,0.013422911,1.9868005e-05
1,0.1395657,0.00021502824
1,0.46833515,0.0007236798
0,0.009631728,1.4002522e-05
1,5.1354136,0.007944291
1,0.077407375,0.000118860764
1,0.026775505,4.05263e-05
1,0.047126167,7.201157e-05
0,0.0015806492,1.5463968e-06
0,0.0022393502,2.5654979e-06
1,0.018767541,2.8136881e-05
1,0.025323939,3.8280526e-05
1,0.0879857,0.00013522689
1,0.18344158,0.00028291025
1,0.03674872,5.5956236e-05
1,0.04875329,7.452896e-05
0,0.01641954,2.45042e-05
0,0.009313409,1.351004e-05
0,0.0029298526,3.6338001e-06
1,0.07743956,0.00011891056
1,0.03598626,5.4776607e-05
1,0.13320903,0.0002051936
1,0.8852136,0.001368648
1,1.2128813,0.0018755951
1,0.02434956,3.6773028e-05
1,0.07664404,0.000117679774
0,0.006275257,8.8096e-06
1,0.013384894,1.9809186e-05
1,0.05294795,8.1018676e-05
0,0.00708326,1.0059692e-05
1,0.08527884,0.00013103899
0,0.006169116,8.645386e-06
1,2.4555123,0.003798116
1,0.07615213,0.00011691872
1,0.056282118,8.617709e-05
1,1.3964888,0.002159661
1,0.0602632,9.233638e-05
0,0.00214362,2.41739e-06
1,5.9479227,0.009201354
1,0.28507558,0.00044015204
1,0.5354351,0.00082749256
1,0.07017997,0.00010767897
0,0.038117994,5.8074693e-05
1,3.1659424,0.0048972494
0,0.0048318035,6.5763793e-06
0,0.00402992,5.335755e-06
1,0.07854493,0.000120620716
1,0.026181769,3.960771e-05
1,0.022225743,3.3487195e-05
1,0.055976864,8.570482e-05
0,0.018693931,2.8022996e-05
1,0.01716158,2.5652238e-05
0,0.008617944,1.24340595e-05
1,3.193459,0.004939821
1,0.073307075,0.00011251703
1,0.28050902,0.00043308694
1,0.0706004,0.000108329434
1,0.16377036,0.00025247617
0,0.0048731854,6.6404027e-06
0,0.0043448117,5.8229357e-06
0,0.0065535763,9.240199e-06
1,0.03511769,5.343281e-05
0,0.0023221364,2.6935795e-06
1,0.04968711,7.597371e-05
0,0.009512087,1.3817423e-05
0,0.009457514,1.373299e-05
1,0.036273338,5.5220757e-05
1,0.059401553,9.100328e-05
0,0.00404542,5.3597355e-06
0,0.0031454237,3.9673178e-06
1,0.09395305,0.00014445919
1,0.030561224,4.6383328e-05
1,0.07976865,0.00012251397
0,0.016240915,2.4227842e-05
0,0.002571499,3.0793774e-06
1,5.924896,0.009165728
0,0.0018678951,1.9908057e-06
1,2.0537274,0.0031764996
1,0.066383146,0.00010180476
0,0.0054464974,7.527395e-06
1,5.146244,0.007961048
0,0.0016532907,1.6587832e-06
1,4.492822,0.0069501144
1,0.07160619,0.00010988553
1,0.020939913,3.149784e-05
1,0.013191578,1.95101e-05
1,0.043422926,6.6282155e-05
1,0.026087651,3.9462095e-05
0,0.0015843067,1.5520554e-06
0,0.0026314205,3.1720847e-06
0,0.005921052,8.261596e-06
0,0.002009586,2.210021e-06
0,0.019830484,2.9781399e-05
0,0.0016873738,1.7115145e-06
0,0.004737819,6.4309725e-06
1,0.07151866,0.00010975011
1,0.0179391,2.6855168e-05
1,0.10913269,0.00016794419
1,0.13499682,0.00020795954
0,0.01122638,1.6469668e-05
0,0.014418399,2.1408161e-05
1,2.6015735,0.004024093
1,0.023770886,3.5877743e-05
1,0.074638925,0.00011457759
1,0.06856418,0.00010517912
1,0.02396231,3.61739e-05
1,0.0708239,0.00010867522
0,0.00875569,1.2647172e-05
0,0.016759064,2.502949e-05
1,0.08721476,0.00013403414
1,0.06254102,9.586048e-05
1,0.06034721,9.246635e-05
1,0.45125732,0.00069725804
0,0.008478516,1.2218345e-05
0,0.025176808,3.8052898e-05
1,0.07367811,0.00011309108
0,0.0019984953,2.1928622e-06
0,0.001191626,9.4452434e-07
0,0.010404488,1.5198089e-05
0,0.0034543003,4.4451926e-06
1,0.06197827,9.498982e-05
0,0.026544685,4.016919e-05
0,0.0102274595,1.4924201e-05
1,1.8793439,0.002906704
0,0.0074202707,1.0581094e-05
0,0.0021647452,2.4500737e-06
0,0.0022131065,2.524895e-06
0,0.001264866,1.0578367e-06
0,0.012073849,1.778082e-05
0,0.016913243,2.5268026e-05
0,0.01169176,1.7189675e-05
1,0.08707132,0.00013381221
1,0.06793584,0.00010420699
1,0.07657136,0.00011756733
1,4.870393,0.007534268
0,0.005635004,7.819041e-06
1,0.021381661,3.2181284e-05
0,0.004716751,6.3983775e-06
0,0.0047724727,6.4845863e-06
1,0.6365026,0.0009838579
1,0.015374443,2.2887292e-05
0,0.0027945358,3.424446e-06
0,0.0013647075,1.2123053e-06
0,0.006427848,9.045679e-06
0,0.0021116813,2.3679763e-06
0,0.0012157038,9.817761e-07
0,0.003990907,5.275397e-06
1,1.8913064,0.0029252118
1,0.07619415,0.00011698374
1,5.150668,0.007967892
0,0.017299348,2.5865384e-05
1,0.087067194,0.00013380584
1,0.071501285,0.00010972323
1,0.050882395,7.782297e-05
0,0.008370064,1.2050555e-05
0,0.0017879956,1.8671901e-06
1,0.06733042,0.00010327033
0,0.00270148,3.2804758e-06
0,0.006462708,9.099613e-06
1,0.05198409,7.952745e-05
1,0.075920746,0.00011656074
0,0.0118553,1.7442693e-05
0,0.008038332,1.153732e-05
1,0.07951358,0.00012211935
1,0.033131976,5.036064e-05
0,0.007998878,1.1476279e-05
1,0.068783596,0.000105518586
1,0.06366415,9.759811e-05
1,0.018633027,2.7928767e-05
0,0.0037181233,4.853363e-06
0,0.011296692,1.6578451e-05
1,0.50131714,0.0007747074
1,1.3954195,0.0021580067
0,0.017809536,2.6654716e-05
0,0.022875883,3.449305e-05
0,0.0018660538,1.987957e-06
0,0.0024413369,2.877999e-06
0,0.019214362,2.8828174e-05
0,0.011610646,1.7064182e-05
1,1.2025248,0.001859572
1,0.013641948,2.0206884e-05
0,0.018167607,2.72087e-05
1,0.05416473,8.29012e-05
1,0.055635095,8.5176056e-05
0,0.01005941,1.4664205e-05
0,0.0016239919,1.6134538e-06
0,0.04276567,6.526529e-05
1,0.071568064,0.00010982654
1,0.054579996,8.354367e-05
0,0.0023018727,2.6622288e-06
0,0.0059350487,8.283251e-06
0,0.0064991554,9.156001e-06
1,0.27183932,0.00041967374
0,0.010577281,1.5465423e-05
0,0.026521778,4.013375e-05
0,0.0027249188,3.3167394e-06
0,0.009340831,1.3552465e-05
0,0.0019496564,2.1173016e-06
1,0.05585974,8.5523614e-05
1,0.016692342,2.4926263e-05
0,0.0058035995,8.079881e-06
1,0.054634575,8.362812e-05
0,0.0021830942,2.478462e-06
0,0.065108955,9.9833414e-05
1,0.042066596,6.4183725e-05
0,0.002493897,2.9593166e-06
1,0.13595589,0.00020944336
1,0.0639744,9.8078104e-05
0,0.0014804217,1.3913311e-06
1,0.07327259,0.000112463684
1,2.4108744,0.0037290552
1,0.06365295,9.758077e-05
0,0.0061201635,8.569649e-06
0,0.04826733,7.377711e-05
1,2.2220252,0.0034368795
0,0.043017786,6.5655346e-05
1,0.111008845,0.00017084685
1,0.11801061,0.00018167954
0,0.014841218,2.2062319e-05
0,0.027019491,4.0903782e-05
0,0.0026194605,3.1535808e-06
0,0.010954641,1.6049251e-05
1,0.017934911,2.6848687e-05
0,0.008210246,1.1803295e-05
1,0.12384405,0.00019070468
1,0.077647224,0.00011923184
0,0.005145356,7.0614883e-06
1,0.060404863,9.255554e-05
1,0.074685745,0.00011465002
0,0.006679467,9.434969e-06
1,0.012080048,1.7790411e-05
1,2.3214319,0.0035906753
0,0.019291958,2.8948225e-05
0,0.010711495,1.5673071e-05
0,0.057857234,8.861401e-05
1,0.07648123,0.00011742789
1,0.08436516,0.0001296254
1,0.18228875,0.00028112667
0,0.016822169,2.5127121e-05
1,0.06588843,0.00010103937
1,0.071565785,0.00010982302
1,0.013177651,1.9488552e-05
1,0.08873228,0.00013638195
1,0.085554436,0.00013146538
1,1.7160918,0.0026541308
1,0.020255446,3.0438874e-05
1,0.07866524,0.00012080685
1,0.10029092,0.00015426475
0,0.041192546,6.283145e-05
0,0.0051231124,7.027074e-06
0,0.0038636436,5.0785034e-06
1,0.07693522,0.000118130265
0,0.007999983,1.1477988e-05
0,0.007874566,1.1283952e-05
1,5.2068663,0.0080548385
1,0.070256524,0.00010779741
1,5.7451563,0.008887648
0,0.001245541,1.0279384e-06
0,0.012331483,1.8179415e-05
0,0.017772997,2.6598183e-05
0,0.004431486,5.9570334e-06
1,0.085569866,0.00013148926
0,0.008369221,1.20492505e-05
1,3.3289094,0.0051493817
1,0.2092285,0.00032280615
1,0.075640626,0.000116127354
1,2.0403123,0.0031557446
1,5.3050957,0.008206813
1,0.1443063,0.00022236259
0,0.0023835858,2.7886501e-06
0,0.0053200866,7.33182e-06
0,0.029080244,4.409205e-05
1,0.39081097,0.00060373923
1,0.087375686,0.00013428311
1,0.12662746,0.000195011
1,0.13686329,0.00021084724
1,2.219373,0.003432776
1,0.15239777,0.0002348812
0,0.0031041924,3.9035276e-06
1,0.080001146,0.00012287368
0,0.012478161,1.8406345e-05
0,0.0064122616,9.021565e-06
1,0.06688775,0.00010258546
1,0.110588185,0.00017019603
1,1.0185788,0.0015749823
1,0.029366655,4.4535165e-05
1,0.07295772,0.00011197653
0,0.0055566505,7.697817e-06
0,0.0033458478,4.277402e-06
1,1.1962208,0.0018498189
0,0.0028511914,3.5121002e-06
1,0.01914118,2.8714952e-05
0,0.017102001,2.556006e-05
0,0.006649186,9.38812e-06
1,0.013583409,2.0116317e-05
0,0.013156967,1.9456553e-05
1,2.1172607,0.0032747944
1,0.06342918,9.7234566e-05
1,4.795766,0.00741881
0,0.0045564254,6.1503315e-06
1,0.029599123,4.4894827e-05
0,0.005912982,8.249111e-06
1,0.06970658,0.00010694657
1,0.06967036,0.00010689053
1,0.07601,0.00011669884
0,0.009064089,1.3124307e-05
0,0.008840791,1.2778834e-05
0,0.005920781,8.261177e-06
0,0.008530914,1.2299412e-05
0,0.00517054,7.100451e-06
0,0.008233228,1.183885e-05
1,0.07054547,0.00010824445
1,0.0677339,0.00010389456
1,0.019614317,2.9446957e-05
1,0.017183747,2.5686533e-05
1,0.08765489,0.00013471507
0,0.006869262,9.728607e-06
0,0.012272683,1.8088444e-05
0,0.007173153,1.0198769e-05
1,0.07140298,0.00010957114
0,0.0061716614,8.649324e-06
1,0.053621512,8.206077e-05
1,0.054196894,8.295096e-05
0,0.0215332,3.2415734e-05
1,0.011508268,1.690579e-05
1,0.18884714,0.0002912734
1,0.0632859,9.7012904e-05
1,4.362486,0.006748466
1,0.05022078,7.679937e-05
1,0.22439909,0.00034627714
1,0.054646976,8.3647305e-05
1,0.04663241,7.124766e-05
1,0.015967054,2.3804143e-05
1,0.920431,0.0014231342
1,0.041433144,6.320369e-05
0,0.017286632,2.5845711e-05
1,3.0443363,0.004709108
1,0.021820331,3.2859967e-05
1,0.042936467,6.552953e-05
1,2.979153,0.00460826
0,0.004226113,5.6392932e-06
0,0.006712455,9.486005e-06
1,0.07844524,0.00012046648
1,2.3761199,0.003675285
0,0.00915442,1.32640625e-05
1,0.07027262,0.00010782231
1,1.002931,0.001550773
0,0.004461953,6.0041693e-06
1,0.072756015,0.00011166446
1,0.09255883,0.00014230215
1,0.09335316,0.00014353108
1,3.1943905,0.0049412623
0,0.0042010024,5.6004433e-06
0,0.0030949484,3.8892254e-06
0,0.0052714306,7.2565426e-06
1,0.4280513,0.0006613551
1,0.05738413,8.788205e-05
1,4.824798,0.0074637267
1,0.31233504,0.00048232617
1,0.08386573,0.00012885273
1,0.06327624,9.699795e-05
0,0.076664336,0.00011771118
0,0.007231541,1.0289103e-05
0,0.009855725,1.4349077e-05
1,0.048177216,7.363769e-05
0,0.005645748,7.835663e-06
0,0.0029504222,3.665624e-06
0,0.0018969574,2.035769e-06
0,0.008385795,1.2074893e-05
0,0.0022946475,2.6510504e-06
0,0.0026418404,3.1882053e-06
0,0.010540146,1.5407972e-05
1,0.08001723,0.00012289856
0,0.007232703,1.0290901e-05
1,2.1934385,0.003392652
1,0.016486755,2.4608189e-05
1,0.0986588,0.00015173963
0,0.006874919,9.7373595e-06
1,5.293044,0.008188168
1,0.0725106,0.000111284775
1,0.08230018,0.0001264306
1,0.05614112,8.595895e-05
1,0.0365135,5.559232e-05
0,0.0060760584,8.501413e-06
1,0.088847026,0.00013655948
0,0.03648105,5.5542114e-05
1,0.051486664,7.875786e-05
0,0.0017344187,1.7842993e-06
0,0.0032087879,4.0653513e-06
1,0.07653624,0.000117512995
0,0.009037196,1.3082699e-05
1,0.07221056,0.00011082057
1,0.08273932,0.00012711002
0,0.0389246,5.9322625e-05
1,0.020645963,3.104306e-05
0,0.0064710407,9.112505e-06
0,0.07340576,0.00011266971
1,0.025672004,3.881903e-05
0,0.0047908537,6.5130243e-06
1,0.016354976,2.4404311e-05
1,1.5970579,0.002469969
1,0.041055802,6.261989e-05
0,0.0038680383,5.085302e-06
1,0.06254205,9.5862066e-05
1,0.072515145,0.00011129181
1,0.084954396,0.00013053704
1,0.055479296,8.493501e-05
1,3.4579897,0.0053490866
1,0.9545871,0.0014759783
0,0.0039412417,5.1985576e-06
0,0.0033575958,4.295577e-06
0,0.0027415645,3.3424922e-06
0,0.004092564,5.432674e-06
0,0.019703701,2.9585248e-05
0,0.03212636,4.880481e-05
1,0.070014566,0.00010742307
0,0.0034037621,4.3670034e-06
1,0.086948976,0.00013362293
1,0.72734183,0.0011243987
1,0.038384642,5.8487236e-05
1,0.12926276,0.00019908817
0,0.0023632422,2.7571757e-06
1,0.058726035,8.9958165e-05
1,6.9328656,0.010725196
0,0.0029405183,3.650301e-06
0,0.0016725594,1.6885945e-06
1,0.04738964,7.241921e-05
0,0.056748003,8.6897875e-05
0,0.022641826,3.413093e-05
1,0.07655597,0.00011754352
0,0.002666545,3.2264268e-06
1,0.016381104,2.4444733e-05
1,2.4558048,0.0037985686
0,0.0030239525,3.7793855e-06
1,0.018991891,2.848398e-05
0,0.009074397,1.3140256e-05
0,0.003621667,4.704132e-06
0,0.0017542469,1.8149763e-06
1,0.05868548,8.9895424e-05
0,0.01434726,2.12981e-05
0,0.012682749,1.8722872e-05
0,0.0035902143,4.6554705e-06
0,0.027834317,4.216443e-05
0,0.007358506,1.0485535e-05
0,0.0024090859,2.8281022e-06
1,0.013167634,1.9473055e-05
1,0.016765067,2.5038778e-05
0,0.01743758,2.6079246e-05
1,0.11639193,0.00017917521
1,5.014918,0.007757868
1,0.056087967,8.587671e-05
0,0.011775915,1.7319875e-05
0,0.009475815,1.3761304e-05
1,0.052322116,8.005042e-05
0,0.011279977,1.655259e-05
0,0.0037768772,4.9442633e-06
0,0.0068370947,9.67884e-06
0,0.0016846982,1.7073748e-06
1,0.11914122,0.00018342875
1,0.044335086,6.769339e-05
0,0.026679358,4.037755e-05
0,0.14950316,0.00023040285
1,3.740789,0.005786616
0,0.0042425226,5.664681e-06
1,0.09137496,0.00014047054
1,0.0650309,9.9712655e-05
0,0.00411451,5.4666275e-06
0,0.009918448,1.4446117e-05
1,0.3992042,0.0006167247
0,0.0031834913,4.026214e-06
1,0.05118016,7.8283665e-05
1,0.39754656,0.0006141601
0,0.042009853,6.409593e-05
0,0.007992589,1.1466549e-05
1,2.1920972,0.0033905767
1,0.06991493,0.00010726892
1,0.014816032,2.2023354e-05
0,0.007381782,1.0521547e-05
1,0.08724379,0.00013407905
1,0.055077124,8.43128e-05
0,0.008802343,1.2719351e-05
0,0.043882117,6.699259e-05
0,0.0069263377,9.816911e-06
0,0.009592317,1.3941549e-05
1,0.020413194,3.068293e-05
0,0.0060157436,8.4080975e-06
0,0.010464325,1.5290665e-05
1,2.1845922,0.0033789657
1,0.017130043,2.5603445e-05
0,0.004405537,5.9168865e-06
0,0.014720027,2.1874821e-05
0,0.04510167,6.8879395e-05
0,0.0014121591,1.2857193e-06
1,0.040856253,6.2311155e-05
0,0.02294297,3.459684e-05
1,0.11965081,0.00018421716
1,3.3957338,0.0052527683
0,0.0027387445,3.338129e-06
0,0.006477776,9.122925e-06
1,0.014897862,2.2149956e-05
1,0.15976074,0.00024627274
1,0.06170328,9.456437e-05
0,0.013573728,2.0101337e-05
1,0.018184477,2.72348e-05
1,0.08779995,0.0001349395
1,2.3316636,0.0036065052
0,0.0011954698,9.5047125e-07
0,0.0041344343,5.497453e-06
0,0.0030230219,3.7779453e-06
0,0.004042636,5.3554286e-06
0,0.0055986256,7.762758e-06
0,0.0038503017,5.057861e-06
0,0.013385821,1.981062e-05
1,0.074135825,0.00011379922
1,2.3002267,0.0035578678
1,0.063444704,9.725859e-05
0,0.008442123,1.21620415e-05
0,0.0076308344,1.0906865e-05
1,0.047208652,7.213919e-05
0,0.0020997997,2.3495938e-06
0,0.0036160483,4.695439e-06
1,0.042456597,6.4787106e-05
0,0.01928432,2.8936407e-05
1,3.948007,0.0061072106
0,0.018144602,2.7173108e-05
1,0.34279993,0.00052945956
1,0.05266701,8.0584025e-05
0,0.0033603332,4.2998126e-06
0,0.0026725512,3.235719e-06
1,0.0748853,0.00011495876
0,0.011444495,1.6807122e-05
0,0.04975538,7.607933e-05
0,0.048314646,7.3850315e-05
1,0.08583902,0.00013190568
0,0.0033744567,4.3216637e-06
1,0.2735141,0.00042226483
0,0.0063505974,8.926162e-06
0,0.018409202,2.758248e-05
1,5.2701044,0.008152677
0,0.013428706,1.9876969e-05
0,0.012186441,1.7955015e-05
0,0.023120334,3.487125e-05
0,0.0033702084,4.3150912e-06
1,0.08199896,0.00012596458
1,0.14494699,0.00022335383
1,0.019454807,2.9200175e-05
1,0.011964898,1.7612258e-05
1,0.64991754,0.0010046127
0,0.005210633,7.1624804e-06
0,0.0047224476,6.4071905e-06
0,0.0054139844,7.4770933e-06
0,0.010558131,1.5435797e-05
1,0.046720866,7.138452e-05
1,0.01492198,2.218727e-05
1,0.07267505,0.0001115392
1,0.8922499,0.0013795341
0,0.0722012,0.00011080609
0,0.006933695,9.828294e-06
1,1.0208595,0.0015785109
1,0.073277324,0.000112471
0,0.011388687,1.672078e-05
1,0.09256879,0.00014231756
1,0.90385765,0.001397493
0,0.012691861,1.873697e-05
1,0.08163403,0.00012539998
1,2.2962103,0.003551654
1,0.06735171,0.00010330326
1,0.02574653,3.8934337e-05
1,0.044321585,6.76725e-05
1,0.06257533,9.591356e-05
0,0.009675682,1.4070525e-05
1,0.0145407235,2.1597414e-05
0,0.0011651805,9.0360953e-07
0,0.002960568,3.681321e-06
1,0.080538325,0.00012370477
0,0.0051162583,7.0164697e-06
1,0.032443754,4.9295864e-05
1,0.015736977,2.3448181e-05
1,0.09109503,0.00014003745
1,0.08336481,0.00012807772
0,0.0030081274,3.754902e-06
1,0.061138667,9.369084e-05
1,0.01533868,2.2831962e-05
0,0.0019919837,2.1827877e-06
0,0.012339683,1.8192102e-05
1,0.06064942,9.293391e-05
1,0.02420837,3.6554593e-05
1,0.10970625,0.00016883157
1,0.12010794,0.0001849244
0,0.0021035792,2.3554414e-06
0,0.034006394,5.1713483e-05
0,0.0020843637,2.3257123e-06
1,0.5517544,0.00085274084
1,0.049177308,7.518497e-05
0,0.013958211,2.0696187e-05
1,5.347037,0.008271702
0,0.01059221,1.548852e-05
0,0.020729385,3.1172123e-05
0,0.012992014,1.9201347e-05
1,0.06750676,0.00010354315
0,0.0020400619,2.2571712e-06
1,0.3748319,0.0005790174
1,0.02149344,3.2354223e-05
1,0.016906982,2.525834e-05
0,0.0057944735,8.065762e-06
1,0.046303056,7.073811e-05
0,0.005613554,7.785854e-06
1,5.3178444,0.008226537
1,0.3407006,0.0005262116
0,0.00784391,1.12365215e-05
1,0.036131732,5.5001674e-05
0,0.012033638,1.7718607e-05
1,0.015186636,2.2596729e-05
0,0.0018888875,2.0232837e-06
0,0.007894105,1.1314181e-05
0,0.025368819,3.8349965e-05
0,0.0123398695,1.819239e-05
0,0.032256097,4.900553e-05
0,0.0026300037,3.1698924e-06
1,0.070932664,0.000108843495
0,0.012543926,1.8508093e-05
0,0.00328389,4.181544e-06
0,0.0039871656,5.269608e-06
1,0.09391861,0.0001444059
1,3.415896,0.0052839615
0,0.01114435,1.6342758e-05
0,0.012315407,1.8154544e-05
1,2.599856,0.0040214355
1,3.5007522,0.005415246
1,0.07482894,0.00011487156
1,0.13902092,0.00021418538
0,0.010753721,1.57384e-05
1,0.024962848,3.772187e-05
1,5.3470397,0.008271706
1,0.06207983,9.514695e-05
1,0.066230126,0.00010156802
1,0.024783785,3.7444835e-05
1,0.024165822,3.6488764e-05
1,0.069161974,0.000106103995
1,2.3105679,0.0035738673
1,0.124606736,0.00019188465
0,0.0074250023,1.0588414e-05
0,0.001718561,1.7597654e-06
1,0.049688283,7.597552e-05
0,0.033506736,5.0940445e-05
1,0.06538798,0.000100265104
1,0.80868024,0.0012502404
1,0.07064316,0.00010839559
0,0.0071513117,1.01649775e-05
1,0.07000724,0.00010741174
0,0.0067411517,9.530403e-06
1,0.09431072,0.00014501257
0,0.0073355106,1.0449959e-05
0,0.0016232785,1.6123502e-06
1,0.08689328,0.00013353677
1,0.15973665,0.00024623546
1,0.028031357,4.2469277e-05
1,0.015447209,2.2999871e-05
0,0.0032896532,4.190461e-06
0,0.0050522406,6.9174257e-06
1,0.017901005,2.679623e-05
0,0.0020660618,2.2973968e-06
0,0.039483715,6.0187653e-05
1,5.103031,0.007894191
1,0.05317988,8.13775e-05
0,0.010327041,1.5078268e-05
0,0.006739443,9.52776e-06
0,0.007849791,1.1245621e-05
1,0.07010457,0.000107562315
1,0.017363325,2.5964364e-05
1,0.27932158,0.00043124982
0,0.020705778,3.1135598e-05
1,1.0524738,0.0016274225
1,4.835985,0.0074810344
0,0.008038491,1.1537565e-05
1,5.879204,0.009095037
1,0.50364524,0.0007783093
1,1.018781,0.001575295
1,0.090304054,0.0001388137
0,0.0066929576,9.45584e-06
0,0.0029154096,3.6114548e-06
1,0.12468387,0.000192004
0,0.0037838689,4.955081e-06
0,0.0022482846,2.5793206e-06
1,1.0093565,0.0015607141
0,0.007310107,1.0410655e-05
1,0.04864702,7.436454e-05
0,0.004172768,5.5567607e-06
1,0.014081882,2.0887523e-05
0,0.0036019033,4.673555e-06
0,0.009481137,1.3769538e-05
0,0.03373118,5.128769e-05
1,0.07784926,0.00011954442
0,0.0092057735,1.3343512e-05
0,0.0061693653,8.645771e-06
1,0.039144445,5.9662754e-05
1,0.087353885,0.00013424938
1,0.047056,7.190302e-05
0,0.0016646934,1.6764246e-06
0,0.007853767,1.1251772e-05
0,0.004022457,5.3242093e-06
1,0.39177027,0.0006052234
1,0.076411374,0.00011731981
1,0.80142826,0.0012390206
1,0.07380649,0.000113289694
1,0.14352815,0.00022115868
1,0.092963226,0.0001429278
1,0.09524332,0.00014645542
1,4.492985,0.006950366
0,0.0093823895,1.3616762e-05
0,0.015661038,2.3330695e-05
1,0.06577648,0.00010086617
0,0.009915225,1.4441132e-05
1,0.058093034,8.897883e-05
0,0.0011152714,8.2639326e-07
1,0.097628355,0.0001501454
1,0.044066325,6.727758e-05
0,0.0043985373,5.9060567e-06
1,0.0155351,2.3135852e-05
1,0.042985123,6.560481e-05
1,0.10544993,0.00016224645
1,4.3497195,0.006728715
0,0.011596597,1.7042445e-05
1,0.031529017,4.7880636e-05
1,0.07944986,0.00012202077
0,0.008523142,1.2287388e-05
1,0.06955042,0.00010670497
1,0.016788341,2.5074785e-05
1,0.14778157,0.0002277393
0,0.030666713,4.6546535e-05
1,0.05398385,8.262135e-05
0,0.0023452977,2.7294132e-06
0,0.058567088,8.971225e-05
1,0.08882588,0.00013652675
1,3.4550927,0.005344604
1,0.84957635,0.0013135123
0,0.00828264,1.1915297e-05
0,0.003979421,5.2576265e-06
0,0.0038468894,5.052582e-06
1,0.044556778,6.8036374e-05
1,0.14550416,0.00022421585
0,0.0091466345,1.3252016e-05
1,0.05243421,8.022385e-05
1,0.09497376,0.00014603836
1,0.46990314,0.0007261057
1,0.01958581,2.9402856e-05
0,0.0066405595,9.374773e-06
0,0.006513285,9.177862e-06
1,0.065685056,0.00010072472
0,0.01232172,1.816431e-05
0,0.0021920693,2.4923477e-06
0,0.0077331844,1.10652145e-05
0,0.003550564,4.5941256e-06
0,0.011078888,1.6241478e-05
1,0.017270971,2.582148e-05
1,5.686204,0.0087964395
0,0.008960687,1.29643295e-05
1,0.067674264,0.000103802304
0,0.004907681,6.6937723e-06
1,0.016003491,2.3860517e-05
0,0.02520315,3.809365e-05
1,0.088924155,0.0001366788
1,0.3965084,0.0006125539
1,0.06594187,0.00010112205
1,1.9912311,0.003079809
1,0.05189292,7.93864e-05
0,0.009160389,1.3273297e-05
0,0.008556906,1.2339626e-05
0,0.02880147,4.3660744e-05
1,2.3351758,0.003611939
1,5.284788,0.0081753945
0,0.00653365,9.20937e-06
1,0.09169853,0.00014097114
0,0.002838121,3.4918787e-06
0,0.006098959,8.536843e-06
0,0.0056008426,7.766189e-06
0,0.0027117338,3.2963399e-06
0,0.004256896,5.6869185e-06
0,0.0051878258,7.1271947e-06
0,0.0030536666,3.825357e-06
1,0.089454,0.00013749854
0,0.0014886823,1.4041115e-06
1,1.1687361,0.0018072963
0,0.013591617,2.0129017e-05
1,0.13929181,0.00021460449
1,2.0458362,0.003164291
1,0.087579094,0.00013459781
0,0.025066134,3.788167e-05
0,0.03203575,4.8664624e-05
0,0.021809615,3.2843385e-05
0,0.0062968726,8.843042e-06
0,0.0028626213,3.529784e-06
0,0.049400326,7.553001e-05
1,2.2202835,0.003434185
0,0.0022781193,2.6254788e-06
0,0.007821305,1.1201549e-05
0,0.006683507,9.441219e-06
1,0.055351533,8.4737345e-05
0,0.0024680349,2.9193043e-06
1,0.070357524,0.000107953674
1,0.01770356,2.6490754e-05
1,0.14470296,0.00022297628
1,0.01235309,1.8212844e-05
1,0.01915358,2.8734135e-05
1,0.046186984,7.0558526e-05
0,0.028001182,4.242259e-05
0,0.0014577927,1.3563209e-06
1,0.06418956,9.841099e-05
1,0.013021877,1.9247549e-05
0,0.003959122,5.226221e-06
1,4.3425465,0.006717617
1,3.3376057,0.005162836
1,2.275141,0.0035190568
1,0.23446102,0.00036184434
1,1.7473128,0.0027024338
1,0.017727654,2.6528032e-05
1,2.0909173,0.0032340377
0,0.007201525,1.0242664e-05
1,0.08061156,0.00012381807
0,0.011412446,1.6757538e-05
0,0.007331114,1.0443156e-05
1,0.021096531,3.1740146e-05
1,0.015690781,2.3376711e-05
1,0.015499956,2.3081479e-05
0,0.0022451212,2.5744262e-06
0,0.009660143,1.4046485e-05
1,1.6591271,0.0025659986
1,0.5936298,0.00091752777
1,0.0795387,0.00012215822
0,0.008814917,1.2738804e-05
0,0.004975342,6.7984533e-06
0,0.017658222,2.6420612e-05
0,0.012691347,1.8736175e-05
1,0.07412205,0.00011377791
0,0.12602732,0.00019408249
1,0.11605554,0.00017865478
0,0.01835979,2.7506032e-05
1,5.42591,0.008393729
0,0.040906332,6.238864e-05
1,0.049223084,7.52558e-05
1,4.06173,0.006283155
1,4.3650336,0.0067524076
1,0.059992865,9.1918126e-05
0,0.0037935765,4.9701e-06
0,0.028040858,4.2483975e-05
0,0.0072161127,1.0265233e-05
0,0.005265745,7.247746e-06
1,0.052650385,8.05583e-05
0,0.0029477258,3.661452e-06
0,0.0042705713,5.7080756e-06
1,0.08052354,0.00012368191
1,1.959362,0.0030305032
1,0.073481716,0.000112787224
0,0.0055543985,7.694333e-06
1,0.042773765,6.527781e-05
1,2.346437,0.0036293615
0,0.0058104056,8.090411e-06
1,0.014118406,2.0944031e-05
1,0.024798412,3.7467467e-05
1,0.2867831,0.0004427938
0,0.0056537404,7.848029e-06
0,0.0029844183,3.7182208e-06
0,0.007017623,9.958143e-06
0,0.008618639,1.24351345e-05
1,0.07137874,0.00010953363
1,0.09103226,0.00013994033
0,0.0071104974,1.0101832e-05
1,3.3050933,0.005112535
0,0.013182163,1.9495534e-05
1,3.3756602,0.0052217115
0,0.0066742175,9.426847e-06
1,1.32995,0.0020567162
1,0.013024052,1.9250914e-05
0,0.004876885,6.6461266e-06
1,0.057052415,8.736885e-05
0,0.0060928194,8.527344e-06
0,0.013106508,1.9378485e-05
0,0.0015171724,1.4481896e-06
1,0.14844903,0.00022877197
1,0.065126,9.985979e-05
0,0.0063381917,8.906969e-06
1,0.11835904,0.00018221862
1,0.08071703,0.00012398124
1,0.050869305,7.7802724e-05
1,0.06499845,9.9662444e-05
0,0.0038779182,5.1005877e-06
0,0.017352063,2.5946942e-05
1,0.061688904,9.4542134e-05
1,2.3007443,0.0035586688
0,0.004820325,6.5586205e-06
1,3.0560572,0.0047272416
1,0.2797333,0.0004318868
0,0.009621795,1.3987155e-05
0,0.0017783449,1.8522592e-06
0,0.0030483243,3.817092e-06
1,0.025848119,3.909151e-05
0,0.008726321,1.2601734e-05
1,0.0146394875,2.1750215e-05
1,0.024950419,3.770264e-05
0,0.007371989,1.05063955e-05
1,5.2963047,0.008193212
1,5.860923,0.009066754
1,0.013636884,2.019905e-05
0,0.013665268,2.0242964e-05
0,0.004690258,6.3573884e-06
1,0.06534124,0.000100192796
1,0.026652258,4.033562e-05
1,0.018233255,2.7310265e-05
0,0.012580953,1.8565379e-05
0,0.0054394673,7.5165185e-06
1,0.018476028,2.768587e-05
1,0.89845043,0.0013891272
0,0.0029542362,3.6715246e-06
0,0.013313176,1.969823e-05
1,0.057844833,8.8594825e-05
1,0.05957739,9.127533e-05
0,0.012988609,1.9196079e-05
1,0.037882075,5.7709694e-05
0,0.008166498,1.1735609e-05
1,0.013851215,2.053065e-05
0,0.0017113491,1.7486075e-06
0,0.0073170275,1.0421362e-05
1,2.3222325,0.003591914
1,0.06605146,0.000101291604
0,0.005580388,7.734542e-06
0,0.008113682,1.1653897e-05
1,0.10230748,0.00015738465
1,0.055368584,8.476373e-05
1,1.3753535,0.0021269617
0,0.003228257,4.0954724e-06
0,0.029113445,4.4143417e-05
0,0.011351562,1.6663344e-05
1,0.054573957,8.353433e-05
1,0.06395495,9.804801e-05
1,0.059313416,9.0866924e-05
1,0.05656671,8.6617394e-05
1,0.018823627,2.8223652e-05
1,1.2527655,0.0019373014
0,0.0095051415,1.3806676e-05
1,0.015067152,2.241187e-05
1,1.3242731,0.0020479334
1,0.08572412,0.00013172791
1,2.4567764,0.0038000718
0,0.0084081665,1.2109505e-05
0,0.0018965341,2.0351142e-06
0,0.007237107,1.0297715e-05
0,0.00857154,1.2362267e-05
1,4.8967237,0.0075750053
1,0.060264755,9.233878e-05
0,0.004998569,6.8343884e-06
1,0.08010831,0.00012303947
0,0.003920913,5.167107e-06
1,5.005905,0.007743924
1,4.908554,0.0075933086
1,0.093418196,0.0001436317
0,0.0032764599,4.1700487e-06
0,0.020426298,3.0703206e-05
0,0.0049383636,6.741242e-06
0,0.0016651585,1.6771444e-06
0,0.0044586137,5.9990034e-06
1,0.019633,2.9475865e-05
1,0.06273673,9.616326e-05
0,0.0046872403,6.35272e-06
1,0.14037193,0.00021627558
1,0.0417791,6.373893e-05
1,0.7543934,0.0011662511
0,0.0028772266,3.55238e-06
0,0.002528361,3.0126373e-06
1,0.07188325,0.00011031418
0,0.004784164,6.5026743e-06
0,0.007560284,1.0797713e-05
1,0.1149097,0.00017688201
0,0.010559829,1.5438423e-05
0,0.0018970391,2.0358955e-06
0,0.00386431,5.0795343e-06
1,0.122153126,0.00018808858
0,0.0040344275,5.342729e-06
0,0.0052457238,7.216771e-06
1,0.020171896,3.030961e-05
1,2.770563,0.0042855428
1,0.071251206,0.000109336324
0,0.0060722632,8.495541e-06
1,2.6181,0.0040496616
1,0.10471435,0.0001611084
0,0.0051394915,7.0524147e-06
1,0.11121867,0.00017117147
0,0.0032266788,4.093031e-06
1,0.059132315,9.0586735e-05
0,0.0056150206,7.788124e-06
1,0.05779197,8.851304e-05
1,0.015489079,2.306465e-05
0,0.0021173712,2.3767795e-06
1,0.46724948,0.0007220001
0,0.0031021982,3.900442e-06
1,2.315109,0.003580893
0,0.010605331,1.550882e-05
0,0.007987962,1.145939e-05
1,0.08076339,0.00012405298
0,0.004012413,5.308669e-06
0,0.008219728,1.1817964e-05
0,0.014534201,2.1587322e-05
1,0.075297184,0.000115596005
1,2.8480124,0.0044053677
1,0.07511641,0.000115316325
1,0.0133282235,1.972151e-05
0,0.002290697,2.6449384e-06
1,0.07507192,0.000115247494
1,0.23527966,0.00036311088
1,0.07301274,0.00011206166
1,0.07379979,0.000113279326
0,0.0028115676,3.450797e-06
1,0.11182765,0.00017211365
0,0.0021016407,2.3524422e-06
0,0.026755298,4.0495037e-05
0,0.0052699996,7.254329e-06
0,0.01812808,2.7147546e-05
1,0.019676764,2.9543573e-05
0,0.0020384602,2.2546933e-06
1,0.04374287,6.6777146e-05
1,0.017134925,2.5611e-05
0,0.0038074385,4.9915457e-06
1,1.8694053,0.0028913277
0,0.009820868,1.42951485e-05
1,0.08331797,0.00012800527
0,0.006827521,9.664029e-06
1,3.1717498,0.004906234
0,0.0016802582,1.7005055e-06
1,0.081948616,0.00012588668
1,0.06575694,0.00010083593
1,0.023203636,3.500013e-05
0,0.0032933264,4.196144e-06
1,0.057368238,8.7857465e-05
1,1.1651765,0.0018017892
0,0.0029484194,3.6625256e-06
0,0.0030335884,3.7942937e-06
0,0.004986319,6.8154363e-06
0,0.0030553818,3.828011e-06
0,0.112662986,0.00017340604
1,0.015048041,2.2382304e-05
0,0.035381254,5.384058e-05
0,0.017970603,2.6903906e-05
1,0.0798895,0.00012270095
0,0.0033013911,4.2086212e-06
1,0.053346235,8.163488e-05
0,0.014304698,2.123225e-05
0,0.014359909,2.1317668e-05
0,0.020542692,3.0883282e-05
1,0.0786265,0.00012074691
1,0.07564658,0.000116136565
1,0.020815022,3.1304615e-05
0,0.0017704667,1.8400705e-06
0,0.0046600574,6.3106645e-06
0,0.00096765603,5.980121e-07
0,0.0036391832,4.731232e-06
0,0.0022718105,2.6157184e-06
1,0.014396767,2.1374693e-05
1,2.3834624,0.003686645
0,0.0047590127,6.463762e-06
0,0.010025821,1.4612238e-05
1,0.017845917,2.6711e-05
0,0.0039745923,5.2501555e-06
0,0.0030173052,3.769101e-06
0,0.004858483,6.6176563e-06
0,0.0042063715,5.6087497e-06
1,0.09306069,0.00014307859
1,0.08619802,0.0001324611
1,0.16001572,0.00024666722
1,0.05679592,8.697202e-05
1,0.062962115,9.651196e-05
0,0.0046265083,6.258759e-06
0,0.0031989499,4.0501304e-06
0,0.0041930163,5.588088e-06
1,0.017352257,2.5947242e-05
1,0.037734408,5.7481233e-05
1,0.06959959,0.000106781044
0,0.004722701,6.4075825e-06
0,0.0051513803,7.0708084e-06
0,0.0028936905,3.5778519e-06
1,0.6620115,0.0010233237
1,0.06300463,9.6577736e-05
1,0.018980274,2.8466007e-05
1,0.06964943,0.00010685815
1,0.064121366,9.830548e-05
1,0.042905446,6.548154e-05
1,0.06227956,9.545596e-05
0,0.0020316653,2.2441807e-06
1,4.826459,0.007466296
1,3.3069637,0.0051154285
0,0.012629638,1.8640703e-05
1,0.07395898,0.00011352562
1,0.017878145,2.6760861e-05
1,0.019904042,2.9895202e-05
1,0.08387346,0.00012886467
0,0.004034376,5.342649e-06
0,0.01026153,1.4976913e-05
0,0.0018326559,1.9362858e-06
1,0.14081973,0.00021696839
0,0.006117983,8.566275e-06
1,0.0963739,0.00014820458
0,0.008680031,1.2530117e-05
0,0.014486729,2.1513877e-05
0,0.00456733,6.167202e-06
0,0.0027175522,3.3053418e-06
0,0.0035106258,4.532336e-06
0,0.0076792953,1.098184e-05
1,3.017488,0.00466757
1,0.07572034,0.00011625069
0,0.014881533,2.2124692e-05
1,0.06317644,9.684355e-05
1,0.1775567,0.00027380552
0,0.023450037,3.5381345e-05
0,0.0028683145,3.5385922e-06
0,0.00576807,8.024912e-06
1,0.07273786,0.00011163638
1,0.032792576,4.983554e-05
1,0.11746351,0.0001808331
1,0.024189388,3.6525224e-05
0,0.0027362339,3.3342453e-06
0,0.0066306177,9.359392e-06
1,0.07826673,0.00012019031
1,0.071821034,0.00011021792
1,0.050859347,7.778732e-05
0,0.0018487452,1.961178e-06
1,0.1792564,0.0002764352
1,0.014775172,2.1960137e-05
1,0.0852471,0.0001309899
1,0.085268445,0.00013102291
1,0.6497462,0.0010043476
1,1.2527696,0.0019373077
1,0.37554455,0.00058011996
0,0.015749902,2.3468177e-05
1,0.0776345,0.00011921215
0,0.0026868756,3.2578814e-06
1,0.8685574,0.0013428786
1,0.04167845,6.358321e-05
0,0.038295336,5.8349066e-05
0,0.013168568,1.94745e-05
0,0.0027243798,3.315905e-06
0,0.0046310704,6.2658173e-06
1,0.088809855,0.00013650197
0,0.002981588,3.7138418e-06
1,0.033766143,5.1341784e-05
1,0.08474666,0.00013021565
0,0.0015111327,1.4388452e-06
0,0.0048724674,6.6392918e-06
1,3.3060362,0.005113994
1,4.366306,0.006754376
0,0.002207154,2.5156858e-06
0,0.0024610648,2.9085209e-06
1,0.11296384,0.0001738715
1,0.070047654,0.00010747426
1,2.4176211,0.0037394932
0,0.0036341841,4.7234976e-06
0,0.004277956,5.719501e-06
1,0.28304452,0.0004370097
1,0.020257449,3.0441972e-05
1,0.053678874,8.214951e-05
1,0.046090722,7.04096e-05
1,0.024445418,3.6921338e-05
1,0.053569794,8.1980754e-05
1,0.041126512,6.272928e-05
0,0.0071055586,1.0094191e-05
1,0.07132172,0.00010944541
1,0.09751243,0.00014996604
0,0.0048054103,6.5355453e-06
1,1.4053532,0.0021733753
0,0.0035103646,4.531932e-06
0,0.005845811,8.145188e-06
0,0.030215142,4.5847893e-05
1,0.0922499,0.00014182419
1,0.09677502,0.00014882517
1,3.2227619,0.0049851565
1,0.069140136,0.000106070205
1,0.02556696,3.8656515e-05
0,0.0031140617,3.9187967e-06
1,0.1661542,0.00025616432
1,0.016289882,2.4303601e-05
0,0.00650135,9.159397e-06
0,0.002464277,2.9134903e-06
1,3.8066475,0.005888508
0,0.007526526,1.0745485e-05
1,5.3036065,0.008204509
0,0.0017219807,1.7650561e-06
1,0.03843063,5.8558388e-05
1,0.071243435,0.0001093243
0,0.009706098,1.4117583e-05
1,0.085452996,0.00013130844
0,0.0042249146,5.637439e-06
1,2.2884579,0.00353966
0,0.017099936,2.5556865e-05
0,0.0044634193,6.006438e-06
1,0.05983921,9.1680406e-05
0,0.015970703,2.380979e-05
0,0.0055548567,7.695042e-06
0,0.013213257,1.954364e-05
1,0.11638967,0.00017917172
1,0.049162906,7.516269e-05
0,0.024807706,3.7481845e-05
1,0.04736628,7.238306e-05
0,0.06761349,0.00010370828
0,0.030473,4.6246834e-05
1,0.046292804,7.072225e-05
1,0.07421481,0.00011392142
1,0.013174702,1.948399e-05
0,0.0045589614,6.154255e-06
1,0.071479194,0.00010968905
1,0.40200824,0.00062106294
1,0.01422332,2.1106347e-05
0,0.008056231,1.1565012e-05
0,0.003788111,4.9616438e-06
1,0.8219286,0.0012707375
0,0.004872292,6.6390203e-06
1,3.3879519,0.005240728
0,0.0050293454,6.8820036e-06
0,0.0025530665,3.0508602e-06
1,0.050471153,7.718673e-05
1,1.4177675,0.0021925822
1,3.8037612,0.0058840425
0,0.0070336214,9.982894e-06
1,0.16962081,0.00026152763
0,0.004644229,6.286176e-06
0,0.006627783,9.355007e-06
0,0.014868998,2.21053e-05
0,0.0025283413,3.0126066e-06
1,0.05420601,8.296507e-05
0,0.0690901,0.00010599279
0,0.0033762825,4.3244886e-06
1,0.01563239,2.3286371e-05
0,0.008891258,1.28569145e-05
0,0.045037378,6.877993e-05
0,0.041020118,6.256468e-05
0,0.016939675,2.530892e-05
1,0.26169083,0.0004039726
1,0.019165875,2.8753158e-05
1,0.07729286,0.00011868359
0,0.0011065024,8.1282644e-07
1,0.1908367,0.0002943515
1,0.071958825,0.0001104311
1,0.015154089,2.2546374e-05
1,0.13071659,0.00020133745
1,0.11136339,0.00017139538
1,5.6547165,0.008747725
0,0.0075238734,1.0741382e-05
1,0.04563346,6.970215e-05
0,0.0033913432,4.347789e-06
1,0.09159006,0.00014080333
1,0.0651124,9.983874e-05
1,0.44853172,0.00069304113
1,0.07508871,0.00011527347
0,0.012457943,1.8375065e-05
0,0.0018121197,1.9045135e-06
0,0.017585995,2.6308866e-05
1,0.08466145,0.0001300838
0,0.037629563,5.7319023e-05
1,0.075910054,0.0001165442
1,0.0695507,0.0001067054
0,0.0026144537,3.1458346e-06
0,0.071537,0.00010977849
1,0.042254373,6.447424e-05
1,0.06897339,0.00010581223
0,0.010154511,1.48113395e-05
0,0.0054838043,7.585114e-06
1,0.021201003,3.190178e-05
1,0.09518331,0.00014636258
0,0.0033301513,4.2531174e-06
0,0.005042154,6.90182e-06
1,0.1391678,0.00021441263
0,0.0040348726,5.343418e-06
1,0.08127198,0.00012483985
1,0.06850205,0.000105083
1,0.080627054,0.00012384205
0,0.0069183283,9.80452e-06
1,0.74486226,0.0011515052
0,0.0013078003,1.124262e-06
1,0.09758222,0.00015007402
0,0.0016391283,1.636872e-06
1,0.075001985,0.00011513929
1,0.07194114,0.00011040374
1,1.3910962,0.002151318
0,0.004516263,6.088195e-06
1,1.4614761,0.0022602053
0,0.004093649,5.4343527e-06
0,0.0033250188,4.2451766e-06
1,0.12123504,0.00018666819
1,0.013817726,2.0478838e-05
1,0.061780635,9.468405e-05
1,0.14837393,0.00022865577
1,0.11929183,0.00018366176
0,0.004801369,6.5292925e-06
1,0.08205116,0.00012604533
1,0.016074106,2.3969767e-05
0,0.003832185,5.029832e-06
0,0.0021891817,2.4878802e-06
0,0.026504986,4.010777e-05
0,0.0020963023,2.344183e-06
0,0.0007679858,2.8909483e-07
1,0.07796148,0.00011971804
0,0.0044746688,6.0238426e-06
1,3.3496556,0.005181479
0,0.0031215914,3.9304464e-06
1,0.052593052,8.0469596e-05
1,0.074417785,0.00011423545
1,3.3318405,0.0051539163
1,0.035794165,5.447941e-05
1,0.088249214,0.00013563457
0,0.16241731,0.00025038281
1,0.094299525,0.00014499524
0,0.0035760952,4.633626e-06
1,0.0735335,0.00011286734
0,0.0050006807,6.8376553e-06
1,0.07848874,0.000120533776
1,0.093365364,0.00014354996
1,2.6312618,0.004070025
0,0.0025529875,3.0507376e-06
1,0.310263,0.00047912044
0,0.14137313,0.00021782458
1,3.0094225,0.0046550916
1,0.86781746,0.0013417337
0,0.0056359186,7.820456e-06
0,0.0021672668,2.4539747e-06
1,0.08047565,0.00012360781
1,1.7130123,0.0026493664
1,0.0737079,0.00011313717
1,0.051962193,7.949357e-05
0,0.0036384044,4.730027e-06
1,0.08125921,0.00012482009
1,0.04284045,6.5380984e-05
1,0.0799295,0.00012276284
1,0.07905926,0.00012141645
0,0.0023504326,2.7373574e-06
1,0.034555994,5.256379e-05
1,1.1962192,0.0018498164
1,0.47686416,0.00073687534
1,0.017805632,2.6648675e-05
1,0.08522692,0.00013095868
0,0.0046636183,6.3161733e-06
0,0.0038401675,5.0421822e-06
1,0.073277965,0.00011247199
1,0.49535444,0.0007654824
0,0.011911288,1.7529315e-05
0,0.0021367809,2.406809e-06
0,0.0040749353,5.4054003e-06
1,0.09001284,0.00013836315
1,0.09465208,0.00014554069
1,0.08525072,0.0001309955
1,0.03176823,4.825073e-05
1,3.5892498,0.005552164
1,0.077482425,0.00011897687
1,0.08258487,0.00012687106
0,0.0028500333,3.5103083e-06
0,0.013173579,1.9482253e-05
0,0.0015117162,1.4397478e-06
1,0.07382374,0.00011331639
0,0.01605331,2.3937593e-05
1,0.013264733,1.9623281e-05
0,0.0021720536,2.4613805e-06
0,0.0015424781,1.4873408e-06
0,0.015815578,2.356979e-05
1,1.0233866,0.0015824207
1,0.022577452,3.4031335e-05
0,0.0026106066,3.1398822e-06
0,0.04323954,6.599843e-05
1,0.06820311,0.00010462049
1,0.08697675,0.0001336659
0,0.00691907,9.805668e-06
1,0.050081756,7.658428e-05
0,0.0057607014,8.013511e-06
1,1.707347,0.0026406015
0,0.00814494,1.1702257e-05
0,0.006706581,9.4769175e-06
0,0.014814657,2.2021226e-05
1,0.0772516,0.000118619755
1,0.061237838,9.384427e-05
1,0.07326925,0.00011245851
1,4.881721,0.007551794
1,0.03893315,5.9335853e-05
1,0.05490215,8.404209e-05
1,4.5761614,0.0070790513
0,0.00390088,5.1361126e-06
1,0.0647129,9.9220655e-05
1,0.06435189,9.866212e-05
0,0.0021016719,2.3524906e-06
1,0.031858318,4.8390113e-05
1,0.078868546,0.00012112139
1,0.06147542,9.421184e-05
1,0.047376413,7.239874e-05
1,0.0872982,0.00013416323
0,0.0071689137,1.019221e-05
0,0.008364908,1.2042578e-05
1,0.445821,0.00068884727
0,0.00454491,6.1325154e-06
0,0.0075135212,1.0725365e-05
0,0.012612087,1.8613548e-05
1,0.013769484,2.04042e-05
1,0.076542795,0.00011752314
1,0.06683792,0.00010250836
1,0.02031153,3.0525644e-05
1,0.7869729,0.0012166561
1,0.3093955,0.0004777783
0,0.009810998,1.4279878e-05
0,0.016426982,2.4515713e-05
1,0.018206436,2.7268774e-05
1,0.08435966,0.0001296169
1,2.30675,0.0035679606
1,0.7125901,0.0011015757
0,0.005334202,7.353659e-06
0,0.038061924,5.7987945e-05
1,0.0145537015,2.1617492e-05
1,2.631081,0.004069745
1,0.011957805,1.7601284e-05
1,5.495487,0.008501375
1,0.016916953,2.5273766e-05
0,0.0015003474,1.4221589e-06
0,0.0060764533,8.502024e-06
1,4.8811207,0.0075508654
1,0.05737943,8.787478e-05
0,0.0049548727,6.7667843e-06
1,0.07208196,0.000110621615
1,0.048315175,7.385114e-05
1,0.012931962,1.9108438e-05
0,0.025211094,3.8105944e-05
0,0.0032650754,4.1524354e-06
0,0.007493577,1.0694509e-05
1,0.01865389,2.7961047e-05
1,0.03080702,4.676361e-05
0,0.0019009336,2.0419207e-06
0,0.005581824,7.736764e-06
1,0.22187851,0.00034237746
0,0.036066014,5.49e-05
1,0.020659648,3.1064228e-05
1,0.14618334,0.00022526663
1,0.08010204,0.00012302978
1,0.014741524,2.190808e-05
1,0.087953575,0.00013517718
1,0.08748044,0.00013444517
1,0.2800682,0.00043240492
1,0.028775258,4.3620195e-05
1,0.017287925,2.584771e-05
0,0.0040169875,5.315747e-06
0,0.0033248141,4.2448596e-06
0,0.010159205,1.4818602e-05
1,1.7072473,0.002640447
1,4.493117,0.0069505703
0,0.014257379,2.1159041e-05
1,0.019810019,2.9749737e-05
1,5.523922,0.008545367
0,0.0067996336,9.620883e-06
0,0.020913478,3.145694e-05
1,0.0640273,9.815995e-05
1,0.01744874,2.6096513e-05
1,0.012594352,1.8586108e-05
0,0.014390077,2.1364343e-05
0,0.029871713,4.531656e-05
0,0.0026671283,3.2273294e-06
1,0.053016726,8.112508e-05
1,1.5029697,0.0023244016
0,0.001828069,1.9291892e-06
0,0.005891921,8.216527e-06
1,0.15396091,0.00023729961
1,0.053821944,8.237086e-05
1,0.014785387,2.197594e-05
0,0.011886466,1.7490913e-05
1,0.10124934,0.00015574755
0,0.0067203287,9.498187e-06
1,0.085671,0.00013164572
1,0.052979805,8.1067956e-05
0,0.0014951775,1.4141604e-06
0,0.0026861853,3.256813e-06
0,0.010426518,1.5232172e-05
1,0.08119258,0.000124717
0,0.0031118619,3.9153933e-06
1,0.012917111,1.908546e-05
1,0.06633672,0.000101732934
1,0.08386178,0.00012884662
0,0.012370543,1.8239845e-05
1,0.09014501,0.00013856763
0,0.0042402786,5.661209e-06
1,4.533077,0.0070123933
1,0.039456327,6.0145278e-05
1,0.07856735,0.0001206554
1,0.019714111,2.9601355e-05
0,0.0041238004,5.481001e-06
1,0.052462105,8.0267004e-05
1,0.087243,0.00013407783
1,0.088528916,0.00013606732
0,0.018435348,2.7622931e-05
1,0.09002419,0.00013838071
0,0.0035778144,4.6362857e-06
0,0.025070345,3.7888185e-05
0,0.009029292,1.3070471e-05
1,5.49687,0.008503514
0,0.024858294,3.7560112e-05
0,0.014984543,2.2284064e-05
0,0.006703904,9.472776e-06
1,0.039298166,5.990058e-05
1,0.08050236,0.00012364912
1,2.099278,0.0032469726
1,0.080336526,0.00012339256
0,0.0011964637,9.5200903e-07
0,0.014736209,2.1899858e-05
1,0.06720112,0.000103070284
1,0.25579065,0.00039484422
0,0.0029938146,3.7327577e-06
1,0.066765375,0.00010239612
0,0.009925189,1.4456548e-05
0,0.0050083525,6.8495247e-06
1,0.053368475,8.1669285e-05
0,0.014907056,2.216418e-05
0,0.0018521949,1.9665154e-06
1,0.0279769,4.2385025e-05
1,0.11984528,0.00018451804
0,0.01190385,1.7517808e-05
1,0.065562434,0.000100535006
1,0.086561,0.00013302268
1,0.012182571,1.7949027e-05
1,0.15058194,0.00023207188
0,0.0031525434,3.9783336e-06
1,0.013620157,2.0173171e-05
1,0.06331066,9.7051205e-05
1,0.024719965,3.7346097e-05
0,0.038864072,5.922898e-05
0,0.009735297,1.4162759e-05
0,0.011262743,1.6525926e-05
0,0.046473242,7.1001414e-05
0,0.0035592304,4.607534e-06
1,0.014501606,2.1536895e-05
1,0.02819166,4.2717285e-05
0,0.007801405,1.1170761e-05
1,0.0159165,2.372593e-05
1,0.016473014,2.458693e-05
1,0.05080311,7.7700315e-05
0,0.063904874,9.797054e-05
1,2.1914487,0.0033895734
0,0.0034581572,4.4511594e-06
1,1.3780557,0.0021311424
0,0.04652345,7.107909e-05
1,0.0683235,0.00010480676
1,0.4476241,0.00069163693
1,0.4688126,0.0007244185
1,0.14177167,0.00021844117
1,0.0776649,0.00011925918
0,0.0047291853,6.4176147e-06
1,1.0524782,0.0016274293
1,0.047147244,7.204418e-05
1,0.08421069,0.00012938642
1,0.015945982,2.3771541e-05
0,0.098459534,0.00015143135
1,0.08040309,0.00012349554
1,0.08954713,0.00013764262
1,0.04762438,7.278238e-05
0,0.064157255,9.8361e-05
0,0.008235863,1.1842928e-05
0,0.0042076823,5.610778e-06
0,0.059753958,9.154851e-05
0,0.0032770056,4.170893e-06
1,0.01617034,2.4118654e-05
0,0.0050440035,6.904682e-06
1,0.059311207,9.0863505e-05
1,0.016391974,2.4461551e-05
0,0.008976196,1.2988325e-05
1,1.9985459,0.003091126
0,0.009326051,1.3529599e-05
0,0.013217342,1.9549962e-05
1,1.4169433,0.002191307
1,0.075010985,0.00011515322
1,3.5335402,0.0054659736
0,0.030001374,4.5517165e-05
1,1.1661437,0.0018032854
0,0.0020660367,2.297358e-06
1,0.057063032,8.738527e-05
0,0.00644043,9.065146e-06
0,0.00744513,1.0619555e-05
1,0.09699834,0.00014917068
0,0.0059261834,8.269535e-06
0,0.0050054546,6.8450413e-06
0,0.0014301817,1.3136029e-06
1,0.08235002,0.00012650772
1,3.2914402,0.0050914115
1,5.2921906,0.008186847
0,0.009760601,1.4201908e-05
1,0.07099664,0.00010894248
0,0.01963866,2.948462e-05
1,0.07612425,0.00011687559
1,0.18345709,0.00028293426
0,0.0028798915,3.556503e-06
0,0.0021723385,2.4618216e-06
1,0.07187555,0.000110302266
1,0.056714244,8.684565e-05
1,0.52666396,0.00081392244
0,0.038431205,5.8559275e-05
1,0.29142046,0.00044996844
1,0.40543953,0.0006263716
0,0.010832592,1.5860425e-05
0,0.007032268,9.9808e-06
0,0.0019835625,2.169759e-06
0,0.004098583,5.441986e-06
1,0.072640434,0.00011148565
1,0.11833535,0.00018218196
0,0.0033142364,4.2284946e-06
0,0.029022267,4.400235e-05
1,0.06747197,0.00010348933
1,2.142295,0.0033135258
0,0.0023920978,2.8018194e-06
1,0.09771924,0.00015028601
1,3.8038006,0.0058841035
0,0.010133458,1.4778769e-05
1,0.054943472,8.410602e-05
1,0.09525618,0.00014647531
0,0.019231727,2.885504e-05
1,0.096050054,0.00014770354
1,0.08307217,0.00012762498
0,0.057045765,8.735856e-05
0,0.020376734,3.0626525e-05
0,0.006254175,8.776984e-06
0,0.013307102,1.9688832e-05
1,5.282666,0.008172112
1,0.032446224,4.9299688e-05
1,0.021556875,3.2452364e-05
1,0.0901923,0.0001386408
1,0.07040611,0.00010802884
1,1.0295674,0.0015919831
0,0.006159882,8.631099e-06
0,0.00597706,8.348249e-06
1,1.3146645,0.0020330676
1,0.0620803,9.5147676e-05
0,0.0025565447,3.0562412e-06
0,0.0019775769,2.1604985e-06
0,0.0071947076,1.0232116e-05
0,0.002573136,3.0819106e-06
1,0.012425409,1.832473e-05
0,0.0067529464,9.548651e-06
0,0.011446046,1.6809521e-05
1,0.16933525,0.0002610858
1,5.141864,0.007954271
1,0.06809878,0.00010445909
1,0.093872115,0.00014433397
0,0.0070700054,1.0039185e-05
1,0.06567583,0.00010071045
1,5.101956,0.007892528
1,2.1524246,0.0033291976
1,1.9628944,0.0030359684
1,0.03518973,5.3544267e-05
0,0.0072170035,1.0266612e-05
0,0.0031768,4.015861e-06
1,0.012150288,1.7899081e-05
0,0.008100053,1.1632811e-05
1,0.035460446,5.39631e-05
0,0.007814196,1.119055e-05
1,0.04523753,6.90896e-05
0,0.005310537,7.3170454e-06
1,5.425579,0.008393217
0,0.018339345,2.7474402e-05
0,0.0049990937,6.8352e-06
1,0.089556195,0.00013765665
0,0.01035449,1.5120735e-05
0,0.006855405,9.707169e-06
1,0.07708213,0.00011835756
1,2.1943972,0.0033941353
0,0.028099857,4.2575255e-05
1,1.7928683,0.0027729145
1,0.44866094,0.0006932411
1,0.04974359,7.6061086e-05
1,0.076871544,0.000118031756
1,0.035985388,5.4775257e-05
0,0.012806282,1.8913996e-05
0,0.0052939546,7.2913904e-06
0,0.0029644605,3.6873432e-06
1,0.1041295,0.00016020356
1,0.019527052,2.9311946e-05
0,0.0038681629,5.085495e-06
0,0.0029979905,3.7392188e-06
1,0.025747342,3.8935592e-05
0,0.003970243,5.2434266e-06
0,0.0057322076,7.969428e-06
1,0.027647328,4.187513e-05
1,0.012501808,1.8442932e-05
0,0.008359361,1.2033996e-05
0,0.0061145267,8.560928e-06
1,0.01969847,2.9577157e-05
0,0.0057377983,7.9780775e-06
1,0.06464892,9.912167e-05
1,0.08766796,0.0001347353
1,0.013686086,2.0275173e-05
1,0.11482786,0.00017675539
1,0.051910102,7.941298e-05
1,0.0485417,7.42016e-05
0,0.023447637,3.537763e-05
1,0.09040724,0.00013897334
1,0.059733372,9.151665e-05
0,0.0014665977,1.3699433e-06
0,0.0015078482,1.4337636e-06
0,0.0034742462,4.4760513e-06
1,5.194247,0.008035314
1,0.046779163,7.1474715e-05
1,0.017616538,2.6356121e-05
0,0.0016084113,1.5893486e-06
1,3.3058383,0.0051136874
0,0.024770128,3.7423706e-05
0,0.004466294,6.0108855e-06
0,0.0058272714,8.116504e-06
0,0.0017383122,1.790323e-06
0,0.0017250044,1.7697341e-06
0,0.009024058,1.3062373e-05
1,0.084697746,0.00013013996
1,0.077911265,0.00011964035
0,0.0070105484,9.947197e-06
0,0.015311258,2.2789536e-05
0,0.0025101302,2.9844316e-06
0,0.0033965136,4.355789e-06
0,0.010500306,1.5346333e-05
1,0.082717896,0.00012707687
1,2.1936655,0.0033930033
0,0.0034721172,4.4727576e-06
1,0.014114991,2.0938747e-05
0,0.012844692,1.897342e-05
0,0.0029686487,3.693823e-06
0,0.01159685,1.7042837e-05
1,0.06697992,0.00010272806
0,0.004036534,5.345988e-06
1,1.0534514,0.001628935
0,0.0033688846,4.313043e-06
0,0.008831064,1.2763786e-05
1,1.7073518,0.0026406087
0,0.054993954,8.4184125e-05
0,0.005468789,7.561883e-06
1,0.08396463,0.00012900574
1,0.103972524,0.00015996069
0,0.0018424792,1.951484e-06
1,0.014146948,2.098819e-05
1,0.07871375,0.00012088191
1,0.08392581,0.00012894568
1,3.0036192,0.0046461127
1,4.8347654,0.0074791475
1,0.087694906,0.00013477699
1,0.011725938,1.7242553e-05
1,0.07901597,0.000121349476
0,0.026726225,4.0450057e-05
1,0.053729896,8.222845e-05
0,0.009427444,1.3686467e-05
1,3.1916924,0.0049370877
0,0.06477121,9.931088e-05
1,5.3036046,0.008204506
1,0.04260029,6.500942e-05
0,0.009645692,1.4024127e-05
0,0.008867866,1.2820724e-05
1,0.07213628,0.00011070566
1,0.03371468,5.126216e-05
1,0.21413396,0.0003303956
0,0.01612402,2.404699e-05
1,0.04379973,6.686512e-05
0,0.006885616,9.75391e-06
1,0.11993682,0.00018465966
1,0.06990111,0.000107247535
1,0.066765964,0.00010239703
0,0.0053014164,7.302935e-06
1,0.06822238,0.00010465031
0,0.004051726,5.3694916e-06
1,2.0462322,0.0031649035
1,0.0767585,0.00011785686
0,0.012506629,1.845039e-05
0,0.010691485,1.5642114e-05
1,0.06154461,9.4318886e-05
1,1.803724,0.00278971
0,0.0028336376,3.4849422e-06
1,0.08225091,0.00012635437
1,0.10222968,0.00015726428
1,0.1349001,0.00020780989
1,0.09257137,0.00014232154
0,0.004904454,6.6887796e-06
1,0.07049008,0.00010815875
1,0.02125455,3.1984626e-05
1,0.07148601,0.0001096996
1,0.08412041,0.00012924675
1,1.148238,0.0017755828
1,0.10223653,0.00015727487
0,0.0026411316,3.1871086e-06
0,0.0072593163,1.0332075e-05
1,5.8975964,0.009123493
0,0.020667342,3.1076135e-05
0,0.072717346,0.00011160464
1,0.07684459,0.00011799005
1,0.058802377,9.0076275e-05
0,0.005990762,8.369447e-06
1,0.041343376,6.30648e-05
1,0.05815632,8.907673e-05
0,0.002964914,3.688045e-06
1,5.896337,0.009121545
0,0.0050786063,6.958217e-06
0,0.04640754,7.089976e-05
1,0.044336166,6.769506e-05
1,0.09091183,0.000139754
1,0.06603832,0.00010127127
1,0.8106464,0.0012532823
1,4.299281,0.0066506797
1,0.63728994,0.0009850761
1,1.2062079,0.0018652703
1,2.2199821,0.0034337186
0,0.0014962136,1.4157633e-06
0,0.0009905458,6.3342577e-07
1,0.02434312,3.6763067e-05
1,0.39679423,0.00061299617
1,5.080343,0.007859089
0,0.0018328689,1.9366153e-06
1,0.1536354,0.00023679598
1,0.090637065,0.00013932891
1,0.0691156,0.00010603225
1,0.083579436,0.00012840978
1,5.4992647,0.008507219
0,0.0124497805,1.8362438e-05
1,0.08965738,0.0001378132
1,0.09193663,0.00014133952
0,0.0028026262,3.436963e-06
1,0.015138045,2.2521552e-05
0,0.0066895545,9.450576e-06
1,0.09054402,0.00013918497
0,0.0020124025,2.2143786e-06
0,0.03627842,5.522862e-05
0,0.00446451,6.0081256e-06
0,0.014842738,2.2064673e-05
1,0.09548658,0.00014683178
0,0.0057595754,8.01177e-06
1,0.07298649,0.00011202104
0,0.0064133424,9.023237e-06
1,0.16504627,0.0002544502
1,0.041657932,6.3551466e-05
0,0.0034084318,4.374228e-06
0,0.010927789,1.6007707e-05
0,0.0019507025,2.11892e-06
1,0.098286934,0.0001511643
1,0.015079894,2.2431585e-05
1,0.0933507,0.00014352727
0,0.0018297585,1.9318031e-06
1,0.10712666,0.00016484057
0,0.00476532,6.4735204e-06
1,0.075262554,0.000115542425
0,0.011757664,1.7291639e-05
1,1.3883033,0.0021469968
0,0.008093407,1.1622528e-05
0,0.08373419,0.00012864922
1,0.056386884,8.6339176e-05
0,0.0184133,2.758882e-05
1,0.036197163,5.5102904e-05
0,0.001587274,1.5566463e-06
1,0.091929354,0.00014132826
0,0.007696753,1.10088495e-05
1,0.038840458,5.9192444e-05
1,0.46989954,0.0007261001
0,0.11791174,0.00018152659
0,0.004572924,6.1758574e-06
0,0.0070979535,1.00824245e-05
1,0.37878028,0.0005851261
0,0.0027140267,3.2998873e-06
0,0.010784236,1.578561e-05
1,0.090943076,0.00013980235
1,0.05178543,7.9220095e-05
0,0.0037446734,4.8944394e-06
0,0.014781618,2.197011e-05
1,3.3291416,0.0051497407
0,0.009983831,1.4547275e-05
1,0.061790276,9.469897e-05
1,0.06895253,0.00010577995
1,0.073596075,0.00011296415
0,0.039364923,6.0003862e-05
1,0.09155668,0.00014075168
0,0.0054032784,7.4605296e-06
0,0.009324158,1.3526669e-05
0,0.04366516,6.665692e-05
1,0.0795165,0.00012212386
0,0.076304995,0.00011715523
1,0.03990036,6.0832255e-05
1,0.101240374,0.00015573368
1,0.08356586,0.00012838878
0,0.006863468,9.7196435e-06
0,0.0014233155,1.3029799e-06
0,0.009131858,1.3229155e-05
0,0.0063263965,8.88872e-06
1,0.09785448,0.00015049524
1,0.029368306,4.453772e-05
0,0.027716497,4.1982144e-05
0,0.018235836,2.731426e-05
1,0.07062518,0.00010836777
0,0.0033200772,4.2375314e-06
0,0.00621329,8.713729e-06
0,0.0030184083,3.770808e-06
0,0.001916471,2.0659593e-06
1,0.058793556,9.006263e-05
0,0.0036131858,4.6910104e-06
1,0.10636811,0.00016366699
1,5.2797804,0.008167647
0,0.0056852857,7.896833e-06
1,1.8595873,0.002876138
0,0.00433098,5.8015366e-06
1,0.04180533,6.377951e-05
1,0.08804803,0.00013532332
0,0.005604391,7.771679e-06
0,0.013674299,2.0256935e-05
0,0.009620451,1.3985076e-05
1,1.7130133,0.002649368
1,0.07909803,0.000121476434
0,0.015950017,2.3777784e-05
1,0.043949507,6.7096844e-05
0,0.009969165,1.4524584e-05
1,1.8010633,0.0027855933
0,0.0027861157,3.4114191e-06
1,0.012806527,1.8914374e-05
1,0.09880804,0.00015197054
1,4.058403,0.006278008
1,1.286736,0.0019898585
1,3.3376057,0.005162836
1,0.14452985,0.00022270845
0,0.0033374324,4.264382e-06
1,0.01735993,2.595911e-05
0,0.006587417,9.292555e-06
1,0.20666982,0.00031884754
1,0.012865423,1.9005494e-05
0,0.002317745,2.6867854e-06
0,0.007274021,1.03548255e-05
0,0.005719151,7.949227e-06
1,3.4903343,0.005399128
1,0.07483869,0.00011488665
1,0.1601691,0.00024690453
1,0.015455393,2.3012533e-05
0,0.0074318405,1.0598994e-05
0,0.00097545935,6.100849e-07
0,0.0058010267,8.075901e-06
1,0.06483455,9.940887e-05
0,0.008554204,1.2335446e-05
0,0.0019767196,2.159172e-06
1,0.04999046,7.644303e-05
1,0.4936578,0.0007628574
1,0.02573545,3.8917195e-05
0,0.006470303,9.111363e-06
1,1.2395154,0.0019168017
1,0.10049648,0.00015458278
0,0.0021865068,2.4837416e-06
1,0.07296623,0.000111989706
0,0.0015355316,1.4765936e-06
0,0.0038124397,4.999283e-06
1,6.307803,0.009758139
0,0.0029351995,3.6420722e-06
1,0.18046904,0.00027831132
1,0.65886843,0.001018461
0,0.0030445282,3.811219e-06
1,0.07807077,0.00011988712
1,0.045998987,7.026767e-05
1,0.10413147,0.0001602066
1,2.9783602,0.0046070335
0,0.0052494183,7.2224866e-06
0,0.02296428,3.462981e-05
1,0.013616081,2.0166864e-05
1,0.15919255,0.00024539366
1,0.04208639,6.421434e-05
1,0.64502823,0.0009970482
1,0.04078839,6.220616e-05
1,3.8973603,0.0060288534
1,0.094242,0.00014490624
0,0.004450339,5.986201e-06
0,0.0060184607,8.412301e-06
0,0.0045041493,6.0694533e-06
0,0.011214915,1.645193e-05
0,0.0046370253,6.2750305e-06
1,0.08357038,0.00012839578
0,0.04052018,6.179121e-05
1,0.09104369,0.000139958
1,0.27303177,0.0004215186
1,0.013746569,2.0368747e-05
0,0.01897584,2.8459148e-05
1,0.07098799,0.000108929096
0,0.0037937784,4.9704117e-06
1,0.05038632,7.705548e-05
0,0.0044485265,5.983397e-06
0,0.002548894,3.0444044e-06
1,0.025272831,3.820146e-05
1,0.10183647,0.00015665594
1,0.07999903,0.0001228704
0,0.0043949904,5.9005692e-06
0,0.002743265,3.3451233e-06
0,0.009693062,1.4097415e-05
0,0.005403846,7.4614077e-06
0,0.0046456354,6.2883514e-06
0,0.013987398,2.0741343e-05
1,0.08132262,0.00012491818
0,0.028899433,4.381231e-05
0,0.0052446197,7.2150624e-06
0,0.0046970765,6.367938e-06
0,0.0049180896,6.709876e-06
0,0.0023239926,2.696451e-06
1,2.3619187,0.003653314
0,0.009880763,1.4387813e-05
1,0.07523976,0.000115507166
0,0.0055119423,7.6286474e-06
1,2.3841066,0.0036876418
1,0.072928056,0.00011193064
1,0.0456617,6.9745845e-05
1,0.011912535,1.7531245e-05
1,0.48541036,0.0007500975
0,0.006770958,9.576518e-06
0,0.0019827222,2.1684589e-06
0,0.007877479,1.1288458e-05
1,5.14148,0.007953677
0,0.003813062,5.0002463e-06
1,0.0716144,0.00010989823
1,0.018388763,2.755086e-05
1,0.060286313,9.237213e-05
0,0.010506586,1.5356049e-05
0,0.02817636,4.2693617e-05
0,0.02423908,3.66021e-05
1,0.10836313,0.00016675357
0,0.0023743259,2.7743238e-06
1,0.07623429,0.000117045834
0,0.016309801,2.4334418e-05
1,0.07766809,0.00011926413
1,0.01893231,2.8391802e-05
0,0.0023442064,2.7277247e-06
0,0.005348059,7.375097e-06
0,0.005165883,7.093246e-06
1,0.013981433,2.0732114e-05
0,0.0038125485,4.999452e-06
1,0.060389884,9.253237e-05
0,0.0052649514,7.2465186e-06
0,0.0085043125,1.2258256e-05
0,0.026987983,4.0855033e-05
0,0.033880148,5.1518164e-05
0,0.0044914354,6.0497828e-06
1,0.122727,0.00018897645
1,0.037879914,5.770635e-05
1,0.071244024,0.00010932521
0,0.0027646914,3.378273e-06
1,0.05999676,9.192416e-05
0,0.0049384804,6.741423e-06
0,0.031031027,4.7110178e-05
0,0.0072072586,1.0251535e-05
0,0.0027602697,3.3714316e-06
0,0.005292727,7.2894914e-06
1,0.053389043,8.17011e-05
1,0.08904301,0.00013686268
0,0.008421801,1.2130599e-05
1,0.15010339,0.00023133149
0,0.007603626,1.086477e-05
1,0.054208178,8.296842e-05
1,1.4006257,0.0021660614
0,0.0019784842,2.1619023e-06
1,0.080613114,0.00012382049
0,0.009088142,1.3161521e-05
1,0.013614883,2.0165011e-05
0,0.008957944,1.2960087e-05
0,0.023461128,3.5398505e-05
0,0.0010555178,7.3394637e-07
0,0.00951522,1.38222695e-05
0,0.003597866,4.6673085e-06
0,0.0023439897,2.7273895e-06
0,0.0038229458,5.015538e-06
1,0.8081221,0.0012493768
0,0.003132259,3.94695e-06
0,0.05906565,9.04836e-05
1,0.059889395,9.175804e-05
0,0.42892683,0.0006627097
0,0.0019979246,2.1919793e-06
0,0.0019039448,2.0465795e-06
1,5.8787065,0.009094268
0,0.0059260326,8.269302e-06
1,0.06277159,9.621719e-05
1,4.9772596,0.0076996055
0,0.0023628047,2.7564988e-06
1,0.37481922,0.0005789978
0,0.0029962547,3.736533e-06
0,0.0095996605,1.395291e-05
1,2.2141738,0.0034247322
0,0.0012012519,9.59417e-07
0,0.0059974804,8.379841e-06
1,0.06287954,9.638421e-05
1,0.18106773,0.00027923757
1,1.0416918,0.0016107413
1,0.017037472,2.5460226e-05
1,0.024164509,3.648673e-05
1,0.09099298,0.00013987956
1,0.45827833,0.0007081205
1,1.9911001,0.0030796065
0,0.028458264,4.312976e-05
1,0.062172633,9.5290525e-05
1,0.047841847,7.3118834e-05
1,0.013164976,1.9468942e-05
1,2.3765154,0.0036758971
1,4.4154773,0.006830451
1,1.6171553,0.0025010624
0,0.0047036707,6.3781404e-06
0,0.006030088,8.43029e-06
0,0.0042487476,5.6743115e-06
1,0.07234323,0.00011102583
1,4.408166,0.0068191392
1,1.5639482,0.0024187437
0,0.0064019384,9.005594e-06
1,0.19611569,0.00030251883
0,0.0027843853,3.4087418e-06
1,0.29466617,0.00045499002
1,0.014538916,2.1594617e-05
0,0.0061313384,8.586939e-06
1,0.5787702,0.00089453795
0,0.0045396336,6.1243522e-06
0,0.050021205,7.64906e-05
1,0.5991983,0.00092614297
0,0.008055518,1.15639095e-05
0,0.0016819746,1.7031612e-06
0,0.0023905619,2.7994429e-06
0,0.005616398,7.790255e-06
0,0.009061845,1.3120835e-05
1,0.041064683,6.2633626e-05
1,0.08478199,0.0001302703
1,0.071087435,0.00010908295
1,1.217115,0.0018821452
1,0.104407385,0.00016063348
0,0.006264437,8.79286e-06
1,0.04230817,6.455747e-05
0,0.0043540103,5.8371675e-06
1,0.10330605,0.00015892957
1,0.07866932,0.00012081316
1,5.6550093,0.008748177
1,0.061312623,9.395997e-05
1,3.3613584,0.0051995846
1,0.06824045,0.00010467826
1,2.4078634,0.0037243967
0,0.0012971903,1.107847e-06
1,0.019967658,2.9993627e-05
1,0.011925336,1.755105e-05
0,0.0108892135,1.5948026e-05
1,0.13501373,0.00020798571
0,0.0066482876,9.38673e-06
1,0.025680473,3.8832135e-05
0,0.002979162,3.7100883e-06
1,5.686686,0.0087971855
0,0.004976543,6.8003114e-06
1,0.05133853,7.852868e-05
1,0.073723994,0.00011316207
1,0.12734292,0.00019611792
0,0.0025449633,3.038323e-06
1,0.067870945,0.00010410659
1,0.8923062,0.0013796212
0,0.0042621875,5.695105e-06
0,0.004246943,5.67152e-06
1,3.3319373,0.0051540663
1,0.15764034,0.00024299219
1,0.73393226,0.001134595
0,0.0025494848,3.0453184e-06
1,4.0617304,0.006283156
0,0.0052740267,7.2605594e-06
0,0.2684219,0.00041438648
1,0.080201335,0.0001231834
0,0.00538205,7.427686e-06
0,0.005676957,7.883948e-06
1,0.110234894,0.00016964944
1,0.016343508,2.4386567e-05
0,0.017062588,2.5499083e-05
1,0.05869425,8.9908994e-05
0,0.002461383,2.909013e-06
0,0.089567944,0.00013767483
1,0.10259251,0.00015782563
1,0.8610248,0.0013312246
0,0.0039151995,5.158267e-06
1,0.08117914,0.0001246962
1,1.2550614,0.0019408534
1,0.04762657,7.278577e-05
1,3.5892487,0.005552162
0,0.015964795,2.3800649e-05
1,0.015998209,2.3852344e-05
1,0.07521101,0.00011546268
1,0.07599282,0.00011667225
1,0.06523993,0.00010003605
1,5.907864,0.009139379
1,0.052891158,8.093081e-05
1,0.73001015,0.001128527
1,0.7588681,0.0011731741
1,0.0407686,6.2175546e-05
0,0.010374346,1.5151455e-05
1,5.245605,0.008114773
0,0.002341493,2.7235267e-06
1,0.049264766,7.5320284e-05
1,0.035687685,5.431467e-05
1,0.07586187,0.00011646965
0,0.0066688326,9.418516e-06
0,0.0018607859,1.9798067e-06
0,0.0023915777,2.8010147e-06
1,0.083474115,0.00012824684
1,0.08059748,0.0001237963
1,4.8967237,0.0075750053
0,0.021069065,3.1697655e-05
1,0.08599953,0.000132154
1,0.08163078,0.00012539494
0,0.0046192934,6.247597e-06
0,0.0070268638,9.972439e-06
1,0.15475298,0.00023852506
0,0.0024292853,2.8593536e-06
1,1.1264328,0.0017418473
0,0.0037947139,4.971859e-06
1,0.07845174,0.000120476536
1,0.030715317,4.662173e-05
0,0.0082885865,1.1924498e-05
0,0.0029934172,3.7321433e-06
0,0.016495043,2.4621013e-05
1,0.06683865,0.00010250949
1,2.320678,0.0035895088
0,0.008274904,1.1903329e-05
1,0.073114075,0.00011221843
0,0.0028368202,3.4898658e-06
0,0.0095375385,1.3856798e-05
0,0.0031906753,4.0373284e-06
0,0.0029773077,3.7072195e-06
0,0.027037548,4.0931718e-05
1,0.05237271,8.0128695e-05
0,0.0070080655,9.9433555e-06
0,0.0011008808,8.041291e-07
0,0.008150226,1.17104355e-05
1,0.07877126,0.000120970886
0,0.009048538,1.3100248e-05
0,0.002803552,3.4383952e-06
0,0.003359382,4.2983406e-06
1,2.285005,0.003534318
0,0.00335993,4.2991887e-06
0,0.023798525,3.5920504e-05
1,4.5761623,0.0070790527
1,0.06552621,0.00010047897
0,0.06932309,0.00010635326
1,2.2113643,0.0034203855
0,0.014365332,2.132606e-05
1,0.047231324,7.217427e-05
1,0.08061707,0.0001238266
1,0.016717758,2.4965584e-05
1,5.74516,0.008887653
0,0.012386642,1.8264755e-05
1,0.09014323,0.00013856488
1,0.04737488,7.2396375e-05
1,0.086139895,0.00013237116
0,0.0079298895,1.1369544e-05
1,4.328643,0.0066961064
0,0.0051077046,7.003236e-06
1,0.03181998,4.83308e-05
0,0.0038686395,5.0862322e-06
1,1.2419468,0.0019205633
1,0.1927169,0.00029726044
1,0.116328165,0.00017907657
1,0.017929982,2.6841062e-05
1,2.0432303,0.0031602592
0,0.017348032,2.5940704e-05
1,0.07493331,0.00011503305
0,0.0014565478,1.3543948e-06
1,0.038112875,5.8066773e-05
1,0.0268724,4.0676212e-05
1,0.059756137,9.1551876e-05
1,4.139739,0.006403846
0,0.013117893,1.9396099e-05
1,0.05023821,7.6826334e-05
1,0.5008839,0.0007740371
1,1.559755,0.0024122563
0,0.011803962,1.7363267e-05
0,0.010465965,1.5293203e-05
0,0.009355475,1.3575122e-05
1,0.07826614,0.00012018938
1,0.063288264,9.701656e-05
1,0.078863375,0.00012111339
1,0.47479066,0.00073366734
1,0.60238194,0.00093106856
0,0.066709936,0.000102310354
1,0.01357284,2.0099966e-05
0,0.00290524,3.5957212e-06
1,0.40059257,0.0006188727
1,0.07111125,0.000109119785
0,0.0028362663,3.4890093e-06
0,0.008911183,1.2887741e-05
1,0.44602603,0.0006891645
1,0.3250019,0.00050192355
1,0.06709384,0.000102904305
1,0.074977525,0.00011510145
1,0.07291374,0.00011190849
0,0.0045585926,6.1536844e-06
0,0.0021213507,2.3829364e-06
1,0.08677456,0.00013335308
0,0.014950786,2.2231836e-05
1,0.09328177,0.00014342064
0,0.0014926266,1.4102137e-06
0,0.0031970108,4.0471305e-06
1,4.3376174,0.006709991
1,0.012175113,1.793749e-05
1,0.01718505,2.5688547e-05
1,5.268815,0.008150682
0,0.0039817044,5.261159e-06
0,0.00678215,9.593833e-06
1,0.0146283945,2.1733053e-05
1,0.046582364,7.117024e-05
1,1.4501604,0.0022426983
0,0.03197105,4.8564525e-05
0,0.0014070065,1.2777477e-06
0,0.006539083,9.217775e-06
0,0.017187038,2.5691625e-05
1,2.189973,0.0033872905
1,0.09685939,0.0001489557
0,0.003110213,3.912842e-06
0,0.0075232396,1.0740401e-05
1,0.33003375,0.00050970854
1,0.06226517,9.5433694e-05
1,0.018391736,2.7555458e-05
1,0.092609815,0.00014238103
1,0.039497413,6.0208844e-05
0,0.0022699758,2.6128798e-06
1,0.06828283,0.000104743835
0,0.0031999124,4.0516197e-06
1,1.0913453,0.0016875621
0,0.00895423,1.295434e-05
1,0.07118999,0.00010924161
1,2.0418587,0.0031581372
1,0.05208232,7.967943e-05
1,0.075409636,0.00011576998
1,1.2194594,0.0018857722
0,0.00831552,1.1966168e-05
0,0.020765472,3.1227955e-05
1,0.019052187,2.8577266e-05
0,0.011781218,1.732808e-05
1,0.073506,0.0001128248
0,0.007948536,1.1398393e-05
1,3.1916919,0.004937087
1,2.3358264,0.0036129456
0,0.0038765478,5.098467e-06
1,1.2416064,0.0019200366
0,0.0026146388,3.1461207e-06
0,0.008480442,1.2221325e-05
0,0.0112453,1.6498941e-05
1,0.07001826,0.00010742879
1,5.763992,0.008916789
1,0.06385357,9.789116e-05
0,0.0022230574,2.5402906e-06
1,0.056663305,8.6766835e-05
0,0.0056145475,7.787392e-06
1,0.04255148,6.4933905e-05
0,0.008533074,1.2302754e-05
1,0.059466675,9.110404e-05
1,5.250723,0.008122691
1,1.7007718,0.0026304286
1,0.042325873,6.458486e-05
0,0.0017996087,1.8851572e-06
0,0.0067083463,9.479649e-06
0,0.004325789,5.793505e-06
1,0.07887061,0.00012112458
1,0.053522628,8.1907776e-05
1,0.066651404,0.0001022198
0,0.0023620257,2.7552935e-06
0,0.01658653,2.4762554e-05
1,5.096318,0.007883805
0,0.004936048,6.7376595e-06
1,0.023753446,3.585076e-05
1,0.10661912,0.00016405534
1,0.017049775,2.547926e-05
1,0.048454892,7.40673e-05
0,0.0014800533,1.3907611e-06
1,0.047732905,7.295028e-05
1,0.05475729,8.381797e-05
1,0.023029448,3.4730638e-05
1,0.08258022,0.00012686387
1,0.6885525,0.0010643862
1,0.06919412,0.00010615373
0,0.0075948853,1.0851247e-05
1,0.05923655,9.0748e-05
1,0.81311536,0.0012571021
1,0.08058923,0.00012378352
1,0.016523294,2.4664721e-05
0,0.0074391104,1.0610242e-05
1,0.086774096,0.00013335237
1,0.03235264,4.91549e-05
1,0.24435014,0.00037714417
1,0.05867064,8.987246e-05
1,0.09518269,0.0001463616
0,0.0055752518,7.726596e-06
0,0.0028163535,3.458201e-06
1,0.08015985,0.00012311921
1,0.03809164,5.8033922e-05
0,0.0047028232,6.376829e-06
1,5.917178,0.009153789
1,5.270539,0.008153349
0,0.0044096382,5.9232316e-06
1,0.07219769,0.00011080066
1,0.042709753,6.517878e-05
0,0.011182361,1.6401566e-05
1,0.060367204,9.249728e-05
1,5.12643,0.007930392
0,0.0088602165,1.2808889e-05
0,0.0022212106,2.5374334e-06
1,2.3265243,0.0035985538
0,0.0035319082,4.5652623e-06
1,0.18009995,0.0002777403
0,0.009268055,1.3439871e-05
0,0.02200621,3.3147546e-05
0,0.008642679,1.2472328e-05
0,0.0056035374,7.770358e-06
1,0.032509353,4.9397357e-05
1,2.881078,0.0044565247
1,0.058661275,8.9857975e-05
1,0.03470112,5.278832e-05
1,0.20845428,0.00032160833
1,0.14849432,0.00022884204
0,0.0036674195,4.7749177e-06
0,0.009010259,1.3041025e-05
1,0.07504508,0.00011520596
0,0.0043702493,5.8622913e-06
1,0.055430755,8.4859916e-05
0,0.015211085,2.2634555e-05
0,0.040466852,6.17087e-05
0,0.02672467,4.0447652e-05
1,0.021148184,3.1820062e-05
1,0.018595468,2.787066e-05
0,0.013171929,1.9479701e-05
0,0.013058686,1.9304498e-05
1,0.16571163,0.00025547956
0,0.00959046,1.3938676e-05
1,0.0604213,9.258097e-05
1,2.2890882,0.0035406353
1,0.08349338,0.00012827665
1,3.0197566,0.0046710796
1,0.09999466,0.0001538064
1,0.98602706,0.0015246203
0,0.0058139586,8.095908e-06
1,2.8556008,0.004417108
1,0.044851303,6.8492045e-05
1,0.08193137,0.00012586
1,0.012292464,1.8119048e-05
0,0.0013923419,1.2550595e-06
0,0.003999274,5.288342e-06
1,0.05791012,8.869583e-05
1,0.09518947,0.0001463721
1,0.013392391,1.9820785e-05
1,0.062363498,9.558582e-05
0,0.0066413423,9.3759845e-06
0,0.02911024,4.4138458e-05
1,0.65982157,0.0010199356
0,0.008893067,1.2859713e-05
1,0.11391403,0.00017534157
0,0.025291637,3.823055e-05
1,0.026349539,3.9867275e-05
0,0.0061642965,8.637929e-06
1,0.13403763,0.00020647555
1,3.28999,0.005089168
0,0.040971693,6.248976e-05
0,0.0034627267,4.4582293e-06
0,0.006427098,9.044519e-06
1,0.054855455,8.396985e-05
1,0.084893614,0.000130443
0,0.01871843,2.80609e-05
0,0.0028644814,3.5326616e-06
1,0.0714743,0.000109681474
1,0.09981675,0.00015353115
1,0.02389579,3.6070986e-05
0,0.012631718,1.864392e-05
0,0.005150539,7.0695064e-06
1,2.0540564,0.0031770086
0,0.0051876237,7.126882e-06
0,0.0045347535,6.116802e-06
1,0.076641455,0.00011767578
0,0.0042817346,5.725347e-06
1,0.07440688,0.00011421858
1,0.064192064,9.841486e-05
1,0.06852043,0.00010511143
0,0.014201485,2.1072565e-05
1,0.089101724,0.00013695353
1,0.046409052,7.09021e-05
1,0.0795844,0.00012222891
0,0.00385658,5.067575e-06
1,0.090773456,0.00013953993
0,0.0036816476,4.7969297e-06
0,0.006444541,9.071506e-06
1,0.0637178,9.76811e-05
1,0.013546381,2.005903e-05
1,0.037522502,5.7153386e-05
0,0.0024840215,2.9440378e-06
1,0.22272742,0.00034369083
1,1.6678711,0.0025795267
0,0.01877264,2.8144768e-05
1,5.7590127,0.008909085
0,0.0060502253,8.461445e-06
0,0.0047339387,6.424969e-06
1,0.11361772,0.00017488314
1,1.555475,0.0024056346
0,0.010541981,1.541081e-05
1,1.2466595,0.0019278545
1,0.014365963,2.1327034e-05
0,0.007432247,1.0599623e-05
0,0.0057248003,7.957968e-06
1,0.5026139,0.00077671366
0,0.0049961843,6.830699e-06
0,0.018016798,2.6975378e-05
1,0.07920955,0.000121648976
1,1.4987855,0.002317928
0,0.0010948551,7.9480657e-07
1,0.33667257,0.0005199797
1,0.20049943,0.0003093011
1,0.09148793,0.00014064531
1,0.011462297,1.6834665e-05
0,0.008602412,1.2410031e-05
0,0.008063496,1.1576252e-05
1,2.4186606,0.0037411016
1,0.051668692,7.9039484e-05
0,0.0021434987,2.4172025e-06
1,0.05931391,9.086769e-05
1,0.012642102,1.8659986e-05
0,0.013934427,2.065939e-05
0,0.037135422,5.655452e-05
0,0.070081,0.000107525855
0,0.032518007,4.9410744e-05
1,3.8586326,0.0059689363
1,0.067751236,0.00010392139
1,0.013982629,2.0733965e-05
1,0.07619414,0.00011698371
1,0.08696059,0.0001336409
1,0.018730404,2.8079423e-05
0,0.0030242172,3.7797947e-06
1,0.014567601,2.1638996e-05
0,0.009146037,1.3251091e-05
1,2.4402542,0.0037745098
1,0.066154346,0.00010145078
1,0.06337557,9.715163e-05
1,0.1338581,0.00020619779
0,0.0035569626,4.604025e-06
0,0.0025292393,3.013996e-06
1,0.110165656,0.00016954233
0,0.01125774,1.6518186e-05
0,0.0027971463,3.428485e-06
0,0.0011728513,9.1547736e-07
1,0.120835125,0.00018604947
0,0.048641536,7.435606e-05
0,0.011977405,1.7631608e-05
1,0.013235756,1.957845e-05
1,0.055310473,8.467382e-05
1,0.14170527,0.00021833845
1,0.6964093,0.0010765417
1,0.14242974,0.0002194593
1,1.2143313,0.0018778383
1,2.417535,0.00373936
1,0.08050839,0.00012365845
1,0.12327448,0.00018982348
1,0.0727189,0.00011160705
1,0.011490388,1.6878124e-05
1,0.11413204,0.00017567887
0,0.0040532365,5.371829e-06
1,0.058931302,9.0275746e-05
1,0.0852283,0.0001309608
1,0.044913173,6.858777e-05
1,0.08557246,0.00013149327
0,0.008749654,1.2637833e-05
1,0.073626935,0.0001130119
1,0.03432484,5.2206164e-05
0,0.014147229,2.0988622e-05
0,0.008788183,1.2697444e-05
1,0.055531777,8.501621e-05
0,0.00251703,2.9951068e-06
1,0.04819306,7.36622e-05
1,0.053916346,8.251692e-05
0,0.008040803,1.1541142e-05
1,0.057491586,8.8048306e-05
1,0.015639195,2.32969e-05
0,0.0014856844,1.3994733e-06
1,0.096211724,0.00014795367
1,0.05599808,8.573764e-05
1,0.057392955,8.789571e-05
0,0.036281966,5.5234104e-05
1,0.06892231,0.0001057332
1,0.073494084,0.00011280636
1,0.18134123,0.00027966072
1,0.06702616,0.0001027996
0,0.013306576,1.9688017e-05
1,4.8104877,0.0074415863
0,0.0017476757,1.8048097e-06
1,0.06021651,9.2264134e-05
1,2.780501,0.004300918
0,0.00454737,6.1363216e-06
0,0.02623234,3.968595e-05
0,0.021728514,3.271791e-05
0,0.12855658,0.00019799561
0,0.0025390405,3.0291596e-06
0,0.006484078,9.132675e-06
1,0.037903816,5.774333e-05
1,0.39176595,0.0006052167
0,0.0022978229,2.655963e-06
0,0.009735473,1.4163032e-05
1,0.024011802,3.6250472e-05
1,0.10934892,0.00016827873
0,0.05190948,7.941202e-05
0,0.019367538,2.9065159e-05
0,0.004494697,6.054829e-06
1,0.7539897,0.0011656266
1,0.07644798,0.00011737644
0,0.011574636,1.700847e-05
0,0.007188784,1.0222952e-05
0,0.002171457,2.4604578e-06
1,0.012071919,1.7777833e-05
1,0.11823669,0.00018202933
0,0.003764507,4.925125e-06
1,0.016193286,2.4154155e-05
0,0.0021667015,2.4531003e-06
1,0.03837166,5.846715e-05
1,0.0797715,0.00012251838
0,0.008096221,1.1626882e-05
1,0.02391281,3.6097317e-05
0,0.030381348,4.6105037e-05
0,0.002815403,3.4567306e-06
1,1.9976352,0.0030897171
1,5.101472,0.007891779
1,0.025635904,3.876318e-05
0,0.001566255,1.524127e-06
1,0.071607634,0.00010988776
0,0.002921393,3.6207118e-06
1,0.063494176,9.733513e-05
0,0.003773685,4.9393248e-06
1,0.067295395,0.00010321614
0,0.009279612,1.3457752e-05
1,0.030952884,4.698928e-05
1,0.087241255,0.00013407512
0,0.0018683476,1.9915058e-06
1,0.0489382,7.481504e-05
0,0.0019123636,2.0596044e-06
0,0.047268994,7.223255e-05
1,1.233976,0.0019082314
1,0.03272315,4.972813e-05
1,0.08619132,0.00013245073
0,0.004734494,6.425828e-06
0,0.0028135257,3.4538264e-06
1,1.4832637,0.0022939139
0,0.0033691037,4.3133814e-06
0,0.0037428706,4.891651e-06
0,0.002816964,3.4591455e-06
1,0.122756585,0.00018902222
1,0.018472413,2.7680277e-05
0,0.0061521255,8.6190985e-06
0,0.0041187503,5.473188e-06
1,2.9802372,0.004609938
1,0.051657952,7.902287e-05
1,0.033077244,5.027596e-05
0,0.0036439253,4.7385684e-06
0,0.017551899,2.6256115e-05
0,0.010563556,1.544419e-05
1,1.9155635,0.0029627408
1,1.5667074,0.0024230126
1,0.046315193,7.075689e-05
1,0.041180883,6.28134e-05
1,3.166283,0.004897776
0,0.0050654546,6.93787e-06
0,0.019314753,2.8983492e-05
1,3.378017,0.0052253576
1,0.07854491,0.00012062068
0,0.0048389565,6.587446e-06
1,0.014533508,2.158625e-05
1,0.02080282,3.1285737e-05
0,0.0047478103,6.4464302e-06
0,0.005878218,8.195326e-06
1,2.330739,0.0036050747
1,0.07489276,0.0001149703
1,0.01686908,2.5199699e-05
1,0.07084931,0.00010871453
1,0.09126646,0.00014030267
0,0.011912607,1.7531356e-05
0,0.008227412,1.1829852e-05
1,0.104248606,0.00016038783
1,0.06935311,0.000106399704
0,0.008108841,1.1646407e-05
0,0.03327483,5.0581653e-05
1,0.043762248,6.680713e-05
0,0.010532972,1.5396872e-05
1,0.015233524,2.2669272e-05
0,0.022682423,3.419374e-05
1,0.017703744,2.649104e-05
1,0.07855331,0.00012063368
1,0.07106128,0.000109042485
1,0.028951159,4.3892338e-05
0,0.0036814702,4.7966555e-06
0,0.0051978505,7.1427044e-06
0,0.04260309,6.501375e-05
0,0.058417805,8.948129e-05
0,0.008836218,1.2771759e-05
1,0.04795978,7.3301286e-05
1,0.075397134,0.00011575064
1,0.37561324,0.00058022625
1,0.07872368,0.00012089726
0,0.017546214,2.6247319e-05
0,0.0057857926,8.052331e-06
0,0.0017386456,1.790839e-06
0,0.00728978,1.0379206e-05
1,0.03612357,5.4989046e-05
0,0.0039879796,5.270868e-06
0,0.018721508,2.806566e-05
0,0.031448033,4.7755344e-05
0,0.0045735156,6.1767723e-06
1,0.06647971,0.00010195417
1,0.063871205,9.791845e-05
1,0.013511095,2.0004438e-05
0,0.0071276086,1.0128305e-05
0,0.004397556,5.9045387e-06
1,0.1248094,0.0001921982
0,0.0025284635,3.0127958e-06
1,0.0934413,0.00014366745
0,0.011190535,1.6414211e-05
1,0.08250213,0.00012674305
1,0.028064625,4.2520747e-05
1,0.012163744,1.79199e-05
1,0.2261163,0.0003489339
1,1.4017191,0.002167753
1,5.0835733,0.007864088
1,0.013901584,2.0608577e-05
1,0.055039894,8.4255196e-05
0,0.0028146303,3.4555353e-06
0,0.04991654,7.6328666e-05
1,0.013728901,2.0341413e-05
1,0.18380934,0.00028347922
1,0.057626415,8.82569e-05
0,0.008398356,1.2094327e-05
1,0.17117469,0.0002639317
1,0.09041153,0.00013897997
0,0.0025441346,3.0370413e-06
0,0.0018423295,1.9512522e-06
0,0.010417709,1.5218544e-05
0,0.011872382,1.7469123e-05
0,0.0061147683,8.561302e-06
0,0.0042277896,5.6418867e-06
1,0.014885791,2.213128e-05
1,4.89655,0.007574737
0,0.0045239297,6.100056e-06
0,0.0068445858,9.69043e-06
1,0.06084924,9.3243056e-05
1,0.086364955,0.00013271937
0,0.0026384823,3.18301e-06
0,0.04158117,6.34327e-05
1,0.08654698,0.00013300098
0,0.008801872,1.2718621e-05
1,0.6441532,0.0009956944
0,0.020911215,3.1453437e-05
0,0.0042324984,5.6491717e-06
1,0.07542454,0.00011579304
1,0.09624328,0.0001480025
1,0.025265772,3.8190537e-05
0,0.0026813366,3.2493117e-06
1,2.735176,0.0042307945
0,0.025660392,3.8801067e-05
1,0.03908033,5.9563557e-05
1,0.6377508,0.000985789
0,0.019388411,2.9097451e-05
0,0.009734242,1.4161126e-05
1,0.079383686,0.00012191838
1,0.0705134,0.00010819483
1,0.57729554,0.00089225644
1,0.09077055,0.00013953543
1,0.060302828,9.239768e-05
0,0.0029048894,3.5951787e-06
0,0.0041508623,5.5228697e-06
0,0.006799775,9.6211015e-06
1,0.05958334,9.1284535e-05
0,0.0066734464,9.425654e-06
1,0.06012655,9.212495e-05
1,0.07668538,0.00011774373
0,0.004042922,5.355871e-06
1,0.056746744,8.689593e-05
0,0.010316732,1.5062319e-05
1,0.09443336,0.0001452023
0,0.0042614974,5.694037e-06
0,0.029933028,4.5411423e-05
1,0.05252415,8.0362996e-05
0,0.0652321,0.000100023935
1,0.7629668,0.0011795154
1,0.043964624,6.7120236e-05
1,0.06580348,0.00010090794
1,0.027715337,4.198035e-05
1,0.041643582,6.352926e-05
0,0.0038332087,5.0314156e-06
0,0.004134275,5.4972065e-06
1,1.2169449,0.001881882
0,0.0045072627,6.07427e-06
0,0.003607675,4.682484e-06
1,0.01179158,1.7344111e-05
0,0.06196046,9.496226e-05
1,0.041174877,6.280411e-05
1,0.0736776,0.00011309028
0,0.0010315428,6.9685365e-07
1,5.057284,0.007823414
1,0.07215781,0.00011073896
1,0.03448497,5.2453906e-05
0,0.0066532134,9.394351e-06
0,0.0024681138,2.9194264e-06
1,0.060366075,9.249553e-05
0,0.0026526947,3.2049986e-06
1,0.0118289,1.740185e-05
1,0.036623187,5.5762022e-05
0,0.01020203,1.4884858e-05
1,0.10112496,0.00015555511
0,0.025344122,3.8311755e-05
0,0.0024607996,2.9081104e-06
0,0.010521062,1.5378444e-05
1,0.046837166,7.156445e-05
0,0.000819165,3.682761e-07
1,0.019920347,2.992043e-05
1,12.418307,0.01921193
0,0.008295624,1.1935385e-05
1,0.076557145,0.000117545336
1,0.6878901,0.0010633614
0,0.0043294705,5.799201e-06
0,0.0027229046,3.3136225e-06
0,0.016496863,2.4623829e-05
1,5.226593,0.008085359
0,0.0025541259,3.052499e-06
0,0.001849603,1.9625054e-06
1,0.04090374,6.238463e-05
1,1.8724214,0.002895994
0,0.007685481,1.0991411e-05
1,0.016841995,2.5157795e-05
1,0.07453108,0.00011441074
0,0.0019533394,2.1229998e-06
0,0.0077098287,1.1029079e-05
1,0.3386176,0.0005229889
1,0.08709876,0.00013385467
0,0.022558028,3.4001285e-05
0,0.019024538,2.8534489e-05
1,5.126052,0.0079298075
0,0.008519489,1.2281736e-05
1,0.10692545,0.00016452928
0,0.02776543,4.205785e-05
1,0.012788594,1.8886629e-05
1,0.07002523,0.00010743956
1,0.060967803,9.342649e-05
0,0.005356245,7.3877627e-06
1,0.07397998,0.00011355811
1,0.09055062,0.00013919517
1,0.08005929,0.00012296364
0,0.0032562804,4.1388284e-06
1,0.011952762,1.759348e-05
1,2.3079531,0.0035698218
1,0.049727287,7.603587e-05
1,0.16089265,0.00024802395
1,2.219371,0.0034327733
1,0.5752899,0.00088915345
1,0.079191834,0.00012162156
0,0.004582204,6.190214e-06
0,0.0031570736,3.9853417e-06
1,0.12937297,0.00019925868
0,0.0036587706,4.761536e-06
1,3.2022176,0.004953372
1,0.5585593,0.0008632689
0,0.018855711,2.8273293e-05
0,0.0034541672,4.4449866e-06
1,0.018852537,2.8268381e-05
0,0.011654066,1.7131357e-05
0,0.0019148116,2.0633918e-06
1,0.08089609,0.00012425828
1,1.4522521,0.0022459347
0,0.005713683,7.940768e-06
1,0.020727001,3.1168434e-05
0,0.012120737,1.7853361e-05
1,1.1131526,0.001721301
1,0.050802033,7.769865e-05
1,0.015608024,2.3248675e-05
0,0.0036408894,4.7338717e-06
0,0.01728654,2.5845566e-05
1,0.015691072,2.337716e-05
0,0.011611544,1.706557e-05
0,0.007484078,1.06798125e-05
1,0.082433745,0.00012663724
1,0.07130093,0.00010941325
1,0.07397779,0.00011355472
0,0.0031413499,3.9610154e-06
1,1.3794566,0.0021333098
1,0.036711343,5.589841e-05
0,0.010155426,1.48127565e-05
0,0.007468715,1.0656044e-05
0,0.0023002625,2.6597374e-06
0,0.020625964,3.1012114e-05
0,0.0148650855,2.2099246e-05
1,0.07082244,0.00010867296
1,0.09048028,0.00013908635
1,2.219064,0.003432298
0,0.012637416,1.8652736e-05
0,0.0014241056,1.3042023e-06
1,0.100802034,0.00015505552
0,0.024888914,3.7607486e-05
1,0.38510412,0.00059490994
1,0.8678157,0.001341731
0,0.002592966,3.1125899e-06
1,0.057469625,8.801433e-05
0,0.009010855,1.3041948e-05
1,0.1262128,0.00019436947
1,0.06677335,0.000102408456
1,0.033240274,5.052819e-05
1,0.49892718,0.0007710098
0,0.0021846357,2.480847e-06
0,0.018537281,2.7780636e-05
0,0.012940759,1.9122048e-05
1,0.030980451,4.7031932e-05
1,1.5016218,0.0023223162
0,0.006870093,9.729893e-06
1,0.020426787,3.0703963e-05
1,0.07025386,0.00010779328
1,5.046463,0.0078066727
0,0.0064831264,9.131203e-06
0,0.006542615,9.22324e-06
1,0.077209435,0.00011855452
0,0.01432466,2.1263135e-05
1,0.04499904,6.872062e-05
1,5.126048,0.007929802
1,0.08917027,0.00013705957
1,0.07344163,0.00011272521
0,0.019622939,2.9460298e-05
1,0.027417537,4.1519612e-05
0,0.004335803,5.808998e-06
1,0.05386055,8.243059e-05
0,0.01639848,2.4471618e-05
0,0.0033208262,4.2386896e-06
0,0.0018479943,1.9600163e-06
0,0.0021612605,2.4446822e-06
0,0.0032791889,4.1742715e-06
0,0.0034692807,4.4683693e-06
1,0.08248893,0.00012672263
1,0.1568917,0.00024183394
0,0.003771552,4.936024e-06
0,0.016847804,2.5166783e-05
0,0.0067287865,9.511273e-06
1,0.08564498,0.00013160547
1,0.07021829,0.000107738255
1,0.012969506,1.9166524e-05
1,0.015972782,2.3813005e-05
0,0.0042254194,5.6382196e-06
0,0.0039969687,5.284775e-06
1,0.6419443,0.0009922769
0,0.0067171254,9.493231e-06
1,0.078220524,0.00012011881
1,0.013305596,1.9686502e-05
0,0.0016537948,1.659563e-06
0,0.010685619,1.5633037e-05
1,1.1997286,0.0018552459
0,0.028573202,4.3307584e-05
0,0.0049828747,6.810107e-06
1,0.14666791,0.00022601633
0,0.0080673965,1.1582286e-05
1,0.039936535,6.0888226e-05
1,0.07890666,0.00012118037
0,0.0033421477,4.2716774e-06
0,0.008075455,1.1594754e-05
0,0.007094624,1.0077273e-05
1,4.4659514,0.0069085415
0,0.014040858,2.0824053e-05
0,0.0027803602,3.4025143e-06
0,0.009230012,1.3381014e-05
1,0.07115273,0.000109183966
1,0.07435515,0.000114138544
1,0.035154596,5.3489908e-05
1,3.1364672,0.004851647
1,0.09666668,0.00014865755
1,0.71095866,0.0010990517
1,0.020235687,3.0408304e-05
0,0.012370819,1.8240273e-05
1,3.441456,0.005323507
0,0.00272826,3.3219085e-06
1,0.08673584,0.00013329317
0,0.019068515,2.8602528e-05
0,0.003260436,4.1452577e-06
1,0.019215273,2.8829583e-05
1,0.015421532,2.2960146e-05
1,0.090524055,0.00013915407
0,0.0037227925,4.8605866e-06
0,0.055605613,8.513044e-05
0,0.0022452564,2.5746356e-06
1,4.689899,0.007255019
0,0.014233147,2.112155e-05
1,0.15865754,0.00024456592
1,1.119591,0.0017312621
0,0.00697401,9.890667e-06
0,0.03432777,5.2210697e-05
1,0.08742526,0.00013435981
1,0.016389187,2.445724e-05
1,0.08906098,0.00013689048
0,0.007970364,1.1432164e-05
0,0.010228463,1.4925755e-05
0,0.0017704554,1.8400531e-06
1,0.06696064,0.00010269823
0,0.005604123,7.771264e-06
1,3.2021885,0.0049533267
1,3.3058085,0.0051136413
1,0.19780345,0.00030513003
1,0.032331757,4.912259e-05
0,0.0074799024,1.0673352e-05
1,0.08133347,0.00012493497
1,0.0893561,0.00013734709
0,0.011660329,1.7141048e-05
0,0.0057102465,7.935451e-06
1,0.13177732,0.00020297854
1,0.065573454,0.00010055206
0,0.002327852,2.702422e-06
1,0.09878479,0.00015193455
0,0.004205402,5.60725e-06
1,0.07856994,0.00012065941
0,0.00222196,2.538593e-06
1,0.073583335,0.00011294444
0,0.0051602186,7.0844826e-06
1,0.056040637,8.5803484e-05
1,0.07318268,0.000112324575
1,0.06334163,9.7099124e-05
0,0.029691879,4.503833e-05
1,1.6476141,0.0025481863
0,0.060062565,9.202596e-05
0,0.0014246649,1.3050676e-06
0,0.025030691,3.7826834e-05
1,0.060565606,9.2804235e-05
1,0.5042463,0.0007792392
1,0.07096148,0.00010888808
0,0.011874931,1.7473067e-05
0,0.0040394957,5.35057e-06
0,0.0025047082,2.976043e-06
0,0.007904519,1.1330293e-05
0,0.033217378,5.0492767e-05
0,0.0077029485,1.10184355e-05
0,0.0051932526,7.1355907e-06
1,1.2126139,0.0018751813
0,0.0027065247,3.288281e-06
0,0.002356034,2.7460237e-06
1,0.37182608,0.000574367
1,0.077371,0.000118804484
1,0.12889381,0.00019851734
1,0.094851784,0.00014584966
0,0.004016996,5.3157596e-06
1,0.14547272,0.0002241672
1,0.014974537,2.2268583e-05
0,0.010551739,1.5425905e-05
0,0.0071729636,1.0198476e-05
1,0.49906036,0.00077121594
0,0.040947717,6.2452666e-05
0,0.008884971,1.28471875e-05
1,0.04986153,7.624356e-05
1,0.030964253,4.700687e-05
0,0.0051795635,7.114412e-06
0,0.009958063,1.4507408e-05
1,0.06959852,0.000106779386
1,0.08986308,0.00013813145
1,0.02365428,3.5697336e-05
1,0.017640175,2.639269e-05
1,0.01293222,1.9108837e-05
1,0.06733381,0.00010327557
1,0.062432647,9.5692805e-05
1,3.035212,0.0046949913
1,0.053916793,8.251761e-05
0,0.0066482616,9.386689e-06
0,0.004911629,6.69988e-06
0,0.0030933795,3.8867984e-06
0,0.015974848,2.3816201e-05
1,0.14677006,0.00022617436
0,0.003203086,4.0565296e-06
1,5.117345,0.007916337
1,0.075728975,0.00011626405
1,0.057614226,8.823804e-05
1,0.06659097,0.0001021263
1,4.7526355,0.007352081
0,0.0013990995,1.2655144e-06
0,0.005488762,7.5927846e-06
1,0.17507644,0.00026996824
1,0.079409,0.00012195756
1,0.076515466,0.00011748086
1,0.06897525,0.0001058151
1,0.09107229,0.00014000226
0,0.004220333,5.63035e-06
1,0.12864302,0.00019812935
1,0.39990753,0.00061781285
0,0.028519284,4.3224165e-05
1,0.45901975,0.00070926757
0,0.04021005,6.131139e-05
1,0.09271569,0.00014254483
1,0.07444303,0.00011427451
0,0.003152094,3.9776382e-06
1,4.709112,0.0072847446
1,0.13213947,0.00020353885
1,0.083664015,0.00012854065
1,0.016711453,2.4955829e-05
1,0.030957889,4.6997022e-05
1,0.056270864,8.615968e-05
0,0.007795338,1.11613745e-05
0,0.0054596583,7.547757e-06
1,0.17391329,0.00026816866
0,0.0017400974,1.7930851e-06
0,0.0029338456,3.6399779e-06
0,0.018893845,2.833229e-05
1,0.0222206,3.347924e-05
0,0.0027467804,3.3505619e-06
0,0.008138646,1.1692519e-05
1,0.050558213,7.732142e-05
1,2.4539213,0.0037956547
0,0.0017198554,1.7617679e-06
0,0.0027951098,3.4253344e-06
1,0.08819081,0.00013554422
0,0.01125929,1.6520586e-05
0,0.01110491,1.6281738e-05
0,0.005201004,7.147583e-06
1,4.8264565,0.0074662925
0,0.02068355,3.1101208e-05
0,0.0017898028,1.8699861e-06
1,0.08391284,0.00012892562
1,0.07460545,0.0001145258
0,0.003211624,4.0697387e-06
1,0.08311725,0.00012769472
0,0.0027159299,3.3028318e-06
0,0.0052799694,7.2697535e-06
1,0.017002728,2.540647e-05
0,0.0012958924,1.1058389e-06
0,0.0057795323,8.042646e-06
0,0.003500205,4.5162133e-06
0,0.0029134532,3.6084275e-06
0,0.002957372,3.676376e-06
1,2.4467092,0.0037844963
1,0.060709037,9.3026145e-05
0,0.007413734,1.05709805e-05
0,0.008708036,1.2573444e-05
1,1.501624,0.0023223197
1,0.016961956,2.5343392e-05
0,0.0020789537,2.3173423e-06
1,0.07474486,0.00011474148
0,0.02279062,3.4361135e-05
1,2.8610597,0.0044255536
1,0.041876603,6.3889776e-05
1,0.08939948,0.0001374142
0,0.05061959,7.7416385e-05
0,0.012342245,1.8196066e-05
0,0.004715656,6.396683e-06
0,0.014906039,2.2162607e-05
1,0.08304376,0.00012758102
1,1.9985589,0.0030911462
0,0.0022440865,2.5728255e-06
0,0.0060817176,8.510168e-06
1,0.059428126,9.10444e-05
1,68.69383,0.106277905
1,4.8704925,0.007534422
1,0.65429443,0.0010113843
0,0.008155785,1.1719035e-05
0,0.002505241,2.9768673e-06
0,0.008999917,1.3025024e-05
1,0.016026374,2.3895918e-05
1,0.05942085,9.1033144e-05
0,0.00279919,3.431647e-06
1,0.054117214,8.282768e-05
1,0.07053611,0.000108229964
0,0.0036145188,4.6930722e-06
0,0.0066302456,9.358816e-06
1,0.030046465,4.5586927e-05
0,0.059810653,9.163622e-05
0,0.0024499258,2.891287e-06
1,0.014342455,2.1290665e-05
0,0.006762397,9.563273e-06
0,0.003498656,4.513817e-06
1,1.288359,0.0019923695
1,0.043370266,6.620068e-05
1,2.427536,0.003754833
1,0.769187,0.0011891389
1,4.3651767,0.006752629
1,0.026038544,3.9386123e-05
1,0.07707039,0.000118339405
0,0.0044104722,5.9245217e-06
1,4.061784,0.0062832385
1,0.06675528,0.00010238051
1,4.991347,0.0077214004
0,0.0069881435,9.912534e-06
1,0.08591357,0.00013202101
1,0.07624723,0.00011706586
0,0.006947858,9.850206e-06
0,0.002508905,2.9825362e-06
0,0.008983795,1.3000081e-05
1,0.034032248,5.1753483e-05
0,0.001710289,1.7469674e-06
0,0.0016082627,1.5891186e-06
0,0.005949108,8.305003e-06
1,5.1802645,0.0080136815
1,1.2181395,0.0018837302
1,0.015065919,2.2409962e-05
0,0.01150207,1.68962e-05
0,0.0018754419,2.0024816e-06
0,0.005248366,7.2208586e-06
1,0.054251984,8.30362e-05
1,0.07506723,0.00011524023
0,0.011015823,1.6143907e-05
1,1.4361297,0.0022209908
0,0.013628287,2.018575e-05
1,1.711313,0.0026467373
1,5.146036,0.007960726
1,0.06317468,9.684083e-05
1,0.06740335,0.00010338315
1,0.050494447,7.7222765e-05
1,1.4501574,0.0022426937
1,0.06717679,0.00010303264
1,0.08594951,0.00013207662
1,0.077239744,0.00011860141
0,0.0034177203,4.3885984e-06
0,0.03907624,5.955723e-05
1,0.09544767,0.00014677158
1,0.0925892,0.00014234913
0,0.031418037,4.7708934e-05
1,0.06932246,0.00010635229
1,0.07015682,0.00010764316
1,5.1159096,0.007914116
1,0.10839356,0.00016680064
0,0.03701504,5.636827e-05
1,2.3742516,0.0036723947
0,0.040145133,6.121096e-05
1,1.3147705,0.0020332315
1,0.09856601,0.00015159608
1,0.01829092,2.7399483e-05
0,0.012830675,1.8951732e-05
0,0.0014858538,1.3997353e-06
1,0.08976489,0.00013797954
0,0.008198835,1.178564e-05
0,0.0036841976,4.800875e-06
0,0.020009145,3.0057812e-05
1,0.054008726,8.265984e-05
1,1.3235112,0.0020467548
1,0.9334889,0.0014433365
1,2.4078631,0.0037243962
1,0.08796827,0.00013519991
0,0.01776973,2.6593128e-05
0,0.0019433156,2.1074916e-06
1,2.917215,0.004512434
1,3.3931954,0.005248841
0,0.0022549203,2.589587e-06
1,0.07116628,0.00010920492
1,0.051720187,7.9119156e-05
0,0.007686118,1.0992397e-05
0,0.0035701657,4.6244527e-06
1,0.08245771,0.00012667432
0,0.0015850721,1.5532397e-06
1,0.061341375,9.4004456e-05
1,2.1519501,0.0033284638
1,0.013311929,1.96963e-05
1,0.053921875,8.252547e-05
0,0.0058760187,8.191923e-06
0,0.007911341,1.1340848e-05
0,0.0029700776,3.6960332e-06
0,0.05578457,8.5407315e-05
1,2.5217695,0.003900625
1,0.015644545,2.3305176e-05
1,0.018957786,2.8431215e-05
0,0.040860534,6.231778e-05
1,0.06519875,9.997234e-05
1,2.1716223,0.0033588992
0,0.038858987,5.922111e-05
0,0.0050279535,6.8798504e-06
1,0.07386244,0.00011337626
0,0.010283604,1.5011065e-05
0,0.005506947,7.6209194e-06
1,0.050476022,7.7194265e-05
0,0.0021794839,2.4728763e-06
1,0.1882579,0.00029036176
1,0.015007146,2.2319033e-05
0,0.012910122,1.9074649e-05
0,0.009177645,1.3299994e-05
0,0.0062192855,8.723005e-06
1,2.1622286,0.0033443659
1,2.3067555,0.003567969
1,0.08354651,0.00012835885
1,0.06723068,0.00010311601
0,0.0066433363,9.3790695e-06
1,0.060063332,9.202715e-05
1,0.045504183,6.9502144e-05
0,0.009816593,1.4288534e-05
1,0.026731124,4.045764e-05
1,0.022020916,3.3170298e-05
1,5.2068624,0.008054833
0,0.034041323,5.176752e-05
1,0.07434688,0.00011412575
1,3.2526953,0.005031468
1,0.041188374,6.282499e-05
1,1.4879946,0.002301233
0,0.009645376,1.4023639e-05
0,0.002230798,2.552266e-06
1,0.08374773,0.00012867016
1,0.30250347,0.00046711537
0,0.004449432,5.9847976e-06
1,0.04038006,6.157442e-05
0,0.0026021646,3.1268214e-06
0,0.0075248545,1.07429e-05
1,0.025460739,3.8492177e-05
0,0.00827598,1.1904994e-05
1,0.16487099,0.000254179
1,1.0905536,0.0016863373
0,0.0021064766,2.359924e-06
1,0.020161618,3.0293708e-05
1,0.054533478,8.347171e-05
1,0.06853727,0.00010513749
0,0.0052660634,7.248239e-06
1,0.29931337,0.00046217986
1,1.2131938,0.0018760784
0,0.008487168,1.2231731e-05
1,0.15834638,0.00024408453
0,0.012612533,1.8614237e-05
1,5.2864738,0.008178002
1,0.015222295,2.2651899e-05
1,3.1514778,0.0048748706
1,0.08572408,0.00013172784
1,0.07107407,0.00010906227
1,0.08357305,0.00012839992
1,3.1943207,0.0049411543
0,0.018946704,2.841407e-05
1,4.788009,0.007406809
1,0.03431644,5.2193165e-05
1,0.07959148,0.00012223987
0,0.012922135,1.9093235e-05
0,0.0042310143,5.6468757e-06
1,0.023194565,3.4986093e-05
1,0.10639659,0.00016371107
0,0.022396186,3.3750894e-05
1,5.304222,0.008205461
0,0.0074956613,1.0697733e-05
0,0.0032655827,4.1532207e-06
1,0.017684616,2.6461446e-05
0,0.0034510137,4.440108e-06
1,0.08404675,0.0001291328
1,0.46999848,0.0007262532
0,0.0032843787,4.1823005e-06
1,0.3292407,0.0005084816
1,0.074052036,0.00011366959
0,0.013693271,2.0286288e-05
0,0.00246655,2.9170074e-06
0,0.009561794,1.3894325e-05
1,0.12120812,0.00018662652
0,0.0036079625,4.682929e-06
0,0.0024282958,2.8578227e-06
0,0.011241623,1.6493252e-05
1,0.06162188,9.443843e-05
0,0.0049213544,6.7149267e-06
0,0.0055164965,7.635694e-06
1,0.035597,5.417437e-05
0,0.009786916,1.424262e-05
1,1.4169416,0.0021913045
0,0.0051965774,7.1407344e-06
1,0.20157504,0.0003109652
1,0.020174555,3.0313724e-05
0,0.0026890289,3.2612127e-06
0,0.0027521988,3.358945e-06
0,0.010041975,1.4637232e-05
0,0.0065290383,9.202235e-06
1,0.4309548,0.00066584727
0,0.03068513,4.6575027e-05
1,0.017006716,2.541264e-05
0,0.009778655,1.42298395e-05
0,0.004086989,5.4240486e-06
1,0.07259755,0.0001114193
0,0.001953174,2.1227436e-06
1,0.54974675,0.0008496347
1,4.975006,0.007696119
0,0.0021580928,2.4397814e-06
0,0.0030901749,3.8818403e-06
1,0.051763184,7.918568e-05
1,0.16265266,0.00025074693
0,0.0055225356,7.645037e-06
1,0.10355936,0.00015932147
1,0.020585245,3.094912e-05
0,0.0028296998,3.4788495e-06
0,0.0023724525,2.7714254e-06
0,0.0052105775,7.1623945e-06
0,0.009350629,1.3567624e-05
0,0.0038834962,5.109218e-06
1,0.016084196,2.3985378e-05
0,0.04234203,6.4609856e-05
1,0.10116717,0.00015562044
1,0.05931037,9.086221e-05
0,0.003509137,4.5300326e-06
0,0.0046869325,6.352244e-06
0,0.46126422,0.0007127401
1,0.057520248,8.8092645e-05
1,3.1942296,0.004941013
0,0.00896256,1.2967229e-05
1,0.11979423,0.00018443905
0,0.026146315,3.955286e-05
0,0.0027697585,3.386112e-06
1,0.085579336,0.00013150391
0,0.009186639,1.331391e-05
0,0.0020686495,2.3014004e-06
1,0.078008294,0.000119790464
1,0.09393277,0.00014442782
1,0.042825475,6.535782e-05
0,0.11010399,0.00016944691
1,646.3556,1.0
0,0.005994771,8.37565e-06
0,0.0068712644,9.731705e-06
0,0.018326322,2.7454253e-05
1,0.06350854,9.7357355e-05
1,0.043755718,6.679702e-05
0,0.023262622,3.5091387e-05
1,0.0177858,2.6617992e-05
1,0.087445796,0.00013439158
1,0.040976822,6.24977e-05
1,0.15526026,0.00023930988
1,0.2704312,0.00041749515
1,0.027248746,4.125847e-05
0,0.011058864,1.6210499e-05
1,0.024710353,3.733123e-05
0,0.003102181,3.9004153e-06
1,0.0834505,0.00012821032
0,0.0053996085,7.4548516e-06
0,0.0041004503,5.444875e-06
0,0.034236792,5.206994e-05
1,0.089007616,0.00013680792
1,1.2887586,0.0019929877
1,0.08851243,0.00013604181
1,0.117086224,0.0001802494
1,0.07277564,0.000111694826
1,0.07668945,0.00011775004
0,0.0048457365,6.5979357e-06
0,0.013432263,1.9882473e-05
0,0.0065522557,9.238155e-06
1,0.080512434,0.00012366471
1,2.161843,0.0033437693
0,0.00464773,6.291592e-06
1,0.0863952,0.00013276616
0,0.013348571,1.975299e-05
1,0.018785525,2.8164704e-05
1,0.08014597,0.00012309775
0,0.0021480392,2.424227e-06
0,0.030514974,4.6311772e-05
0,0.0025702615,3.0774631e-06
1,0.047598243,7.274194e-05
1,0.5697115,0.0008805229
0,0.004095689,5.4375087e-06
1,0.13483815,0.00020771407
1,5.0690045,0.007841547
1,0.07016695,0.00010765883
0,0.023914045,3.6099227e-05
1,0.014460685,2.1473583e-05
0,0.010072659,1.4684703e-05
0,0.017080937,2.5527472e-05
0,0.006497171,9.152931e-06
1,0.090636924,0.0001393287
1,0.08551749,0.00013140822
0,0.012065502,1.7767905e-05
0,0.006238438,8.752636e-06
0,0.0023183408,2.6877071e-06
1,0.011845198,1.7427066e-05
0,0.0025413593,3.0327476e-06
0,0.001790894,1.8716743e-06
1,0.08473372,0.00013019562
0,0.02679539,4.0557064e-05
1,0.07309174,0.00011218388
0,0.010994548,1.6110993e-05
1,0.05867561,8.988015e-05
1,0.090807386,0.00013959242
1,5.8608537,0.009066647
1,0.068821676,0.00010557751
1,0.037224658,5.669258e-05
1,5.391805,0.008340964
1,0.30134952,0.00046533006
1,0.09641135,0.00014826252
1,0.15675224,0.00024161818
1,0.09408902,0.00014466955
0,0.0017580185,1.8208115e-06
1,1.0837369,0.0016757909
0,0.017154997,2.5642054e-05
0,0.0048129125,6.547152e-06
1,5.283463,0.008173345
0,0.010644717,1.5569756e-05
1,0.021707237,3.2684995e-05
1,0.06138992,9.407956e-05
0,0.010303684,1.504213e-05
0,0.003749749,4.9022924e-06
1,1.6943557,0.0026205021
0,0.007335634,1.0450149e-05
1,0.19197682,0.00029611544
1,0.06843972,0.00010498657
1,0.03379678,5.1389183e-05
0,0.008173965,1.1747163e-05
0,0.0020008588,2.1965188e-06
0,0.11919338,0.00018350946
0,0.014955876,2.2239712e-05
1,0.06410785,9.828457e-05
1,0.10314412,0.00015867903
0,0.01248704,1.8420084e-05
0,0.002799995,3.4328925e-06
1,0.050578788,7.735325e-05
0,0.0025783842,3.0900298e-06
0,0.03949295,6.020194e-05
1,0.09599281,0.00014761499
1,0.08446328,0.00012977723
0,0.024562499,3.7102476e-05
0,0.0019961733,2.1892697e-06
1,0.020014431,3.006599e-05
1,0.09402206,0.00014456596
1,0.01594171,2.3764931e-05
1,0.08323295,0.00012787372
0,0.0042295,5.644533e-06
0,0.022372149,3.3713703e-05
1,2.4727542,0.0038247919
1,0.10784663,0.00016595448
1,0.06774444,0.000103910876
1,0.031224484,4.740948e-05
0,0.007098527,1.0083312e-05
1,0.10290831,0.00015831421
1,0.060686037,9.299056e-05
1,0.09188337,0.00014125711
0,0.0022130352,2.5247848e-06
1,0.0776301,0.00011920535
1,0.103706256,0.00015954874
0,0.0041011157,5.4459047e-06
1,0.078792945,0.00012100443
0,0.0013271222,1.1541557e-06
0,0.028185932,4.2708427e-05
1,0.0752775,0.00011556555
1,0.09918427,0.0001525526
1,0.10664606,0.00016409703
0,0.0064733014,9.116002e-06
0,0.0045374585,6.120987e-06
1,0.06949088,0.00010661285
0,0.005921334,8.262033e-06
0,0.0019241435,2.0778298e-06
0,0.0044869157,6.04279e-06
0,0.0021904232,2.4898009e-06
0,0.024637697,3.721882e-05
1,0.018282035,2.7385737e-05
0,0.00959909,1.3952027e-05
0,0.014595865,2.1682725e-05
0,0.0025743854,3.0838435e-06
0,0.0037197392,4.8558627e-06
1,2.3621087,0.003653608
0,0.0046346565,6.2713657e-06
0,0.0045619886,6.1589385e-06
1,0.078285135,0.00012021878
1,0.031651106,4.8069527e-05
1,2.1107411,0.0032647077
0,0.004906086,6.691304e-06
0,0.002940863,3.650834e-06
1,0.060620468,9.288912e-05
1,0.07577228,0.000116331044
1,0.01607463,2.3970577e-05
0,0.021851039,3.2907476e-05
0,0.013533387,2.0038926e-05
0,0.018790267,2.817204e-05
0,0.008791237,1.2702168e-05
0,0.0062716524,8.804023e-06
1,1.3145026,0.002032817
1,3.2939327,0.0050952677
0,0.0043599284,5.846324e-06
1,0.08956598,0.00013767178
0,0.007893782,1.1313681e-05
0,0.0036724517,4.7827025e-06
1,0.018390115,2.7552951e-05
0,0.005599605,7.7642735e-06
1,0.10374382,0.00015960686
1,0.018664787,2.7977905e-05
0,0.0054230653,7.4911422e-06
0,0.014341989,2.1289943e-05
0,0.0148009835,2.2000071e-05
1,2.6087146,0.0040351413
0,0.0052720113,7.257441e-06
0,0.017057808,2.5491689e-05
0,0.001663427,1.6744654e-06
1,0.020377906,3.0628336e-05
0,0.011840941,1.742048e-05
1,0.05599553,8.57337e-05
1,0.017124046,2.5594167e-05
0,0.045227807,6.907455e-05
0,0.0032502608,4.129515e-06
1,0.06991812,0.00010727385
1,0.018791834,2.8174465e-05
1,0.04875715,7.453493e-05
1,0.080708496,0.00012396804
0,0.008686727,1.2540477e-05
0,0.0035630616,4.6134614e-06
0,0.10484279,0.00016130712
1,0.0785597,0.00012064356
1,0.08635716,0.00013270731
0,0.0074709435,1.0659492e-05
1,0.07616119,0.000116932744
0,0.0137550235,2.0381827e-05
1,0.07096406,0.00010889207
0,0.018181471,2.723015e-05
1,0.090927236,0.00013977784
0,0.025253186,3.8171063e-05
1,1.9052892,0.002946845
1,4.1847973,0.0064735576
0,0.016332949,2.437023e-05
1,0.074150495,0.00011382192
0,0.0048706722,6.6365146e-06
1,0.04825106,7.375194e-05
0,0.009182393,1.3307339e-05
1,0.1269971,0.00019558288
0,0.0034200805,4.3922496e-06
0,0.15330975,0.00023629217
0,0.039046854,5.9511767e-05
1,5.3207073,0.0082309665
0,0.000950053,5.7077773e-07
0,0.009345149,1.3559145e-05
0,0.0019575525,2.129518e-06
1,0.08406801,0.00012916568
0,0.007512363,1.0723574e-05
1,0.052172247,7.981856e-05
0,0.0054847472,7.586573e-06
1,0.050346423,7.6993754e-05
0,0.0018734018,1.9993254e-06
1,0.0576429,8.82824e-05
1,0.0880318,0.0001352982
1,2.84898,0.0044068648
0,0.007482733,1.0677732e-05
1,0.0206531,3.10541e-05
0,0.004290007,5.738146e-06
0,0.005187082,7.1260442e-06
1,0.060450368,9.2625945e-05
0,0.010362889,1.5133729e-05
1,2.3077736,0.003569544
1,0.089546196,0.00013764118
1,0.06538513,0.0001002607
0,0.015356951,2.2860231e-05
0,0.0038391587,5.0406215e-06
0,0.0035104586,4.5320776e-06
0,0.0073410016,1.0458453e-05
1,2.1172836,0.0032748298
0,0.00683912,9.681973e-06
1,0.07948375,0.0001220732
0,0.005602631,7.768955e-06
0,0.00713697,1.0142789e-05
0,0.0041848915,5.575517e-06
0,0.00397182,5.2458668e-06
0,0.017348595,2.5941576e-05
0,0.008500594,1.22525025e-05
0,0.0024636516,2.9125229e-06
0,0.007059697,1.0023236e-05
0,0.011978457,1.7633234e-05
1,2.519719,0.0038974525
1,2.0909,0.0032340107
1,5.069494,0.007842304
0,0.005040708,6.8995832e-06
0,0.01825339,2.7341417e-05
0,0.05925752,9.078044e-05
1,0.018662835,2.7974884e-05
1,0.81316066,0.0012571722
0,0.0015379175,1.480285e-06
0,0.009519316,1.3828607e-05
1,0.039856162,6.076388e-05
1,0.047591858,7.2732066e-05
0,0.011154675,1.6358732e-05
1,0.12286375,0.00018918802
1,0.06708384,0.00010288884
0,0.0015522655,1.5024833e-06
1,0.05876978,9.0025846e-05
1,2.9783638,0.004607039
0,0.014370523,2.133409e-05
1,0.07182292,0.00011022084
1,0.046547633,7.1116505e-05
0,0.00879492,1.2707866e-05
1,0.038177617,5.8166937e-05
1,0.09268501,0.00014249736
0,0.00912773,1.3222768e-05
1,0.0170105,2.5418498e-05
0,0.003677708,4.7908347e-06
0,0.002801394,3.4350567e-06
1,0.045527186,6.953773e-05
1,0.022235917,3.3502933e-05
0,0.0051466143,7.0634346e-06
0,0.041959118,6.401744e-05
0,0.0033155822,4.230577e-06
0,0.0045889975,6.200725e-06
1,2.541013,0.0039303973
0,0.004086878,5.423877e-06
1,0.09991151,0.00015367776
1,0.047585405,7.272208e-05
0,0.0021461719,2.4213382e-06
0,0.002310115,2.6749806e-06
0,0.0026457584,3.194267e-06
0,0.0070906538,1.0071131e-05
1,0.07190312,0.00011034492
0,0.009020029,1.305614e-05
1,0.01358281,2.0115389e-05
1,0.042965703,6.5574764e-05
0,0.0073222565,1.0429452e-05
0,0.004641788,6.282399e-06
1,0.03956339,6.0310922e-05
0,0.0052911453,7.287044e-06
0,0.009887196,1.4397767e-05
1,0.052133705,7.9758924e-05
0,0.01306695,1.9317284e-05
0,0.00683012,9.66805e-06
1,3.2939353,0.005095272
0,0.0045096693,6.077993e-06
1,0.04477161,6.8368754e-05
1,0.07064865,0.00010840408
0,0.002860172,3.5259945e-06
0,0.047961935,7.3304625e-05
0,0.0025730934,3.0818442e-06
0,0.006740203,9.528936e-06
0,0.011293692,1.657381e-05
1,0.4523189,0.00069890043
1,0.016893698,2.5237787e-05
0,0.017106747,2.5567404e-05
0,0.007034545,9.984323e-06
1,0.083042674,0.00012757935
1,0.08385543,0.00012883678
1,0.08380044,0.00012875171
1,0.01585566,2.3631803e-05
0,0.0016724147,1.6883706e-06
0,0.057840195,8.858765e-05
1,0.2135136,0.0003294358
1,0.13343474,0.0002055428
1,0.03677396,5.599529e-05
1,2.7841122,0.0043065054
1,0.06916058,0.000106101834
1,0.06833972,0.00010483185
0,0.013326293,1.9718522e-05
1,0.07674411,0.0001178346
0,0.0043048956,5.76118e-06
1,0.07719781,0.00011853654
0,0.0027801224,3.402147e-06
1,0.073783815,0.00011325462
1,0.056110017,8.5910826e-05
1,0.07264105,0.0001114866
0,0.014364954,2.1325473e-05
1,1.7041615,0.002635673
0,0.07532951,0.00011564602
1,2.0331585,0.0031446768
0,0.0017066683,1.7413656e-06
0,0.0065429513,9.22376e-06
0,0.007095057,1.0077943e-05
1,1.2691984,0.0019627253
0,0.0040025404,5.293395e-06
1,0.10926149,0.00016814345
1,0.08520334,0.0001309222
1,0.08623597,0.00013251981
1,2.1519296,0.003328432
1,0.05867592,8.988063e-05
1,0.07718062,0.00011850993
1,0.075564586,0.00011600971
1,0.08912153,0.00013698416
0,0.0072562266,1.0327295e-05
1,0.08139111,0.00012502415
0,0.007452356,1.0630734e-05
1,0.023854917,3.600775e-05
1,0.32851368,0.0005073568
0,0.012499949,1.8440054e-05
0,0.0054496294,7.532241e-06
1,0.05451654,8.34455e-05
0,0.0055739363,7.72456e-06
1,3.145769,0.004866038
1,0.10087517,0.00015516866
0,0.0069918246,9.918229e-06
0,0.0023766065,2.7778522e-06
1,0.07944451,0.00012201249
1,0.10566931,0.00016258586
1,0.06514606,9.989082e-05
1,0.05415805,8.289087e-05
1,0.071864,0.000110284396
0,0.007442633,1.0615691e-05
1,0.06580678,0.00010091304
0,0.009880325,1.4387137e-05
0,0.0044916533,6.05012e-06
0,0.0028227626,3.468117e-06
1,0.04968059,7.596362e-05
0,0.0061208024,8.570638e-06
1,0.08180824,0.0001256695
0,0.005302256,7.304234e-06
0,0.009453391,1.3726611e-05
1,0.13929626,0.00021461138
1,0.075940266,0.00011659094
1,0.07123115,0.00010930529
1,5.1773386,0.008009155
1,0.0740258,0.000113629
1,0.019470032,2.9223731e-05
1,2.0680501,0.0031986588
1,0.09641031,0.00014826092
0,0.0049663885,6.784601e-06
1,0.08485984,0.00013039075
0,0.009951122,1.449667e-05
1,1.0621986,0.0016424682
0,0.010477839,1.5311572e-05
1,0.014051567,2.0840622e-05
0,0.0061178734,8.566106e-06
0,0.0012127752,9.772452e-07
0,0.02210472,3.3299955e-05
1,2.2246444,0.0034409317
1,2.290232,0.0035424046
1,0.32087615,0.00049554044
1,0.09315528,0.00014322494
0,0.010585125,1.5477559e-05
0,0.0013521797,1.192923e-06
1,5.278225,0.00816524
0,0.07231293,0.00011097895
1,0.11722305,0.00018046108
0,0.0045318664,6.112335e-06
0,0.000987492,6.287011e-07
0,0.0018973537,2.036382e-06
0,0.0011792409,9.2536294e-07
0,0.0057989126,8.0726295e-06
1,1.2875267,0.0019910818
0,0.0015072736,1.4328747e-06
0,0.0039365375,5.19128e-06
1,0.039200656,5.974972e-05
1,0.068543546,0.0001051472
1,0.070175976,0.00010767279
1,0.014000141,2.076106e-05
1,0.08979326,0.00013802342
0,0.013612704,2.016164e-05
0,0.0056449347,7.834405e-06
0,0.0026641616,3.2227397e-06
0,0.0039017284,5.1374254e-06
1,0.017868675,2.6746211e-05
0,0.008106163,1.1642263e-05
1,0.08472823,0.00013018714
1,0.35478404,0.0005480006
1,2.3374338,0.0036154324
0,0.014640912,2.175242e-05
0,0.0015382459,1.4807931e-06
1,0.08395364,0.00012898873
1,0.042647015,6.508171e-05
1,0.11215837,0.00017262532
1,0.08727048,0.00013412035
1,0.07554948,0.000115986346
1,0.15350111,0.00023658822
1,0.078089304,0.0001199158
0,0.007526683,1.0745728e-05
0,0.025968328,3.927749e-05
0,0.005602488,7.768734e-06
1,0.16817366,0.00025928867
1,0.08986465,0.00013813388
0,0.014928111,2.2196755e-05
1,0.1001967,0.00015411897
0,0.013379439,1.9800747e-05
0,0.013304225,1.9684381e-05
1,0.07529506,0.000115592724
1,4.0383472,0.006246979
0,0.007053845,1.0014183e-05
1,0.057888392,8.8662215e-05
0,0.0038268608,5.021595e-06
1,0.058019333,8.88648e-05
0,0.002453607,2.8969826e-06
1,5.040968,0.007798171
0,0.022058226,3.322802e-05
1,1.6467688,0.0025468785
1,0.015759695,2.3483331e-05
0,0.002054405,2.279362e-06
1,0.2755761,0.00042545507
1,0.05961958,9.1340604e-05
1,0.07291682,0.00011191326
0,0.006521403,9.190421e-06
1,0.02396455,3.6177367e-05
1,0.0594181,9.102889e-05
1,0.073112704,0.000112216316
1,5.047198,0.0078078094
1,1.3975427,0.0021612917
1,0.076858185,0.00011801109
1,0.035392627,5.3858177e-05
1,0.015415517,2.2950839e-05
1,0.014008929,2.0774654e-05
1,0.06535477,0.00010021373
0,0.003702615,4.829369e-06
0,0.0059837843,8.358652e-06
1,0.07084965,0.00010871506
1,0.025532143,3.8602648e-05
0,0.0040162136,5.3145495e-06
1,0.072253555,0.00011088709
0,0.019729426,2.962505e-05
1,1.4514817,0.0022447426
0,0.0020212987,2.2281422e-06
1,0.07261891,0.00011145235
1,0.089979194,0.0001383111
1,1.1231747,0.0017368065
0,0.013459922,1.9925264e-05
1,0.01394308,2.0672776e-05
0,0.010900657,1.596573e-05
1,4.362624,0.00674868
1,0.015450404,2.3004815e-05
1,0.07686609,0.000118023316
1,0.066017844,0.00010123959
1,1.8104413,0.0028001023
1,0.08018182,0.00012315321
0,0.0038772991,5.09963e-06
1,0.038645443,5.8890728e-05
1,1.4859265,0.0022980333
0,0.0070125186,9.950245e-06
0,0.004615176,6.241227e-06
0,0.037168983,5.6606445e-05
1,0.07857282,0.00012066386
0,0.003238637,4.111532e-06
1,0.07096795,0.000108898086
0,0.0038270378,5.0218687e-06
0,0.00740231,1.0553306e-05
1,0.0653156,0.00010015312
0,0.006199593,8.692537e-06
1,0.06923599,0.000106218504
1,0.02001045,3.0059833e-05
0,0.0258489,3.9092716e-05
0,0.009002395,1.3028858e-05
1,0.016618669,2.481228e-05
0,0.013946431,2.067796e-05
0,0.010562246,1.5442161e-05
1,5.2720895,0.008155748
0,0.008220699,1.1819466e-05
1,5.3208313,0.008231158
0,0.009238499,1.3394144e-05
0,0.0055025034,7.614044e-06
1,0.048700787,7.444773e-05
0,0.0051143663,7.0135425e-06
1,0.11223965,0.00017275108
1,2.381019,0.0036828648
1,0.089447014,0.00013748773
1,0.124896,0.00019233218
0,0.06946804,0.000106577514
1,0.2702703,0.00041724622
0,0.007497996,1.0701346e-05
1,4.824163,0.007462744
1,0.08900598,0.00013680539
0,0.006834923,9.67548e-06
1,0.08283657,0.00012726047
0,0.0029952999,3.735056e-06
0,0.008378234,1.2063194e-05
1,0.06796714,0.00010425542
0,0.042342566,6.4610686e-05
1,5.125959,0.007929664
1,0.02732265,4.137281e-05
0,0.0045226393,6.0980597e-06
1,0.015493054,2.30708e-05
0,0.0061080437,8.550898e-06
0,0.01593783,2.3758928e-05
1,0.060198642,9.223649e-05
1,0.58500534,0.0009041846
0,0.0038034462,4.9853693e-06
0,0.0071907667,1.0226019e-05
0,0.010132596,1.4777434e-05
0,0.0022659614,2.6066689e-06
1,0.103964694,0.00015994858
0,0.0076418202,1.0923862e-05
1,2.044001,0.0031614518
1,0.06566247,0.00010068978
0,0.0022360405,2.5603772e-06
1,0.062639296,9.601252e-05
0,0.0018257846,1.925655e-06
1,3.4228573,0.005294732
0,0.0061783264,8.659636e-06
0,0.012002929,1.7671096e-05
0,0.0031524473,3.9781844e-06
1,0.09042535,0.00013900136
0,0.0030612592,3.8371036e-06
0,0.0018252282,1.924794e-06
0,0.0051801414,7.115306e-06
1,0.088451706,0.00013594786
1,0.04423674,6.754123e-05
1,1.8478423,0.002857967
1,0.052286066,7.999465e-05
0,0.002264515,2.6044313e-06
0,0.017582558,2.6303549e-05
0,0.0031814568,4.0230666e-06
1,0.04954842,7.575913e-05
0,0.0008316189,3.8754396e-07
1,0.031066902,4.7165682e-05
1,0.043349784,6.616899e-05
1,0.08342156,0.00012816553
1,0.056473985,8.6473934e-05
1,0.0821365,0.00012617736
1,2.2955923,0.0035506978
0,0.0060714562,8.494292e-06
0,0.0059979046,8.380498e-06
1,0.07501301,0.00011515635
1,0.015979296,2.3823082e-05
1,0.06667805,0.000102261016
0,0.0015399836,1.4834815e-06
0,0.0016419318,1.6412095e-06
0,0.07468155,0.00011464353
1,4.9903264,0.0077198218
0,0.007819232,1.1198341e-05
0,0.007874232,1.1283434e-05
0,0.0029360177,3.643338e-06
1,0.036902282,5.619382e-05
0,0.013325714,1.9717627e-05
0,0.0032261957,4.0922837e-06
0,0.008321072,1.1974757e-05
0,0.006984971,9.907625e-06
1,5.2668276,0.008147607
1,0.021794869,3.282057e-05
1,0.017515229,2.6199381e-05
0,0.06872972,0.00010543524
1,5.896431,0.00912169
1,0.08318949,0.00012780649
0,0.00325553,4.137668e-06
0,0.0026421202,3.1886382e-06
1,0.02655186,4.018029e-05
1,4.709481,0.0072853146
1,0.014786694,2.1977965e-05
1,0.060975116,9.3437804e-05
0,0.04157979,6.343057e-05
1,0.016346538,2.4391256e-05
1,0.09413108,0.00014473463
0,0.0021612537,2.4446717e-06
0,0.008391072,1.2083057e-05
0,0.00544457,7.5244134e-06
1,0.104932375,0.00016144571
0,0.0022469366,2.577235e-06
1,0.0896554,0.00013781014
1,0.08094871,0.0001243397
0,0.011480245,1.6862432e-05
1,0.20273174,0.0003127548
1,0.06779779,0.00010399341
1,0.034643393,5.2699008e-05
0,0.0012819555,1.0842766e-06
0,0.059759416,9.155695e-05
1,0.039040893,5.9502545e-05
0,0.006476646,9.121176e-06
1,0.0132356025,1.9578212e-05
0,0.014076342,2.0878952e-05
1,0.019694285,2.9570681e-05
1,0.04283872,6.5378306e-05
1,0.08018348,0.00012315578
1,4.1507454,0.0064208745
1,0.035577167,5.4143686e-05
1,0.07040587,0.00010802847
1,5.0504556,0.007812849
1,0.025497217,3.8548613e-05
1,0.11238993,0.00017298358
0,0.0036964621,4.81985e-06
1,0.013371091,1.9787833e-05
1,0.92147917,0.0014247558
0,0.008435269,1.2151436e-05
1,0.060099825,9.208361e-05
0,0.016275426,2.4281237e-05
0,0.16506848,0.00025448453
1,3.7648535,0.005823847
1,0.014830216,2.2045298e-05
1,2.0971155,0.003243627
1,0.5604447,0.0008661859
0,0.0055259597,7.650334e-06
1,0.7574577,0.001170992
1,0.07311148,0.000112214424
1,0.2528702,0.0003903259
0,0.013503092,1.9992056e-05
0,0.0011686316,9.089489e-07
1,0.30681464,0.00047378536
0,0.0017963153,1.8800619e-06
0,0.003073517,3.856069e-06
0,0.0052664154,7.2487837e-06
1,0.017331837,2.5915648e-05
1,4.1467533,0.006414698
1,0.08117207,0.00012468526
0,0.0074338615,1.0602121e-05
0,0.008421081,1.2129486e-05
1,4.420966,0.006838943
0,0.012373079,1.8243769e-05
0,0.01401715,2.0787373e-05
1,2.8566916,0.0044187955
0,0.0046432964,6.2847325e-06
0,0.0031378225,3.955558e-06
1,0.08108832,0.00012455569
1,0.012324701,1.8168923e-05
1,0.072190955,0.00011079024
0,0.012845292,1.8974348e-05
0,0.030416088,4.6158784e-05
0,0.0027757592,3.3953963e-06
1,4.8786592,0.0075470572
1,0.0884029,0.00013587234
1,0.06295149,9.6495525e-05
0,0.010840055,1.587197e-05
1,0.32418036,0.00050065253
0,0.0056331614,7.81619e-06
0,0.010040933,1.463562e-05
1,0.07775112,0.000119392585
1,0.12568243,0.0001935489
0,0.0043466897,5.8258415e-06
0,0.030130265,4.5716577e-05
0,0.050817158,7.772205e-05
0,0.001692296,1.7191297e-06
1,0.015945822,2.3771294e-05
1,5.4992657,0.008507221
1,0.04164438,6.35305e-05
1,0.07182283,0.0001102207
1,2.664081,0.0041208006
1,0.019073255,2.8609862e-05
1,0.06338382,9.716439e-05
1,3.8071587,0.005889299
0,0.0074900957,1.0689123e-05
0,0.00852904,1.2296513e-05
1,0.018193385,2.7248581e-05
1,0.095248125,0.00014646286
0,0.0082361465,1.1843365e-05
1,0.054375473,8.322725e-05
0,0.03605307,5.487997e-05
1,0.021563198,3.2462147e-05
0,0.015415472,2.295077e-05
0,0.008270878,1.1897101e-05
0,0.00370916,4.839496e-06
1,3.74092,0.0057868185
0,0.047187578,7.210659e-05
0,0.0225629,3.4008823e-05
1,0.23612155,0.0003644134
0,0.0016940774,1.7218858e-06
1,5.3035088,0.008204358
0,0.010627897,1.5543734e-05
0,0.0056687174,7.8712e-06
0,0.0021538509,2.4332185e-06
1,0.09093364,0.00013978776
0,0.0028304136,3.4799539e-06
0,0.00837751,1.2062074e-05
1,0.15981223,0.0002463524
1,0.01847352,2.768199e-05
1,0.12512925,0.00019269307
1,0.062931724,9.6464944e-05
1,0.013930526,2.0653353e-05
1,0.07336054,0.00011259975
1,0.03966125,6.0462324e-05
1,0.32420903,0.0005006969
0,0.0076249405,1.0897746e-05
0,0.023141138,3.4903434e-05
0,0.009721717,1.4141748e-05
1,0.10294474,0.00015837057
1,4.0384407,0.0062471237
1,0.697651,0.0010784629
1,0.07215188,0.00011072978
1,0.099150985,0.00015250112
1,0.5200454,0.0008036826
1,0.0606897,9.2996226e-05
0,0.071636885,0.00010993302
0,0.021613752,3.254036e-05
1,0.05891008,9.024291e-05
1,0.05978716,9.1599875e-05
0,0.0046668327,6.321147e-06
1,0.07941624,0.00012196875
1,0.12784672,0.00019689735
0,0.0066676894,9.416747e-06
0,0.009294264,1.34804195e-05
0,0.0037082944,4.8381567e-06
1,0.056006834,8.5751184e-05
0,0.007924097,1.1360582e-05
1,0.075524025,0.00011594696
1,0.8907935,0.0013772809
1,0.0882111,0.00013557561
0,0.1880099,0.00028997808
0,0.002170809,2.4594553e-06
1,0.48786274,0.00075389165
1,0.06611379,0.00010138804
1,0.09914349,0.00015248952
1,0.018219767,2.7289398e-05
0,0.0022184395,2.533146e-06
0,0.002281502,2.6307123e-06
1,0.053812984,8.2357e-05
1,0.020937705,3.1494423e-05
0,0.0037728853,4.9380874e-06
1,0.1386252,0.00021357316
1,1.8730581,0.0028969792
0,0.002079199,2.317722e-06
1,0.055301256,8.4659565e-05
1,0.45589966,0.00070444035
0,0.0045656026,6.16453e-06
1,1.7114153,0.0026468956
0,0.0015646017,1.5215691e-06
1,1.9908208,0.0030791743
1,2.485849,0.003845051
1,0.11544224,0.00017770592
1,0.04006467,6.1086466e-05
1,0.10433808,0.00016052627
0,0.0051324223,7.0414776e-06
0,0.011806409,1.7367052e-05
0,0.008299715,1.1941715e-05
1,0.055530753,8.5014624e-05
1,2.3198617,0.003588246
1,2.3953876,0.003705095
1,0.017922567,2.682959e-05
1,4.9080696,0.007592559
1,0.8493522,0.0013131654
1,0.038917214,5.9311194e-05
1,5.3832126,0.00832767
0,0.026847553,4.063777e-05
1,0.76102304,0.0011765081
0,0.022376414,3.3720302e-05
1,0.104105644,0.00016016666
0,0.0017609993,1.8254232e-06
1,5.0803075,0.007859034
0,0.0040936014,5.434279e-06
0,0.006659588,9.4042125e-06
0,0.0018432052,1.952607e-06
1,0.053064883,8.1199585e-05
1,0.07317714,0.000112316004
0,0.13259223,0.00020423932
0,0.0029817699,3.7141228e-06
1,0.028605903,4.3358177e-05
1,0.04814259,7.3584124e-05
1,4.180081,0.0064662606
0,0.018111808,2.712237e-05
0,0.0022043176,2.5112975e-06
1,0.043115977,6.580726e-05
0,1.6447543,0.0025437619
0,0.0051548593,7.0761907e-06
0,0.0034174656,4.3882046e-06
0,0.010948711,1.6040076e-05
1,0.060528893,9.274743e-05
1,5.114717,0.007912271
1,0.8607947,0.0013308687
1,0.108652316,0.00016720098
0,0.002364335,2.7588667e-06
1,0.08683542,0.00013344725
1,0.071917206,0.00011036672
0,0.0023610548,2.7537915e-06
1,0.32087278,0.00049553526
0,0.007986706,1.1457447e-05
1,0.022470081,3.3865217e-05
1,2.3807266,0.0036824124
0,0.11910761,0.00018337676
1,2.1875963,0.0033836132
1,0.0772294,0.00011858541
0,0.04363654,6.661264e-05
0,0.002151241,2.4291808e-06
1,2.2051637,0.0034107924
0,0.012655474,1.8680674e-05
1,0.07850108,0.000120552875
0,0.006915843,9.800675e-06
0,0.01907558,2.8613458e-05
1,0.0690741,0.00010596804
1,0.09859692,0.00015164391
1,2.3589416,0.0036487079
0,0.001956169,2.1273775e-06
1,0.16010262,0.00024680168
1,0.03458957,5.261574e-05
1,2.3408,0.0036206406
0,0.0033307844,4.2540964e-06
0,0.0018787222,2.0075568e-06
0,0.004336386,5.8099004e-06
0,0.0026276046,3.1661805e-06
0,0.008795115,1.2708168e-05
0,0.0020535,2.2779618e-06
1,0.023762919,3.5865418e-05
0,0.0043744473,5.868786e-06
0,0.0016551523,1.6616633e-06
1,2.3047354,0.0035648437
1,0.10127483,0.000155787
1,0.18627071,0.00028728732
0,0.008208009,1.1799833e-05
1,0.036031447,5.4846518e-05
0,0.049818125,7.61764e-05
0,0.029075114,4.4084114e-05
0,0.0040484746,5.3644617e-06
1,0.07940656,0.00012195377
1,0.09222087,0.00014177928
0,0.0029030074,3.5922665e-06
0,0.008535172,1.2306e-05
1,0.07298844,0.00011202406
0,0.010602651,1.5504675e-05
0,0.0016724818,1.6884744e-06
1,0.036270786,5.521681e-05
1,0.147292,0.00022698188
0,0.0038326872,5.030609e-06
0,0.0023135375,2.6802757e-06
0,0.0069497805,9.853181e-06
0,0.0067979647,9.618301e-06
1,0.08254092,0.00012680306
0,0.0021361841,2.4058857e-06
1,0.07199042,0.00011047999
1,0.15330225,0.00023628057
0,0.003377815,4.3268597e-06
0,0.004229431,5.644426e-06
1,0.13414139,0.00020663608
1,0.022180853,3.3417742e-05
1,5.305092,0.008206807
0,0.0029779098,3.708151e-06
0,0.06205217,9.510416e-05
1,0.06567836,0.00010071436
1,0.13393879,0.00020632263
1,0.054750092,8.380684e-05
0,0.003686686,4.804725e-06
1,1.1845125,0.0018317045
0,0.008898383,1.2867938e-05
0,0.008785157,1.2692762e-05
0,0.003547117,4.5887928e-06
0,0.003974437,5.249915e-06
1,0.12333224,0.00018991284
0,0.04989689,7.629826e-05
1,0.03578707,5.446843e-05
0,0.012486059,1.8418566e-05
0,0.001707213,1.7422084e-06
0,0.0023596582,2.7516307e-06
1,0.092480496,0.00014218094
0,0.0030525,3.823552e-06
1,1.6901863,0.0026140513
0,0.0029022573,3.591106e-06
0,0.0011002336,8.031279e-07
0,0.027599884,4.180173e-05
0,0.035399333,5.386855e-05
1,0.09757929,0.00015006949
0,0.0029975267,3.7385012e-06
1,0.01883253,2.8237428e-05
1,0.023622537,3.5648227e-05
1,0.08743877,0.00013438071
1,4.667613,0.0072205397
0,0.006467208,9.106574e-06
0,0.015789798,2.3529903e-05
1,0.89404017,0.0013823039
1,0.294005,0.0004539671
1,0.061751697,9.463928e-05
1,3.4574304,0.005348221
1,0.095822304,0.0001473512
1,0.5924829,0.0009157534
1,0.06423501,9.84813e-05
1,0.041322887,6.3033105e-05
1,0.08847838,0.00013598913
1,0.037414014,5.698554e-05
1,0.032812726,4.9866714e-05
1,0.8949252,0.0013836732
0,0.0146422945,2.1754558e-05
0,0.0014868248,1.4012376e-06
0,0.02131914,3.2084554e-05
1,0.0564794,8.648231e-05
1,0.018637326,2.7935419e-05
0,0.036863055,5.613313e-05
0,0.0026627374,3.2205357e-06
0,0.05098409,7.798031e-05
0,0.0047784476,6.4938304e-06
0,0.011977422,1.7631633e-05
0,0.030674564,4.655868e-05
1,0.090816885,0.00013960712
0,0.0057526627,8.001075e-06
1,2.281826,0.0035293996
0,0.10303147,0.00015850476
1,0.08222463,0.00012631371
1,0.18201794,0.00028070767
0,0.004159564,5.5363325e-06
1,5.1437707,0.007957221
1,0.04084034,6.2286534e-05
1,0.028070858,4.253039e-05
0,0.3070278,0.00047411514
0,0.0043533,5.836069e-06
1,2.340142,0.0036196224
1,1.4057951,0.0021740592
0,0.0041584456,5.534602e-06
0,0.0012179326,9.852242e-07
1,0.093093246,0.00014312896
1,0.0796856,0.00012238549
1,0.07204749,0.000110568275
1,0.18163575,0.0002801164
1,0.046407096,7.089907e-05
0,0.0039292877,5.180063e-06
1,1.2102401,0.0018715087
0,0.030323748,4.601592e-05
1,0.33877707,0.00052323565
0,0.0009925431,6.365157e-07
0,0.005898729,8.22706e-06
1,0.05428151,8.3081875e-05
1,0.023029225,3.4730292e-05
1,0.9043671,0.0013982811
0,0.0012786557,1.0791714e-06
0,0.009173682,1.3293863e-05
0,0.11966848,0.00018424449
0,0.0056851064,7.896556e-06
1,0.110648945,0.00017029003
1,0.09408372,0.00014466136
0,0.03639392,5.5407316e-05
0,0.0030880373,3.8785333e-06
0,0.0027228235,3.3134972e-06
1,0.07902447,0.00012136263
1,0.07204194,0.000110559704
1,0.08512473,0.00013080057
1,0.031086462,4.7195943e-05
1,0.08798097,0.00013521957
1,0.11738538,0.00018071223
1,0.112464204,0.0001730985
0,0.004766573,6.475459e-06
0,0.002484916,2.9454218e-06
0,0.0022679435,2.6097355e-06
0,0.00835633,1.2029306e-05
1,0.06578611,0.000100881065
1,0.051592823,7.892211e-05
0,0.017804444,2.6646836e-05
0,0.0034152756,4.3848163e-06
1,0.10966557,0.00016876863
1,0.03544639,5.3941356e-05
1,0.06598893,0.000101194855
1,0.01690771,2.5259467e-05
0,0.0033858286,4.3392574e-06
0,0.006265203,8.794045e-06
0,0.008885417,1.2847878e-05
1,3.440027,0.0053212955
0,0.0038165248,5.0056037e-06
0,0.007849706,1.124549e-05
0,0.028236357,4.278644e-05
0,0.0020013212,2.1972342e-06
1,0.10033107,0.00015432686
1,0.046624776,7.123585e-05
1,0.09119745,0.0001401959
1,0.07084191,0.00010870308
1,1.2260376,0.0018959496
0,0.01670683,2.4948677e-05
0,0.004305932,5.762784e-06
0,0.033125892,5.0351227e-05
1,0.044163987,6.742868e-05
1,0.08099824,0.00012441633
1,0.15488996,0.00023873696
1,0.035722177,5.4368036e-05
0,0.0055255853,7.649755e-06
0,0.004687966,6.3538428e-06
0,0.00391996,5.165632e-06
0,0.0024986973,2.9667433e-06
0,0.028974488,4.392843e-05
0,0.0052148835,7.1690565e-06
1,0.12943526,0.00019935504
1,0.072038166,0.000110553854
0,0.052604802,8.048778e-05
0,0.006245644,8.7637845e-06
1,0.056295782,8.619823e-05
0,0.005749247,7.995791e-06
1,0.05856722,8.9712456e-05
0,0.0028703737,3.541778e-06
0,0.009355533,1.3575212e-05
0,0.043123886,6.58195e-05
0,0.0022293376,2.550007e-06
1,0.061707553,9.457098e-05
0,0.006349141,8.923908e-06
0,0.0074088783,1.0563468e-05
1,0.2839524,0.0004384143
0,0.0066215047,9.345293e-06
0,0.0035737534,4.630003e-06
0,0.0034320573,4.4107796e-06
1,0.44491345,0.0006874432
0,0.0069931177,9.92023e-06
1,0.8472438,0.0013099035
0,0.04531679,6.921222e-05
0,0.0018751022,2.001956e-06
0,0.0025240271,3.005932e-06
1,0.18210326,0.00028083968
0,0.004401967,5.911363e-06
1,0.32440868,0.00050100574
1,0.07953357,0.00012215028
1,2.7705564,0.0042855325
1,1.8724658,0.002896063
1,0.044458825,6.788483e-05
0,0.03103701,4.7119436e-05
0,0.009513674,1.38198775e-05
1,3.3805494,0.0052292757
0,0.006997128,9.926433e-06
1,0.016355382,2.4404939e-05
1,0.0803685,0.00012344202
1,5.49913,0.0085070105
0,0.0021283436,2.3937553e-06
0,0.0068092193,9.6357135e-06
0,0.0076408987,1.0922436e-05
0,0.0041310205,5.4921716e-06
0,0.006154288,8.6224445e-06
1,0.018542098,2.7788088e-05
0,0.015231129,2.2665565e-05
1,1.8766128,0.002902479
1,0.014473009,2.149265e-05
0,0.0062105022,8.709416e-06
1,0.017415816,2.6045576e-05
0,0.0016877969,1.712169e-06
1,0.012437187,1.8342953e-05
0,0.0017101038,1.7466808e-06
1,0.46757656,0.00072250614
0,0.012799043,1.8902794e-05
0,0.026549306,4.017634e-05
1,0.17676504,0.0002725807
1,0.07438518,0.00011418501
0,0.0044335616,5.9602444e-06
1,0.017367823,2.5971323e-05
0,0.027283901,4.131286e-05
1,0.08442309,0.00012971503
1,0.08071657,0.00012398054
0,0.0062062107,8.702776e-06
0,0.0031433506,3.9641104e-06
0,0.0030314839,3.7910372e-06
1,0.3572755,0.00055185525
0,0.008444057,1.2165033e-05
0,0.002721896,3.312062e-06
0,0.009508563,1.381197e-05
1,0.15482375,0.00023863453
0,0.0028947794,3.5795372e-06
0,0.0033873979,4.3416853e-06
1,0.024851853,3.7550148e-05
0,0.010275246,1.4998133e-05
0,0.0035841258,4.6460505e-06
0,0.0033815824,4.3326877e-06
1,0.026349934,3.9867882e-05
1,0.10027198,0.00015423544
1,0.064732485,9.925096e-05
1,0.07021467,0.00010773265
0,0.001318412,1.1406798e-06
1,4.6217284,0.0071495497
0,0.001757046,1.8193068e-06
0,0.0071935183,1.02302765e-05
1,0.02133587,3.2110438e-05
0,0.0017879006,1.8670431e-06
0,0.015876792,2.3664496e-05
0,0.005404901,7.46304e-06
0,0.0025229468,3.0042606e-06
0,0.0721952,0.00011079681
0,0.0065302737,9.204146e-06
1,0.0709897,0.00010893173
1,2.3208344,0.003589751
0,0.006211696,8.711263e-06
0,0.0060730027,8.496685e-06
0,0.012845738,1.8975037e-05
1,0.03171586,4.8169706e-05
0,0.0040062857,5.2991895e-06
0,0.020691639,3.1113723e-05
1,0.046141867,7.048873e-05
1,0.06569889,0.000100746125
0,0.014703052,2.1848558e-05
0,0.006707895,9.478951e-06
0,0.016011018,2.3872162e-05
1,0.07310006,0.00011219675
1,0.017041927,2.5467118e-05
0,0.010929393,1.6010188e-05
1,0.015817072,2.35721e-05
1,0.056152932,8.597722e-05
1,0.08906809,0.0001369015
1,1.659129,0.0025660016
1,0.047632247,7.279455e-05
1,0.08279323,0.00012719342
0,0.002339909,2.7210763e-06
1,0.7270972,0.0011240202
1,0.07896884,0.00012127656
1,0.085324205,0.00013110919
1,0.08156625,0.00012529512
1,0.05037337,7.7035445e-05
1,0.059004195,9.0388516e-05
0,0.0055149277,7.633266e-06
1,0.014208719,2.1083757e-05
0,0.0056374026,7.822752e-06
1,0.39176825,0.00060522027
0,0.005255711,7.232222e-06
0,0.0029105109,3.6038757e-06
1,0.32923585,0.00050847407
1,0.06886759,0.000105648534
1,5.1153994,0.007913327
1,4.4928217,0.0069501135
1,0.082522385,0.00012677438
0,0.015014825,2.2330914e-05
1,0.06987791,0.00010721164
1,0.05594628,8.56575e-05
0,0.016229516,2.4210207e-05
1,0.056481536,8.648562e-05
0,0.0049515683,6.761672e-06
0,0.011303465,1.658893e-05
0,0.0034363065,4.4173535e-06
0,0.008083903,1.16078245e-05
1,5.6083255,0.0086759515
0,0.0020560466,2.281902e-06
1,0.064785846,9.933352e-05
1,0.09456416,0.00014540467
1,3.2760363,0.0050675794
0,0.0022420841,2.5697275e-06
1,0.07742928,0.00011889465
1,0.05296976,8.105242e-05
1,1.3627343,0.0021074382
1,0.11136487,0.00017139768
1,0.067766,0.000103944236
1,0.34855592,0.00053836487
0,0.0036979774,4.8221946e-06
1,0.10883629,0.00016748562
1,0.059408758,9.101443e-05
0,0.007023709,9.967558e-06
1,0.04341095,6.626362e-05
0,0.0050068963,6.847272e-06
0,0.0019153653,2.0642487e-06
1,0.04221764,6.441741e-05
1,0.014699452,2.1842989e-05
1,3.9465995,0.0061050327
1,0.14000127,0.00021570212
0,0.0044436315,5.9758236e-06
1,1.1742156,0.0018157738
0,0.008944935,1.293996e-05
1,0.5101405,0.00078835833
1,0.08621881,0.00013249327
1,0.11486229,0.00017680867
1,1.9884044,0.0030754358
0,0.0020573903,2.2839808e-06
0,0.002085408,2.327328e-06
1,0.019907078,2.98999e-05
0,0.0052833543,7.2749904e-06
1,0.078617536,0.00012073304
0,0.021264043,3.1999312e-05
0,0.0069706663,9.885494e-06
1,0.1055688,0.00016243035
1,0.029100386,4.412321e-05
0,0.012000417,1.7667211e-05
0,0.0026445575,3.192409e-06
1,0.045031287,6.877051e-05
1,0.0549846,8.416965e-05
0,0.04066086,6.2008854e-05
1,0.8476001,0.0013104548
0,0.023732075,3.58177e-05
1,0.07334951,0.00011258269
1,5.204055,0.008050489
1,0.07240173,0.000111116344
1,0.09555519,0.00014693793
1,0.06676456,0.00010239487
1,0.052406263,8.018061e-05
0,0.011181506,1.6400243e-05
0,0.007052501,1.0012104e-05
0,0.027748585,4.203179e-05
0,0.0022199,2.5354057e-06
0,0.0014349748,1.3210185e-06
0,0.0035154915,4.5398638e-06
1,0.02292621,3.4570912e-05
0,0.004846124,6.598535e-06
1,2.7864869,0.0043101795
1,0.07631459,0.00011717007
1,0.027835289,4.216593e-05
0,0.0038334676,5.0318163e-06
1,0.136955,0.0002109891
0,0.0030768143,3.86117e-06
1,2.5401058,0.003928994
1,0.05914991,9.061396e-05
0,0.0035727345,4.6284263e-06
0,0.07165497,0.000109960994
0,0.007838034,1.1227431e-05
1,1.3743912,0.002125473
1,0.09184484,0.00014119751
1,0.014793036,2.1987775e-05
1,0.10259353,0.0001578272
0,0.006659252,9.403693e-06
1,0.05575348,8.5359214e-05
1,0.011623364,1.7083858e-05
0,0.0037838593,4.9550654e-06
1,5.4991302,0.008507011
0,0.006005928,8.392911e-06
1,0.07789016,0.00011960769
1,0.084830135,0.0001303448
0,0.0022381211,2.5635961e-06
0,0.0037413645,4.8893203e-06
1,0.15840484,0.00024417497
0,0.0077992314,1.1167398e-05
1,2.0370498,0.003150697
1,0.07132623,0.0001094524
1,0.055652607,8.520315e-05
1,0.11607895,0.000178691
1,0.022817906,3.440335e-05
1,0.070180364,0.00010767958
1,0.041010983,6.255055e-05
1,0.08348379,0.00012826182
1,0.0732135,0.00011237226
1,0.04214314,6.430215e-05
0,0.0064570797,9.090905e-06
0,0.0032753854,4.1683866e-06
1,0.019452449,2.9196526e-05
1,0.046092447,7.0412265e-05
0,0.0015367132,1.4784217e-06
1,0.11415753,0.0001757183
0,0.017686406,2.6464215e-05
0,0.0077685565,1.111994e-05
1,1.8466781,0.0028561659
0,0.006989344,9.914391e-06
0,0.002946375,3.659362e-06
0,0.00542391,7.492449e-06
1,0.018937794,2.8400285e-05
1,0.085179515,0.00013088532
1,4.5329967,0.0070122695
1,0.3611115,0.00055779004
0,0.20841604,0.0003215492
0,0.015741771,2.34556e-05
1,0.052982897,8.107274e-05
0,0.0024640025,2.9130656e-06
1,0.07112616,0.000109142864
0,0.007903763,1.1329123e-05
1,0.050093714,7.660278e-05
1,0.07101328,0.00010896822
0,0.0016738644,1.6906135e-06
0,0.006695932,9.460442e-06
1,0.1449177,0.00022330851
1,0.07225042,0.00011088224
0,0.0019434782,2.1077433e-06
0,0.009545491,1.3869102e-05
0,0.01511487,2.2485698e-05
1,0.0732569,0.00011243941
1,0.089360245,0.00013735349
0,0.0032287454,4.096228e-06
0,0.0012436227,1.0249705e-06
1,0.017713796,2.6506592e-05
0,0.005330367,7.3477254e-06
0,0.015184203,2.2592965e-05
1,0.11627831,0.00017899944
0,0.0017875816,1.8665496e-06
0,0.0018005208,1.8865684e-06
1,0.058318082,8.9327004e-05
0,0.00379519,4.972596e-06
1,0.031094883,4.720897e-05
1,0.050808687,7.770894e-05
1,0.030177828,4.5790162e-05
1,0.072557844,0.00011135787
1,0.1104108,0.0001699216
1,0.03241553,4.92522e-05
0,0.007931021,1.1371295e-05
1,0.06976508,0.000107037085
0,0.012453486,1.8368171e-05
0,0.015352574,2.2853459e-05
1,0.03372714,5.1281437e-05
1,4.835977,0.007481022
1,0.34471893,0.0005324285
0,0.0038728197,5.0926997e-06
0,0.0040509915,5.3683557e-06
0,0.009736934,1.4165291e-05
1,0.09250882,0.00014222477
1,0.08883635,0.00013654295
1,2.5401063,0.0039289948
1,2.0670075,0.0031970458
0,0.0022173887,2.5315203e-06
1,0.05633736,8.626256e-05
1,0.050109163,7.662668e-05
1,0.057678394,8.833732e-05
0,0.0032622812,4.1481126e-06
1,0.72734356,0.0011244013
1,4.2153425,0.006520815
0,0.059990637,9.191468e-05
1,5.241637,0.008108634
0,0.0063509033,8.926635e-06
1,0.06959726,0.000106777436
0,0.0061624446,8.635064e-06
0,0.006391688,8.989735e-06
0,0.0028713348,3.543265e-06
0,0.0076908637,1.0999738e-05
1,0.18232171,0.00028117766
1,0.12082686,0.00018603668
1,0.07295736,0.000111975976
0,0.0016826859,1.7042616e-06
0,0.0030736588,3.8562875e-06
0,0.007977931,1.1443871e-05
0,0.0029158243,3.612096e-06
0,0.08673332,0.00013328927
0,0.0063427757,8.914061e-06
0,0.007791405,1.115529e-05
0,0.020055179,3.0129033e-05
0,0.007817637,1.1195874e-05
0,0.0017425179,1.7968299e-06
0,0.003228452,4.0957743e-06
0,0.004819312,6.5570534e-06
1,0.09934759,0.0001528053
0,0.026257847,3.972541e-05
0,0.002325619,2.6989676e-06
1,0.07751255,0.000119023476
1,0.014581819,2.1660993e-05
0,0.00588224,8.201549e-06
1,0.40432474,0.0006246469
0,0.0039805197,5.2593264e-06
0,0.009164233,1.3279244e-05
1,0.08717672,0.00013397528
1,0.07035985,0.00010795727
1,0.026429083,3.999034e-05
1,0.09285126,0.00014275456
0,0.0022781577,2.6255384e-06
0,0.021201868,3.1903117e-05
1,0.10973324,0.00016887332
1,0.052066468,7.96549e-05
1,4.2024918,0.0065009333
0,0.0144017255,2.1382364e-05
1,0.027216649,4.1208812e-05
0,0.008688345,1.2542979e-05
1,0.014787433,2.1979107e-05
0,0.0029847114,3.718674e-06
1,0.12494083,0.00019240155
1,0.25315544,0.0003907672
1,0.09917106,0.00015253217
1,3.2021892,0.004953328
0,0.004749359,6.4488263e-06
1,0.060590934,9.2843424e-05
1,0.08450911,0.00012984812
0,0.0035384668,4.57541e-06
1,0.0361096,5.4967433e-05
1,0.07371293,0.000113144946
0,0.0023933544,2.8037634e-06
0,0.03469306,5.277585e-05
1,0.47927257,0.0007406015
0,0.007818106,1.1196599e-05
1,0.026828941,4.0608975e-05
0,0.03316961,5.041886e-05
0,0.0052470816,7.2188714e-06
1,3.3945444,0.005250928
1,0.10908765,0.0001678745
0,0.013728659,2.0341038e-05
1,0.08360387,0.00012844759
0,0.004018863,5.3186486e-06
1,0.015231167,2.2665625e-05
1,0.07287473,0.00011184814
1,0.154698,0.00023843998
0,0.02435094,3.6775164e-05
0,0.004210052,5.6144445e-06
1,3.4277635,0.005302322
0,0.0028812995,3.5586818e-06
1,0.08215629,0.00012620799
1,0.05078124,7.7666475e-05
1,0.036672384,5.5838136e-05
1,0.072250396,0.0001108822
1,0.055744585,8.5345455e-05
0,0.0040777144,5.4096995e-06
1,4.8283086,0.0074691577
0,0.04914429,7.513389e-05
0,0.0023499688,2.73664e-06
0,0.005268938,7.2526864e-06
1,3.319466,0.0051347716
1,0.6167537,0.00095330365
0,0.004789367,6.510724e-06
0,0.015590277,2.3221217e-05
1,0.014536216,2.159044e-05
1,0.6779005,0.0010479061
1,0.07895449,0.00012125436
0,0.0021672712,2.4539818e-06
1,0.043588366,6.653811e-05
1,0.8171853,0.0012633988
1,2.4295425,0.0037579373
1,0.050253626,7.6850185e-05
0,0.001728269,1.774785e-06
1,0.048489768,7.412126e-05
0,0.005532713,7.660783e-06
1,0.16161379,0.00024913967
0,0.0020628085,2.2923634e-06
0,0.0013925005,1.2553048e-06
0,0.021003904,3.159684e-05
0,0.00514415,7.059622e-06
0,0.0042977743,5.7501625e-06
0,0.010566446,1.544866e-05
0,0.022213664,3.3468506e-05
1,0.016186409,2.4143515e-05
1,0.11263007,0.0001733551
0,0.0058798385,8.197833e-06
0,0.0028746391,3.5483772e-06
0,0.0071141333,1.01074575e-05
1,5.147913,0.007963629
0,0.007966294,1.1425866e-05
1,2.9810092,0.004611132
0,0.007811717,1.1186716e-05
0,0.010271877,1.4992921e-05
0,0.020316517,3.053336e-05
1,5.2229137,0.008079667
0,0.008520475,1.2283262e-05
0,0.018664915,2.7978103e-05
0,0.00058112794,0.0
1,0.12668878,0.00019510587
1,0.07873511,0.000120914956
1,0.07798198,0.000119749755
0,0.0045768004,6.181854e-06
1,0.07354826,0.00011289018
0,0.025684055,3.883768e-05
1,2.8677914,0.0044359686
1,0.5076576,0.000784517
0,0.010633649,1.5552632e-05
1,0.018284107,2.738894e-05
1,0.05260386,8.0486316e-05
1,0.07387658,0.00011339814
1,1.0534507,0.0016289339
1,3.4194117,0.005289401
0,0.0020346015,2.2487234e-06
0,0.011698289,1.7199776e-05
1,2.1225297,0.0032829463
0,0.013375733,1.9795014e-05
1,0.014332994,2.1276028e-05
0,0.0035600015,4.6087266e-06
0,0.001770583,1.8402504e-06
1,0.06178426,9.468966e-05
1,0.08566481,0.00013163614
1,4.4081383,0.0068190964
1,1.2006651,0.0018566948
1,0.08714961,0.00013393334
1,0.018011568,2.6967286e-05
1,5.893326,0.009116886
0,0.0025169025,2.9949094e-06
1,1.5368276,0.0023767843
1,0.072560236,0.00011136157
0,0.0031650807,3.99773e-06
1,2.0228002,0.003128651
1,0.08689933,0.00013354613
0,0.013987468,2.074145e-05
0,0.004440597,5.9711288e-06
1,4.7091093,0.00728474
1,0.6001553,0.0009276236
0,0.01122428,1.646642e-05
1,0.04165892,6.3552994e-05
1,1.4522474,0.0022459272
1,0.015122934,2.2498174e-05
0,0.004001634,5.291993e-06
1,0.078016035,0.00011980244
0,0.003142482,3.9627666e-06
1,0.078794524,0.00012100687
1,0.057500653,8.8062334e-05
1,0.018479979,2.7691982e-05
0,0.004333693,5.805734e-06
1,0.04660124,7.119944e-05
1,0.079433315,0.00012199517
0,0.0016766441,1.6949141e-06
1,0.077640556,0.00011922152
0,0.0305853,4.6420577e-05
0,0.0039753043,5.2512573e-06
0,0.0066541275,9.395765e-06
1,0.012512518,1.8459501e-05
1,0.05868281,8.989129e-05
1,0.04432342,6.767534e-05
1,0.08320624,0.00012783239
0,0.00720412,1.0246679e-05
0,0.0053650257,7.4013474e-06
1,5.2735825,0.008158058
1,0.2285822,0.000352749
1,0.013522667,2.002234e-05
1,0.033788692,5.1376668e-05
0,0.010630657,1.5548003e-05
0,0.006112385,8.557615e-06
1,0.10624307,0.00016347354
1,0.07325236,0.000112432375
0,0.005751477,7.999241e-06
1,0.094785035,0.0001457464
1,0.086774275,0.00013335265
0,0.0030240752,3.779575e-06
0,0.003937413,5.192634e-06
0,0.0024425227,2.8798336e-06
1,3.3749752,0.0052206516
1,0.054345258,8.31805e-05
1,0.03350678,5.0940514e-05
0,0.008864188,1.2815032e-05
0,0.004692353,6.36063e-06
0,0.0034598892,4.4538397e-06
0,0.033526868,5.097159e-05
1,5.6250424,0.008701814
1,0.015218171,2.2645518e-05
1,2.0606427,0.0031871987
1,0.073974244,0.000113549235
0,0.026732525,4.0459803e-05
1,0.02437139,3.6806803e-05
0,0.030100409,4.5670386e-05
1,0.02097614,3.1553885e-05
0,0.0024155232,2.8380616e-06
1,5.1104617,0.007905687
1,5.033898,0.0077872328
0,0.038679898,5.8944035e-05
1,0.092957415,0.00014291881
1,2.3841023,0.003687635
1,0.06773331,0.00010389365
1,0.07858367,0.000120680656
0,0.018829271,2.8232385e-05
1,0.999566,0.001545567
1,0.01986601,2.9836363e-05
1,0.0779415,0.00011968712
1,0.4512566,0.00069725694
0,0.004905059,6.6897155e-06
1,2.2152586,0.0034264107
0,0.010317129,1.5062933e-05
1,0.09339921,0.00014360233
1,4.556319,0.007048353
0,0.028041061,4.248429e-05
1,2.0610154,0.0031877751
1,0.08056038,0.0001237389
1,0.075987145,0.00011666347
1,1.690136,0.0026139736
0,0.0036012754,4.672583e-06
0,0.008757104,1.264936e-05
1,1.7257552,0.0026690813
1,0.14201254,0.00021881383
1,0.059577473,9.1275455e-05
0,0.0018282764,1.92951e-06
0,0.006593394,9.301802e-06
1,0.08880677,0.0001364972
0,0.008126794,1.1674183e-05
0,0.0036188904,4.699836e-06
1,0.045058124,6.881203e-05
0,0.0016258872,1.6163863e-06
0,0.0011183537,8.311621e-07
0,0.004927046,6.7237324e-06
1,0.07639079,0.000117287964
0,0.009123968,1.3216948e-05
1,0.09207279,0.00014155018
1,0.06279324,9.625069e-05
0,0.0011902092,9.423324e-07
0,0.016655747,2.4869643e-05
0,0.0077902777,1.11535455e-05
1,1.9952435,0.003086017
0,0.0039964323,5.283945e-06
1,0.017962834,2.6891887e-05
0,0.0031288636,3.9416973e-06
1,0.092478536,0.00014217792
0,0.0013924801,1.2552733e-06
0,0.0026074785,3.135043e-06
1,5.249383,0.008120618
0,0.0025479503,3.0429446e-06
0,0.0064576403,9.091772e-06
1,0.023466282,3.5406476e-05
1,0.06363335,9.755045e-05
1,0.07188403,0.000110315385
1,0.08639652,0.00013276821
0,0.006985949,9.9091385e-06
1,0.016656462,2.4870751e-05
0,0.012392344,1.8273575e-05
1,0.028390842,4.3025448e-05
0,0.0030659116,3.844302e-06
1,0.06832117,0.00010480315
1,0.094009876,0.00014454711
1,0.097304426,0.00014964423
0,0.0050696568,6.944371e-06
1,0.06146145,9.4190225e-05
1,0.077469304,0.000118956574
1,0.0736284,0.000113014175
1,3.415906,0.005283977
1,0.6932449,0.001071646
0,0.0047355588,6.4274755e-06
1,28.788921,0.04453952
1,0.08719305,0.00013400054
0,0.010916823,1.5990741e-05
1,0.05643725,8.64171e-05
1,1.4677275,0.0022698771
0,0.0083353575,1.1996859e-05
1,0.04561259,6.966986e-05
1,0.09216951,0.00014169981
1,0.047841452,7.311822e-05
0,0.0052771433,7.265381e-06
1,0.44397953,0.0006859983
0,0.042172525,6.434761e-05
1,0.039901,6.083325e-05
0,0.019876469,2.9852545e-05
1,0.08104567,0.00012448971
0,0.0022405498,2.5673537e-06
0,0.008347777,1.2016073e-05
1,0.18655513,0.00028772734
0,0.0066774264,9.431811e-06
1,0.07433768,0.00011411153
1,5.171972,0.008000852
1,0.043735053,6.676505e-05
0,0.005814322,8.09647e-06
1,2.478819,0.0038341747
1,0.08117294,0.00012468662
1,0.091611765,0.0001408369
0,0.003584112,4.646029e-06
1,0.066901155,0.000102606195
1,1.4363177,0.0022212819
0,0.03228062,4.9043472e-05
1,0.024198132,3.653875e-05
0,0.008457495,1.2185823e-05
1,0.06912492,0.00010604667
1,0.033758663,5.1330207e-05
1,0.07885825,0.00012110546
1,0.024630103,3.7207068e-05
0,0.05547106,8.492227e-05
1,0.077444,0.00011891743
1,5.4569182,0.008441703
1,0.06595218,0.000101138
1,0.043763,6.6808294e-05
1,0.057107076,8.7453416e-05
1,0.080945246,0.00012433433
1,0.062204313,9.5339536e-05
0,0.004277633,5.7190014e-06
0,0.005304364,7.3074953e-06
0,0.007840395,1.1231084e-05
1,0.018436039,2.7624e-05
0,0.010876856,1.5928907e-05
1,0.065016724,9.969072e-05
0,0.003463813,4.45991e-06
0,0.0069345734,9.829653e-06
1,0.1360646,0.00020961155
1,0.07065439,0.00010841297
1,0.0936179,0.00014394068
1,0.08389563,0.00012889899
0,0.022467373,3.386103e-05
0,0.0036159563,4.6952964e-06
0,0.003122258,3.9314773e-06
1,0.020535588,3.0872292e-05
1,0.016615918,2.4808023e-05
1,0.08600648,0.00013216476
0,0.002171222,2.4600938e-06
0,0.0033553329,4.2920765e-06
1,0.042297017,6.454022e-05
1,0.08415851,0.0001293057
1,0.08276187,0.0001271449
1,1.0187998,0.0015753242
1,0.09760457,0.00015010861
1,0.070251085,0.000107789
1,0.070213504,0.000107730855
0,0.005948312,8.303771e-06
0,0.011230199,1.6475577e-05
0,0.0032590195,4.1430662e-06
1,0.07176316,0.00011012838
1,1.9560541,0.0030253856
1,0.06958126,0.00010675269
0,0.031651754,4.8070528e-05
0,0.015052539,2.2389264e-05
1,0.015711132,2.3408198e-05
1,0.033195958,5.045963e-05
0,0.004452122,5.9889594e-06
0,0.012067854,1.7771545e-05
0,0.014607532,2.1700776e-05
1,0.04088472,6.23552e-05
1,0.05882865,9.011692e-05
1,0.06196822,9.497427e-05
1,1.9686122,0.0030448146
1,0.0814261,0.00012507828
1,0.03840225,5.8514473e-05
0,0.0030591749,3.833879e-06
0,0.002433893,2.8664822e-06
0,0.0060344744,8.437077e-06
1,5.2780204,0.008164924
0,0.0038860582,5.1131815e-06
0,0.004212841,5.618759e-06
1,0.07830799,0.00012025414
0,0.05508085,8.431856e-05
1,2.1699653,0.0033563357
1,3.1694288,0.004902643
1,0.07140969,0.00010958152
0,0.0072156372,1.0264498e-05
0,0.0015028795,1.4260764e-06
1,5.1439853,0.007957553
1,0.091271766,0.00014031088
1,2.0909102,0.0032340265
0,0.007964432,1.1422986e-05
0,0.0068291365,9.666528e-06
1,0.09490118,0.00014592608
0,0.012066373,1.7769253e-05
0,0.007868881,1.1275156e-05
1,0.05153852,7.883809e-05
1,0.073811315,0.00011329716
1,0.0652958,0.00010012249
1,0.051946014,7.946854e-05
1,0.17316921,0.0002670175
0,0.0035628914,4.6131977e-06
1,0.046298135,7.073049e-05
1,0.16656278,0.00025679643
1,0.10000126,0.00015381661
0,0.013416649,1.9858317e-05
1,1.6967133,0.0026241497
0,0.00730195,1.0398036e-05
1,0.06694017,0.00010266656
0,0.010391384,1.5177816e-05
0,0.0051205596,7.0231245e-06
1,1.3195589,0.0020406398
1,0.025416669,3.8423994e-05
1,0.4468693,0.00069046917
1,0.042387318,6.467992e-05
1,0.089685045,0.000137856
0,0.0083608795,1.2036345e-05
1,0.08355461,0.00012837138
0,0.021536231,3.2420423e-05
1,0.85547847,0.0013226437
1,0.092968464,0.00014293591
1,0.99080867,0.0015320181
1,0.07414088,0.00011380704
1,0.15135184,0.00023326301
1,1.7069647,0.0026400099
1,0.01630579,2.4328212e-05
0,0.007931192,1.137156e-05
1,0.03551486,5.404729e-05
0,0.0029319727,3.6370802e-06
0,0.002530141,3.0153913e-06
1,0.08667141,0.0001331935
0,0.001629732,1.6223346e-06
0,0.0031626865,3.994026e-06
1,0.070185445,0.00010768744
1,0.101471014,0.00015609052
0,0.015517093,2.3107992e-05
1,0.015099453,2.2461845e-05
0,0.00981354,1.4283811e-05
1,0.043892693,6.700894e-05
0,0.00202748,2.2377053e-06
1,2.42751,0.0037547927
1,0.09026857,0.0001387588
0,0.006453277,9.085022e-06
0,0.018560454,2.7816488e-05
1,0.043119147,6.5812164e-05
1,0.059439868,9.106256e-05
1,0.07141034,0.00010958253
0,0.0058260956,8.114685e-06
0,0.005329594,7.3465294e-06
1,0.014549896,2.1611604e-05
1,0.22433318,0.0003461752
1,0.04451259,6.796801e-05
1,0.057555933,8.8147855e-05
1,0.060349915,9.247053e-05
1,0.52147347,0.00080589205
0,0.0022060187,2.5139293e-06
0,0.0027833567,3.4071504e-06
1,0.057528406,8.810527e-05
1,0.019211233,2.8823331e-05
0,0.0044690594,6.015164e-06
1,0.5854934,0.00090493966
0,0.027459009,4.1583775e-05
1,0.017667165,2.6434447e-05
1,0.2513289,0.00038794125
1,5.4932914,0.008497978
0,0.018734764,2.808617e-05
0,0.0020852585,2.3270968e-06
1,0.046080947,7.0394475e-05
1,5.0888534,0.007872256
0,0.001398845,1.2651207e-06
1,0.38459292,0.0005941191
1,0.0891658,0.00013705266
1,0.019631594,2.947369e-05
1,0.01660388,2.4789399e-05
0,0.0023020972,2.662576e-06
1,0.04109648,6.268282e-05
1,0.041377854,6.311815e-05
1,0.68464386,0.001058339
0,0.00291335,3.6082683e-06
1,0.06673615,0.0001023509
0,0.00744448,1.0618549e-05
0,0.026463985,4.004434e-05
1,1.4952954,0.0023125284
0,0.09646174,0.00014834049
0,0.006650426,9.390038e-06
0,0.047062602,7.191323e-05
0,0.009111031,1.3196933e-05
0,0.010292261,1.5024458e-05
0,0.001420104,1.2980112e-06
1,0.6689963,0.0010341301
0,0.0039733327,5.248207e-06
0,0.010917678,1.5992064e-05
1,0.07163714,0.00010993341
1,0.07729162,0.00011868167
1,0.016633976,2.4835961e-05
0,0.0032449742,4.121336e-06
1,0.047109727,7.198614e-05
1,0.071550265,0.00010979901
0,0.019563511,2.9368355e-05
0,0.007878401,1.1289885e-05
1,0.030149033,4.574561e-05
1,4.9085507,0.0075933035
0,0.0075132437,1.0724936e-05
1,0.014580189,2.1658472e-05
1,0.6081486,0.00093999034
0,0.0803603,0.00012342934
0,0.013523992,2.002439e-05
0,0.0033765882,4.324961e-06
1,0.13209313,0.00020346715
0,0.0037537455,4.908475e-06
1,0.013027607,1.9256415e-05
1,0.08198852,0.00012594843
0,0.017644107,2.6398773e-05
0,0.010039828,1.4633909e-05
0,0.0035025598,4.5198567e-06
1,2.4547803,0.0037969837
0,0.0026967882,3.2732173e-06
0,0.0029068857,3.598267e-06
1,0.049259134,7.531157e-05
0,0.003755916,4.911833e-06
1,0.0760468,0.000116755764
1,0.08472851,0.00013018756
1,0.08373368,0.00012864842
1,2.2949936,0.0035497716
0,0.0066893017,9.450184e-06
1,0.119948775,0.00018467815
1,1.3235757,0.0020468545
1,0.06288062,9.6385884e-05
1,0.19204783,0.0002962253
1,0.5150697,0.0007959845
1,2.3019757,0.003560574
1,0.0181153,2.7127775e-05
1,0.080299854,0.00012333582
1,0.31885108,0.0004924074
1,2.3451488,0.0036273687
1,0.094430506,0.00014519789
0,0.008849114,1.2791712e-05
1,0.017343111,2.5933092e-05
1,0.09352666,0.00014379951
0,0.0037568102,4.9132173e-06
1,2.3105233,0.003573798
1,0.047602013,7.2747775e-05
1,3.044353,0.0047091334
0,0.0027703035,3.3869558e-06
0,0.0017708833,1.8407152e-06
1,1.9022112,0.0029420832
0,0.0045569013,6.1510677e-06
1,0.05466434,8.367417e-05
1,0.079703234,0.00012241278
0,0.01415957,2.1007718e-05
0,0.014713043,2.1864016e-05
1,1.4374262,0.002222997
0,0.051432993,7.867483e-05
1,0.016787453,2.507341e-05
0,0.0040323213,5.33947e-06
1,0.11282372,0.00017365471
0,0.0032379809,4.1105163e-06
0,0.0013134853,1.1330575e-06
0,0.0071543036,1.0169606e-05
1,0.016590724,2.4769044e-05
1,0.16748868,0.00025822892
1,0.047663603,7.284306e-05
1,0.04794917,7.328487e-05
0,0.012647752,1.8668727e-05
1,0.07226978,0.0001109122
0,0.017046897,2.5474807e-05
1,5.2792764,0.008166867
0,0.0016796719,1.6995986e-06
1,0.19492368,0.00030067464
1,0.0385288,5.8710266e-05
0,0.0029689758,3.6943286e-06
0,0.014095484,2.0908568e-05
0,0.0026400103,3.1853738e-06
1,1.8846229,0.0029148716
1,0.8898799,0.0013758674
0,0.014580419,2.1658829e-05
1,0.5206411,0.0008046042
1,5.2940135,0.008189667
1,3.3875465,0.0052401014
1,0.093393885,0.0001435941
1,0.037732612,5.7478454e-05
1,0.10405861,0.00016009388
1,0.09120748,0.00014021143
0,0.0028378519,3.4914624e-06
1,0.41925892,0.00064775214
1,0.102501094,0.00015768419
0,0.0015172536,1.4483151e-06
1,1.285437,0.0019878487
1,0.12164694,0.00018730544
1,0.052165184,7.980763e-05
0,0.0020869747,2.3297519e-06
1,0.103898585,0.0001598463
0,0.0062517165,8.77318e-06
0,0.021426583,3.2250784e-05
0,0.0030636038,3.840731e-06
0,0.013136361,1.9424671e-05
0,0.024200069,3.6541747e-05
1,0.082679436,0.00012701737
1,0.23496279,0.00036262066
1,0.012858165,1.8994266e-05
1,0.047282256,7.225307e-05
1,0.078371614,0.00012035257
1,0.03035409,4.6062865e-05
0,0.0039882306,5.2712558e-06
1,0.032709584,4.9707138e-05
0,0.012885922,1.9037208e-05
1,0.019461848,2.9211067e-05
0,0.0028310444,3.4809302e-06
1,2.3704457,0.0036665064
0,0.014696013,2.1837668e-05
0,0.011355004,1.6668668e-05
1,0.052738838,8.069515e-05
1,0.7633062,0.0011800405
0,0.0030686345,3.848515e-06
1,0.10798285,0.00016616522
1,0.08344002,0.0001281941
1,0.087876014,0.00013505718
1,0.058326438,8.9339934e-05
1,0.024189804,3.6525867e-05
1,0.017478066,2.6141885e-05
1,0.065524876,0.0001004769
1,0.016174061,2.4124412e-05
0,0.010917516,1.5991815e-05
1,0.013147306,1.9441604e-05
0,0.0019329652,2.091478e-06
0,0.010717387,1.5682188e-05
1,0.031726457,4.8186106e-05
0,0.031065166,4.7162997e-05
0,0.009449184,1.3720102e-05
0,0.012381941,1.825748e-05
1,0.7477578,0.0011559849
0,0.002729594,3.3239726e-06
1,5.277125,0.008163538
0,0.007055622,1.0016932e-05
0,0.00643919,9.063227e-06
1,0.08808605,0.00013538213
1,5.227053,0.00808607
0,0.011818521,1.7385792e-05
0,0.002527574,3.0114197e-06
1,0.06988888,0.00010722862
1,2.1617577,0.0033436373
0,0.02843491,4.3093627e-05
0,0.009105514,1.3188397e-05
0,0.0026183089,3.151799e-06
0,0.02440305,3.685579e-05
0,0.012197446,1.7972041e-05
1,0.04892852,7.480007e-05
1,0.08100558,0.00012442768
1,0.06739084,0.0001033638
1,0.10153316,0.00015618667
1,2.3166394,0.0035832608
1,1.2062072,0.0018652692
0,0.0055006337,7.6111514e-06
0,0.002508907,2.9825394e-06
1,0.04270574,6.517257e-05
1,0.031621754,4.8024114e-05
1,5.268011,0.008149438
0,0.048534937,7.4191135e-05
1,4.42108,0.0068391194
1,0.065769814,0.000100855854
1,0.017388988,2.6004069e-05
1,0.08613902,0.00013236982
0,0.009208903,1.3348354e-05
1,0.07363997,0.00011303206
0,0.0013140852,1.1339856e-06
0,0.0046336376,6.2697895e-06
1,0.4476223,0.00069163414
0,0.0016604997,1.6699365e-06
0,0.0043775607,5.873603e-06
0,0.007905177,1.133131e-05
1,0.051974088,7.951198e-05
0,0.010953223,1.6047057e-05
1,0.080563664,0.00012374397
1,0.027977165,4.2385433e-05
1,0.060072806,9.20418e-05
1,3.3810172,0.0052299993
1,0.04206179,6.417629e-05
0,0.01317351,1.9482148e-05
1,0.039261624,5.9844046e-05
1,2.8313313,0.00437956
0,0.0014481045,1.3413319e-06
1,0.04841631,7.40076e-05
1,0.07143432,0.00010961962
1,0.027700676,4.1957668e-05
1,0.015799325,2.3544642e-05
1,0.0863281,0.00013266235
0,0.019710526,2.9595807e-05
0,0.01547538,2.3043456e-05
0,0.008107142,1.1643778e-05
1,0.03004049,4.5577683e-05
0,0.0035947103,4.6624264e-06
1,0.0314097,4.7696038e-05
1,2.0061626,0.0031029105
1,0.09766588,0.00015020346
1,0.07395983,0.000113526934
1,0.09329452,0.00014344037
1,0.16937916,0.00026115376
1,0.017432112,2.6070787e-05
1,0.060954385,9.340573e-05
0,0.0047887396,6.5097533e-06
0,0.0030519606,3.822718e-06
1,0.04305087,6.570653e-05
0,0.00799962,1.14774275e-05
1,5.7472057,0.008890818
0,0.0073203715,1.04265355e-05
1,0.14379361,0.0002215694
0,0.0065210103,9.189815e-06
0,0.005356424,7.388039e-06
1,2.1904004,0.0033879515
0,0.066125095,0.00010140552
0,0.0049699796,6.7901565e-06
0,0.006967554,9.880679e-06
1,1.9975075,0.0030895195
0,0.0059019476,8.232039e-06
0,0.0017418021,1.7957225e-06
0,0.0031374344,3.9549573e-06
0,0.033526108,5.0970415e-05
0,0.007855427,1.1254341e-05
1,0.14968173,0.00023067913
0,0.0063412837,8.911753e-06
0,0.003750397,4.9032947e-06
0,0.008907126,1.28814645e-05
0,0.0028041864,3.4393772e-06
1,0.12585665,0.00019381846
1,0.040063888,6.108526e-05
1,0.078794874,0.00012100741
0,0.002830228,3.4796672e-06
1,0.15697148,0.00024195737
1,0.04206092,6.417494e-05
0,0.0061469055,8.611023e-06
1,2.0767968,0.0032121912
1,0.05163578,7.898857e-05
0,0.0048277513,6.5701097e-06
1,5.6082892,0.008675895
1,1.8859631,0.002916945
1,0.046239763,7.0640184e-05
1,0.057675797,8.8333305e-05
1,0.041604266,6.346843e-05
1,2.6005874,0.004022567
0,0.01136657,1.6686563e-05
0,0.0050337133,6.8887616e-06
1,0.07710723,0.00011839639
0,0.0023655647,2.760769e-06
0,0.0034063836,4.371059e-06
1,0.074300274,0.00011405365
1,0.027929628,4.2311887e-05
0,0.009216537,1.3360165e-05
0,0.0034985747,4.513691e-06
0,0.003810323,4.996009e-06
0,0.0041709123,5.55389e-06
1,0.12222182,0.00018819487
0,0.002301947,2.6623436e-06
1,0.018932987,2.8392848e-05
1,0.050150003,7.668987e-05
1,0.043839693,6.692695e-05
1,0.06532679,0.00010017043
1,0.020395134,3.065499e-05
0,0.0018156735,1.9100116e-06
0,0.016234683,2.42182e-05
1,0.05837947,8.9421985e-05
0,0.012858859,1.8995339e-05
0,0.0020180526,2.22312e-06
1,0.044253204,6.75667e-05
1,0.011851376,1.7436623e-05
1,0.017944813,2.6864007e-05
1,0.013896273,2.060036e-05
0,0.0059125656,8.248467e-06
0,0.029903548,4.5365814e-05
0,0.016706552,2.4948247e-05
0,0.0038379356,5.038729e-06
1,0.15578721,0.00024012514
1,0.0227464,3.4292723e-05
0,0.0071382546,1.0144776e-05
0,0.01672704,2.4979943e-05
0,0.003376096,4.3242e-06
1,4.9389977,0.0076404093
1,0.0703757,0.000107981796
1,0.017189719,2.5695772e-05
1,0.036335155,5.5316395e-05
1,0.10768926,0.000165711
0,0.005879285,8.1969765e-06
1,0.074148946,0.00011381952
1,0.072439745,0.000111175155
1,0.07667412,0.00011772631
1,0.07451325,0.00011438315
1,0.81770855,0.0012642085
0,0.009252605,1.3415967e-05
0,0.015952036,2.3780907e-05
1,4.834316,0.007478452
0,0.035793066,5.447771e-05
0,0.030231612,4.5873374e-05
1,0.038926058,5.932488e-05
1,0.14109161,0.00021738904
1,2.001427,0.0030955838
1,0.07431324,0.00011407371
1,0.03384954,5.147081e-05
1,0.05956998,9.1263864e-05
1,4.8836794,0.007554824
0,0.0022149975,2.527821e-06
1,0.14229485,0.0002192506
0,0.008892974,1.2859568e-05
0,0.008324825,1.1980564e-05
1,0.012698488,1.8747223e-05
0,0.002337034,2.7166282e-06
1,0.04777371,7.301341e-05
1,0.067990676,0.00010429183
0,0.0074097672,1.0564843e-05
1,2.3018367,0.003560359
1,0.2195095,0.00033871227
1,0.021722952,3.2709308e-05
1,0.021748155,3.27483e-05
0,0.0015870392,1.556283e-06
0,0.003931112,5.1828856e-06
0,0.009775009,1.4224198e-05
1,0.021898992,3.2981665e-05
1,0.040803168,6.2229024e-05
0,0.0077320626,1.1063478e-05
1,2.3516598,0.003637442
0,0.0050572143,6.9251205e-06
1,0.077819385,0.000119498196
0,0.0063404716,8.910496e-06
1,0.05755265,8.814278e-05
1,0.025659844,3.880022e-05
1,0.07504065,0.00011519912
0,0.012456396,1.8372672e-05
0,0.0036966994,4.8202173e-06
1,0.06567951,0.00010071615
0,0.005844102,8.142544e-06
0,0.022792678,3.4364322e-05
1,0.07026417,0.00010780924
1,0.2718549,0.00041969784
0,0.03734125,5.687296e-05
1,0.052989297,8.1082646e-05
1,0.08144161,0.00012510228
0,0.003986225,5.268153e-06
1,0.014829783,2.2044627e-05
0,0.04032222,6.1484934e-05
1,0.021948425,3.3058146e-05
0,0.016134782,2.4063642e-05
0,0.008691124,1.2547279e-05
1,0.016994672,2.5394007e-05
0,0.0037198751,4.8560732e-06
1,0.067284785,0.00010319972
1,0.014502858,2.153883e-05
0,0.002847951,3.5070866e-06
0,0.01360698,2.0152786e-05
0,0.003300543,4.207309e-06
0,0.009263022,1.34320835e-05
0,0.03825213,5.828222e-05
0,0.0030588745,3.833414e-06
1,0.08639839,0.0001327711
0,0.027815484,4.2135292e-05
0,0.0021940602,2.495428e-06
0,0.006203278,8.698239e-06
0,0.011713006,1.7222545e-05
0,0.0024115553,2.8319228e-06
1,0.08798385,0.00013522402
1,0.03693158,5.623915e-05
1,0.17504293,0.00026991637
1,0.11007278,0.00016939863
1,3.3413177,0.0051685786
0,0.009938859,1.4477698e-05
0,0.0049071945,6.6930193e-06
0,0.0019184247,2.068982e-06
0,0.00429498,5.745839e-06
1,0.058607955,8.977548e-05
1,0.044352844,6.7720866e-05
0,0.0045219827,6.0970438e-06
0,0.011750446,1.728047e-05
0,0.0076144463,1.088151e-05
0,0.006860607,9.715217e-06
1,0.07052912,0.00010821915
1,0.025030378,3.782635e-05
1,0.086296976,0.0001326142
0,0.0030201282,3.7734685e-06
1,3.2226703,0.004985015
0,0.0065615154,9.2524815e-06
0,0.0020242508,2.2327094e-06
1,0.07721284,0.00011855979
0,0.0085461885,1.2323044e-05
1,0.08530746,0.00013108327
1,4.460311,0.0068998146
0,0.0037804549,4.9497985e-06
1,0.07284663,0.00011180466
1,3.5335438,0.005465979
0,0.0071023763,1.0089268e-05
1,0.48622897,0.000751364
1,0.0419739,6.404031e-05
0,0.0053162426,7.325873e-06
0,0.039126348,5.9634756e-05
1,0.08941963,0.00013744537
0,0.018923579,2.8378292e-05
0,0.005208956,7.159886e-06
1,0.06538915,0.000100266916
1,0.07793903,0.00011968331
1,0.06485362,9.943838e-05
1,0.0635602,9.743728e-05
1,0.078236245,0.00012014314
0,0.009528601,1.38429705e-05
0,0.012911561,1.9076875e-05
1,0.08657718,0.00013304771
1,0.029088898,4.4105436e-05
0,0.0056187846,7.793947e-06
1,0.046861913,7.1602735e-05
1,0.014291177,2.121133e-05
0,0.0017572159,1.8195698e-06
1,0.0749047,0.00011498878
1,0.029481601,4.4713004e-05
0,0.002902726,3.5918315e-06
0,0.0055808346,7.735233e-06
1,5.2999625,0.008198871
0,0.009333555,1.3541207e-05
1,0.09374683,0.00014414015
0,0.014685517,2.182143e-05
1,0.014171203,2.1025715e-05
1,0.10591765,0.00016297007
1,0.1121062,0.0001725446
0,0.015676236,2.3354207e-05
0,0.011479542,1.6861344e-05
1,0.019863179,2.9831983e-05
0,0.002578019,3.089465e-06
0,0.0048036864,6.532878e-06
0,0.00621599,8.717906e-06
1,0.09409454,0.0001446781
1,0.07212668,0.000110690795
0,0.0019670927,2.1442781e-06
0,0.06175887,9.465038e-05
0,0.0047620134,6.4684045e-06
0,0.0032348537,4.1056787e-06
1,0.043049507,6.570442e-05
0,0.011644534,1.711661e-05
1,0.081635654,0.00012540248
1,120.9607,0.18714194
1,0.35444194,0.00054747134
0,0.008980002,1.2994214e-05
0,0.0026918196,3.2655303e-06
1,0.08800382,0.00013525492
1,0.08881235,0.00013650583
1,0.015144405,2.2531392e-05
0,0.042325962,6.4585e-05
0,0.02383257,3.597318e-05
1,1.8233594,0.0028200885
0,0.011164354,1.6373706e-05
0,0.0051435144,7.058639e-06
1,0.19334404,0.00029823073
0,0.007734394,1.1067086e-05
1,0.015468718,2.3033148e-05
0,0.007484169,1.0679953e-05
1,0.10954889,0.0001685881
0,0.0030322003,3.792146e-06
1,0.08434122,0.00012958837
0,0.0032048146,4.0592035e-06
1,0.017783325,2.6614163e-05
1,2.1923344,0.0033909439
0,0.009133103,1.32310815e-05
1,0.051053863,7.808826e-05
1,0.07453212,0.000114412345
1,3.8622406,0.005974518
1,0.0890082,0.00013680883
1,0.76969546,0.0011899256
0,0.001937598,2.0986456e-06
0,0.008573268,1.2364939e-05
0,0.00495233,6.7628503e-06
0,0.0090718195,1.3136268e-05
1,1.3971641,0.0021607059
0,0.0034968613,4.5110405e-06
1,0.07648929,0.00011744036
1,0.3108774,0.00048007103
1,0.22563711,0.00034819252
1,0.01483956,2.2059754e-05
1,0.06946981,0.00010658026
0,0.009820647,1.4294806e-05
0,0.009185313,1.3311858e-05
0,0.005853445,8.156999e-06
1,0.140396,0.00021631282
0,0.011395407,1.6731177e-05
0,0.0037305434,4.8725783e-06
1,0.036012087,5.4816566e-05
0,0.002589916,3.1078716e-06
1,0.06731386,0.0001032447
1,0.05043435,7.712979e-05
0,0.0018199938,1.9166957e-06
1,0.0737263,0.000113165624
0,0.007732879,1.1064742e-05
0,0.0038489476,5.055766e-06
1,0.034307484,5.217931e-05
0,0.0024878315,2.9499324e-06
0,0.011915217,1.7535394e-05
1,3.5610142,0.0055084797
1,5.9480624,0.00920157
0,0.010489434,1.5329511e-05
0,0.002721127,3.3108727e-06
1,0.07875962,0.000120952864
1,2.7859974,0.004309422
0,0.019460807,2.9209457e-05
0,0.0060253358,8.422938e-06
0,0.0016172143,1.602968e-06
1,0.071322955,0.00010944733
0,0.0046273237,6.2600207e-06
0,0.020297626,3.0504132e-05
1,0.043553624,6.648436e-05
0,0.0040460047,5.3606404e-06
1,0.011790011,1.7341683e-05
1,0.085326105,0.00013111213
1,0.061376866,9.405937e-05
0,0.002370648,2.7686337e-06
1,0.016577275,2.4748239e-05
0,0.0026342925,3.1765276e-06
0,0.0022958743,2.6529483e-06
0,0.008271374,1.1897867e-05
0,0.008309924,1.195751e-05
1,0.074978545,0.00011510303
0,0.111512884,0.00017162667
0,0.054603484,8.358001e-05
1,0.07549938,0.00011590883
0,0.008657227,1.24948365e-05
0,0.012558444,1.8530556e-05
0,0.0052401368,7.208127e-06
1,1.8080955,0.002796473
0,0.011379034,1.6705846e-05
1,0.06634853,0.00010175121
1,3.253421,0.0050325906
0,0.0023576517,2.7485264e-06
1,0.1155284,0.00017783922
1,0.120293535,0.00018521154
1,5.076025,0.007852409
1,0.02166886,3.262562e-05
0,0.00396832,5.240451e-06
0,0.0023508682,2.7380315e-06
1,0.2081717,0.00032117113
0,0.009720991,1.4140625e-05
0,0.004153157,5.52642e-06
1,0.017808871,2.6653686e-05
1,0.06080273,9.3171104e-05
1,0.18629122,0.00028731904
1,0.03667791,5.584668e-05
1,0.061756935,9.464738e-05
0,0.0047401986,6.4346536e-06
0,0.0031217616,3.930709e-06
0,0.022714926,3.4244025e-05
0,0.0040782364,5.410507e-06
1,0.048179172,7.364072e-05
0,0.05632166,8.6238266e-05
0,0.0036065169,4.680692e-06
0,0.039199557,5.974802e-05
0,0.00480499,6.5348945e-06
0,0.014278883,2.119231e-05
0,0.024672415,3.7272534e-05
1,0.15080291,0.00023241375
0,0.0025882502,3.105294e-06
0,0.0027825574,3.4059142e-06
1,0.07721773,0.000118567354
1,0.036138076,5.501149e-05
1,0.26176825,0.0004040924
1,0.0719297,0.00011038605
1,0.09577455,0.00014727731
1,0.060757443,9.3101036e-05
1,0.08585425,0.00013192924
0,0.002891233,3.5740502e-06
1,0.08554805,0.00013145551
0,0.0044182474,5.936551e-06
0,0.0045514256,6.142596e-06
0,0.03575362,5.441668e-05
0,0.0052169925,7.1723193e-06
1,0.102909684,0.00015831634
0,0.005461766,7.5510175e-06
1,2.3616347,0.0036528746
0,0.006982331,9.9035415e-06
1,0.06558509,0.00010057006
1,0.012519551,1.8470382e-05
0,0.009150514,1.3258019e-05
1,0.06165692,9.449264e-05
0,0.031589285,4.797388e-05
1,0.06830194,0.0001047734
0,0.0031213537,3.930078e-06
1,0.07888958,0.000121153935
0,0.04478573,6.83906e-05
1,0.019973995,3.000343e-05
0,0.0124725,1.8397588e-05
0,0.007911057,1.1340408e-05
0,0.0045494363,6.139518e-06
1,0.01781212,2.6658712e-05
1,0.019830737,2.9781791e-05
1,0.058962498,9.032401e-05
1,2.5410159,0.003930402
1,1.2039713,0.00186181
0,0.0074935206,1.0694422e-05
1,0.7166396,0.0011078408
0,0.005368907,7.4073523e-06
1,2.1182365,0.003276304
1,0.06114918,9.37071e-05
1,4.909826,0.007595276
0,0.002812802,3.4527068e-06
0,0.001866916,1.9892907e-06
0,0.010400563,1.5192016e-05
0,0.0032585775,4.1423823e-06
0,0.0025433549,3.0358347e-06
0,0.0027561267,3.365022e-06
0,0.004294966,5.745818e-06
1,1.3808198,0.0021354188
1,0.095516495,0.00014687805
1,0.053605143,8.203544e-05
1,0.022961209,3.462506e-05
1,0.2988163,0.00046141082
1,0.13446072,0.00020713013
1,0.13655132,0.00021036457
0,0.01708122,2.5527908e-05
1,0.14481391,0.00022314793
1,1.2424157,0.0019212887
0,0.0038304229,5.027106e-06
0,0.01188011,1.748108e-05
1,5.26681,0.00814758
0,0.0027649838,3.3787253e-06
0,0.008083247,1.1606809e-05
0,0.008292938,1.193123e-05
1,3.8544788,0.0059625097
0,0.008225897,1.1827509e-05
0,0.0060036965,8.389458e-06
0,0.007915925,1.1347939e-05
1,0.08839094,0.00013585384
0,0.010474816,1.5306896e-05
1,0.09063814,0.00013933057
1,0.12613551,0.0001942499
1,2.2404795,0.0034654308
1,2.0463996,0.0031651626
0,0.10964404,0.0001687353
1,0.12850736,0.00019791946
1,0.036581993,5.569829e-05
0,0.017618233,2.6358743e-05
0,0.0036351127,4.724934e-06
1,0.1162091,0.00017889235
0,0.002645056,3.1931806e-06
1,0.15933888,0.00024562006
1,0.048997547,7.490686e-05
1,0.017172966,2.5669853e-05
0,0.0073303482,1.0441971e-05
1,2.3042178,0.0035640427
1,0.08032626,0.00012337668
1,0.057713106,8.8391025e-05
1,0.06868333,0.00010536347
0,0.032560177,4.9475988e-05
1,0.17742704,0.00027360494
1,0.15489,0.00023873703
1,1.3727692,0.0021229635
1,0.06685971,0.00010254207
1,1.0645436,0.0016460961
1,3.4158926,0.0052839564
0,0.0030400308,3.804261e-06
0,0.014622068,2.1723265e-05
0,0.008593543,1.2396309e-05
1,0.0789967,0.00012131967
1,0.072036155,0.00011055075
1,1.6990554,0.0026277732
1,0.045584563,6.9626505e-05
1,0.1256075,0.00019343299
0,0.0063394336,8.90889e-06
1,0.017895723,2.6788057e-05
1,3.2022395,0.004953406
0,0.009918166,1.4445683e-05
0,0.020245573,3.0423598e-05
1,0.041724306,6.365415e-05
1,0.12894884,0.00019860249
1,0.040994402,6.2524894e-05
0,0.0036354798,4.7255025e-06
1,3.6621175,0.0056649004
1,0.02010771,3.0210307e-05
0,0.018581113,2.784845e-05
1,1.2956982,0.002003724
0,0.0025836416,3.0981637e-06
0,0.0012871161,1.0922607e-06
1,0.7511813,0.0011612816
1,0.038445216,5.858095e-05
0,0.0016412823,1.6402046e-06
1,0.07944873,0.00012201902
0,0.009829046,1.4307801e-05
0,0.0051085553,7.004552e-06
1,5.7507415,0.008896288
0,0.0032722247,4.163496e-06
1,0.08538679,0.00013120602
1,0.20842454,0.00032156231
1,0.018156739,2.7191885e-05
1,0.07847941,0.00012051935
0,0.0139935305,2.0750831e-05
1,1.4086014,0.002178401
1,0.014528815,2.157899e-05
1,0.09069661,0.00013942104
0,0.010600749,1.5501731e-05
0,0.0048009,6.528567e-06
1,0.07301182,0.00011206024
0,0.0056060827,7.774295e-06
1,3.166064,0.0048974375
1,0.01545372,2.3009945e-05
1,0.8767806,0.001355601
1,0.038652662,5.89019e-05
1,0.015764413,2.3490631e-05
1,0.053643312,8.209449e-05
0,0.010601216,1.5502454e-05
0,0.051521756,7.8812154e-05
1,0.684603,0.0010582758
1,2.786083,0.0043095546
1,0.06250979,9.581215e-05
0,0.044335585,6.769416e-05
1,0.078340895,0.00012030504
0,0.0074662496,1.0652229e-05
0,0.11034917,0.00016982625
0,0.007688505,1.0996089e-05
1,0.09641629,0.00014827016
0,0.023206964,3.5005276e-05
1,0.081733726,0.00012555422
1,0.059091546,9.052366e-05
1,0.2924559,0.00045157043
1,4.749914,0.0073478706
0,0.0026727712,3.23606e-06
0,0.0065096514,9.17224e-06
1,0.08431505,0.00012954787
1,0.050264053,7.6866316e-05
0,0.0032397725,4.113289e-06
1,0.04231983,6.457551e-05
1,0.07257019,0.00011137697
1,0.76350975,0.0011803554
1,0.16825123,0.0002594087
1,2.310409,0.0035736214
1,0.092623316,0.00014240191
1,3.0109723,0.0046574892
0,0.010835987,1.5865677e-05
0,0.0025450888,3.0385174e-06
0,0.009597409,1.3949426e-05
0,0.0043663625,5.8562778e-06
1,4.8287516,0.007469843
1,0.08423813,0.00012942887
0,0.025591185,3.8693997e-05
0,0.0011644574,9.0249085e-07
1,2.4557452,0.0037984764
1,1.3133506,0.0020310348
1,0.3156753,0.000487494
0,0.034577817,5.2597552e-05
0,0.010135732,1.4782286e-05
0,0.009299743,1.3488896e-05
0,0.0029230095,3.6232125e-06
0,0.0058674077,8.178601e-06
1,0.09092342,0.00013977195
0,0.0036035636,4.6761234e-06
1,5.2060676,0.008053603
0,0.0040726885,5.4019238e-06
1,0.018699054,2.8030921e-05
0,0.0031284655,3.9410816e-06
1,0.09441876,0.0001451797
1,0.062679164,9.6074196e-05
1,0.08759221,0.0001346181
0,0.0071460535,1.0156842e-05
1,0.03752823,5.716225e-05
1,0.06250693,9.580773e-05
0,0.0017035187,1.7364928e-06
0,0.005195445,7.1389823e-06
1,4.241888,0.0065618847
1,0.073527746,0.00011285844
1,0.06560743,0.00010060462
1,0.01597913,2.3822826e-05
1,0.082465164,0.00012668586
1,29.975328,0.046375055
0,0.005269927,7.2542166e-06
1,0.06602168,0.000101245525
1,0.08431597,0.00012954931
1,0.048760865,7.454068e-05
1,0.16165727,0.00024920693
0,0.054184016,8.293104e-05
0,0.007582613,1.0832259e-05
0,0.0021882392,2.486422e-06
1,0.104798235,0.00016123819
1,0.07600613,0.00011669284
1,0.03759981,5.727299e-05
0,0.11034842,0.00016982509
0,0.0060693887,8.4910935e-06
1,0.06880005,0.000105544044
0,0.0018561305,1.9726042e-06
0,0.024696149,3.730925e-05
0,0.0065362277,9.213358e-06
0,0.0017843454,1.8615427e-06
1,0.022489076,3.389461e-05
1,2.4443002,0.0037807694
0,0.012141332,1.7885226e-05
0,0.009168531,1.3285893e-05
0,0.0039055091,5.1432744e-06
0,0.015940009,2.37623e-05
1,0.055950772,8.5664455e-05
1,0.23333171,0.00036009715
1,0.23542115,0.0003633298
1,0.0756681,0.00011616986
0,0.009793077,1.4252151e-05
1,0.09091704,0.00013976208
0,0.0029560968,3.6744034e-06
0,0.0018778889,2.0062676e-06
1,5.079042,0.007857077
0,0.0018291426,1.9308502e-06
0,0.002230466,2.551753e-06
1,0.30685908,0.0004738541
0,0.0041899225,5.583301e-06
1,0.031704433,4.815203e-05
0,0.023140352,3.490222e-05
1,0.019016596,2.8522201e-05
1,0.026325786,3.9830524e-05
0,0.006745433,9.537027e-06
1,1.1528326,0.0017826915
1,5.0061693,0.007744333
0,0.0053713075,7.4110662e-06
1,0.09161432,0.00014084086
1,0.024945425,3.7694914e-05
1,4.9025674,0.007584046
1,2.0226674,0.0031284455
1,0.048054345,7.344759e-05
1,3.7879639,0.005859602
1,0.072680615,0.000111547815
1,0.01887418,2.8301865e-05
0,0.009327021,1.35311e-05
0,0.0073066386,1.040529e-05
1,0.07350029,0.000112815964
0,0.004144642,5.513246e-06
0,0.006420524,9.034348e-06
0,0.0021039378,2.3559962e-06
0,0.0112638,1.6527563e-05
1,0.012407001,1.8296252e-05
1,0.019150386,2.8729193e-05
1,0.09067902,0.00013939381
1,5.271373,0.008154639
1,0.086160354,0.00013240283
1,0.086831674,0.00013344144
1,0.16817702,0.00025929388
0,0.0046218694,6.2515824e-06
0,0.005696216,7.913744e-06
1,0.047286134,7.225906e-05
0,0.0067533976,9.54935e-06
1,0.506601,0.0007828822
0,0.028831776,4.3707634e-05
0,0.013194843,1.9515152e-05
0,0.007543975,1.0772481e-05
1,0.01284095,1.896763e-05
1,0.015249988,2.2694743e-05
0,0.009033852,1.3077527e-05
0,0.006336111,8.903749e-06
1,0.05714521,8.751242e-05
1,0.14380006,0.00022157938
0,0.0014279792,1.3101953e-06
0,0.036603637,5.5731776e-05
0,0.013737346,2.0354479e-05
0,0.008611669,1.2424352e-05
1,0.036692116,5.5868666e-05
0,0.0035076605,4.5277484e-06
1,0.07184546,0.00011025571
0,0.0036139328,4.692166e-06
0,0.0031007398,3.8981857e-06
0,0.0060638986,8.4826e-06
0,0.010120855,1.4759269e-05
1,0.014757298,2.1932485e-05
0,0.032115865,4.8788577e-05
1,0.118126296,0.00018185853
0,0.004066563,5.3924473e-06
1,0.076309055,0.00011716151
0,0.009247042,1.3407361e-05
0,0.009959502,1.4509635e-05
0,0.023523048,3.5494304e-05
1,0.05468031,8.369888e-05
0,0.013265413,1.9624333e-05
1,0.041309513,6.301241e-05
1,0.06541547,0.00010030764
1,0.055597667,8.511815e-05
0,0.0050826124,6.964415e-06
1,0.06722779,0.00010311154
0,0.004361993,5.849518e-06
1,0.08608197,0.00013228155
0,0.03121058,4.7387974e-05
1,0.10404314,0.00016006995
0,0.0026934005,3.2679761e-06
1,0.076240785,0.00011705588
1,0.0531201,8.128501e-05
1,0.07993865,0.000122777
1,0.19770755,0.00030498166
1,0.06594974,0.000101134225
1,0.09872082,0.00015183559
1,0.023204172,3.5000958e-05
0,0.010901708,1.5967356e-05
0,0.0051217144,7.024911e-06
1,3.3778334,0.0052250735
1,0.9794586,0.001514458
1,0.14158694,0.00021815537
1,0.0640679,9.822276e-05
0,0.002864123,3.5321075e-06
1,0.08425375,0.00012945305
0,0.012229414,1.80215e-05
0,0.0020520235,2.2756776e-06
0,0.0072788415,1.0362283e-05
0,0.013663027,2.0239497e-05
0,0.004358058,5.84343e-06
0,0.011998379,1.7664057e-05
1,0.01800129,2.6951384e-05
1,2.267715,0.0035075678
1,0.025483025,3.8526658e-05
0,0.014259091,2.116169e-05
1,0.06612324,0.00010140265
1,0.08720262,0.00013401535
1,4.4508696,0.0068852077
1,0.037594717,5.726511e-05
1,1.5764992,0.002438162
1,5.34741,0.008272279
0,0.004529676,6.1089463e-06
1,0.49743685,0.0007687041
0,0.007821157,1.12013195e-05
0,0.039570864,6.0322483e-05
0,0.0022948508,2.6513649e-06
0,0.0021202934,2.3813006e-06
0,0.007997494,1.1474138e-05
0,0.01841351,2.7589145e-05
0,0.009295468,1.3482283e-05
0,0.004568143,6.16846e-06
1,4.6981964,0.0072678565
0,0.0052523953,7.2270923e-06
1,0.05166288,7.90305e-05
0,0.0016690965,1.683237e-06
0,0.00408774,5.425211e-06
0,0.0033054599,4.214916e-06
1,0.083877206,0.00012887048
1,0.07529113,0.000115586634
1,0.047319606,7.231085e-05
1,5.298704,0.008196925
1,0.07453107,0.00011441072
0,0.0043714116,5.86409e-06
1,0.07544968,0.00011583194
1,4.4510236,0.006885446
1,0.089181416,0.00013707682
0,0.0036473922,4.743932e-06
1,0.024924126,3.766196e-05
1,0.06434908,9.865778e-05
1,5.1019554,0.007892527
0,0.0034984178,4.5134484e-06
1,0.05958044,9.128005e-05
0,0.01487817,2.211949e-05
1,2.3820963,0.0036845314
0,0.009502411,1.3802452e-05
1,0.35488695,0.0005481598
1,0.015166045,2.2564873e-05
1,0.05940874,9.10144e-05
0,0.009567373,1.3902957e-05
1,0.35230717,0.0005441686
1,0.048145663,7.3588875e-05
0,0.0048935213,6.6718653e-06
0,0.0034323605,4.4112485e-06
1,0.09000255,0.00013834723
1,0.0854815,0.00013135254
1,0.041513614,6.332818e-05
1,0.05480558,8.3892686e-05
1,0.08072148,0.00012398814
0,0.036112104,5.4971304e-05
0,0.0021079984,2.3622783e-06
0,0.0020140484,2.216925e-06
1,0.14432944,0.0002223984
0,0.009987824,1.4553452e-05
1,0.08704679,0.00013377426
1,1.5666947,0.002422993
0,0.0023233283,2.6954235e-06
1,0.07929285,0.00012177785
0,0.0022872468,2.6396003e-06
1,0.15778092,0.00024320968
0,0.0018702281,1.9944152e-06
0,0.0040996536,5.4436427e-06
0,0.004603763,6.2235695e-06
0,0.006597786,9.308597e-06
1,0.09004811,0.00013841772
1,0.0907313,0.00013947471
1,0.062262524,9.54296e-05
1,0.5875522,0.0009081249
0,0.007290638,1.0380534e-05
1,0.13534144,0.00020849271
1,0.07642748,0.00011734473
0,0.007009714,9.945906e-06
0,0.0039605107,5.2283694e-06
1,0.07780078,0.00011946941
0,0.0045103263,6.07901e-06
0,0.04659316,7.1186936e-05
0,0.0084247505,1.2135163e-05
1,4.9100904,0.007595686
1,2.6624537,0.004118283
1,0.03570841,5.4346732e-05
0,0.00180445,1.8926473e-06
0,0.010342117,1.5101593e-05
1,0.040360317,6.154388e-05
1,0.0772163,0.000118565134
1,0.05204084,7.961525e-05
0,0.011672645,1.7160102e-05
1,0.8990455,0.001390048
1,0.55444974,0.00085691083
0,0.004425746,5.948152e-06
0,0.0033707146,4.3158743e-06
0,0.042266406,6.449286e-05
1,3.9950442,0.0061799837
0,0.0072487183,1.0315679e-05
1,0.022924092,3.4567634e-05
0,0.28493848,0.00043993993
0,0.0038799923,5.1037964e-06
0,0.0045423782,6.1285987e-06
1,0.09182054,0.00014115991
1,0.14877579,0.0002292775
1,0.022792289,3.436372e-05
1,0.06585742,0.00010099139
0,0.046269935,7.068687e-05
1,0.017930275,2.6841513e-05
1,0.012878323,1.9025452e-05
1,0.10054613,0.00015465959
1,0.02668841,4.0391555e-05
1,5.28057,0.008168869
0,0.003786173,4.958645e-06
1,2.734341,0.0042295023
1,4.556587,0.0070487675
1,0.11516328,0.00017727434
0,0.014459115,2.1471154e-05
1,4.1494403,0.0064188554
1,0.023961373,3.6172452e-05
1,0.1068656,0.00016443669
0,0.0021160273,2.3747002e-06
1,4.990335,0.007719835
1,0.081499375,0.00012519165
0,0.018970167,2.8450371e-05
1,0.15671177,0.00024155556
0,0.0069133267,9.796781e-06
0,0.0022475587,2.5781974e-06
1,0.054717995,8.375718e-05
0,0.008081251,1.1603721e-05
1,0.07166775,0.00010998078
0,0.027433258,4.1543935e-05
1,0.044447012,6.786655e-05
0,0.005041263,6.900442e-06
0,0.018051641,2.7029284e-05
0,0.011768124,1.730782e-05
1,0.08086566,0.0001242112
0,0.0039587105,5.225584e-06
1,1.433032,0.0022161985
1,4.872498,0.007537525
1,2.3137727,0.0035788254
1,13.061226,0.020206613
1,0.02071873,3.1155636e-05
1,0.0767159,0.00011779096
1,0.016813535,2.5113764e-05
1,5.076015,0.007852393
0,0.006184747,8.669569e-06
1,0.1753694,0.00027042147
1,0.06627883,0.000101643374
1,0.6595071,0.001019449
0,0.0020474663,2.268627e-06
1,0.4245829,0.00065598905
1,0.3529155,0.00054510974
0,0.0012728615,1.0702068e-06
0,0.0015063824,1.4314958e-06
0,0.006979648,9.89939e-06
0,0.0034973149,4.511742e-06
1,0.056095008,8.588761e-05
1,0.099802256,0.00015350872
0,0.010838561,1.5869658e-05
1,0.11769013,0.00018118373
0,0.0076242625,1.0896697e-05
1,0.8081255,0.0012493822
1,0.06372716,9.769559e-05
1,1.899914,0.002938529
1,0.07595176,0.00011660873
1,0.089036666,0.00013685288
1,0.069360435,0.00010641104
1,0.07492266,0.00011501656
1,0.07014448,0.000107624066
0,0.0027380174,3.3370045e-06
0,0.009735252,1.4162689e-05
1,0.3981595,0.0006151084
1,0.08628376,0.00013259375
1,0.029356081,4.4518805e-05
0,0.01050227,1.5349371e-05
0,0.006222037,8.727262e-06
0,0.04406139,6.726994e-05
0,0.007819617,1.11989375e-05
0,0.005129732,7.0373158e-06
1,0.07342683,0.000112702306
1,0.07866822,0.00012081146
1,0.017341077,2.5929945e-05
0,0.002780299,3.40242e-06
1,0.228621,0.00035280903
1,4.9764233,0.0076983115
0,0.022876209,3.4493554e-05
1,0.12791483,0.00019700274
0,0.02282226,3.4410088e-05
1,0.054626018,8.3614876e-05
1,0.46532255,0.00071901886
1,0.087779246,0.00013490747
0,0.00499537,6.829439e-06
1,0.18139142,0.00027973836
0,0.0021626072,2.4467656e-06
1,0.08455703,0.00012992225
0,0.0086218845,1.2440156e-05
1,0.012856868,1.8992258e-05
0,0.00488693,6.661667e-06
0,0.00121434,9.796661e-07
1,0.081776045,0.0001256197
0,0.014661963,2.1784988e-05
1,0.058618125,8.979121e-05
0,0.009961307,1.4512427e-05
1,0.85148764,0.0013164693
0,0.02303974,3.4746558e-05
1,0.04436245,6.7735724e-05
1,0.049399585,7.5528864e-05
1,0.1539105,0.00023722161
1,0.062342424,9.5553216e-05
0,0.0014214753,1.3001329e-06
1,4.834291,0.007478413
0,0.032168444,4.8869922e-05
0,0.0015341595,1.4744709e-06
0,0.0050435974,6.9040534e-06
0,0.004824297,6.5647655e-06
1,0.44210672,0.0006831008
0,0.0041820933,5.571188e-06
0,0.1464437,0.00022566944
1,0.059146833,9.0609195e-05
1,0.062056605,9.511101e-05
1,0.013688443,2.027882e-05
1,0.05921192,9.0709895e-05
1,0.24558035,0.00037904747
1,0.04772278,7.2934614e-05
0,0.00708808,1.006715e-05
0,0.0084563065,1.2183984e-05
0,0.016576909,2.4747671e-05
0,0.022292065,3.3589804e-05
1,0.045542147,6.9560876e-05
1,2.285228,0.003534663
0,0.052581783,8.045216e-05
0,0.0094839325,1.37738625e-05
0,0.0043602074,5.8467554e-06
1,0.24629773,0.00038015735
1,0.077435896,0.000118904885
1,0.016652774,2.4865045e-05
1,0.08704203,0.00013376691
0,0.0059423367,8.294527e-06
0,0.010958293,1.6054903e-05
0,0.013417781,1.9860068e-05
1,0.04459622,6.8097404e-05
1,0.1368442,0.0002108177
0,0.0029225103,3.62244e-06
0,0.0020640588,2.294298e-06
0,0.008003895,1.1484041e-05
1,0.03582706,5.45303e-05
0,0.008870379,1.2824611e-05
0,0.035480205,5.399367e-05
0,0.04675983,7.14448e-05
0,0.00685647,9.708817e-06
1,3.533529,0.0054659564
0,0.006811983,9.639989e-06
0,0.011093048,1.6263386e-05
1,0.09066676,0.00013937485
0,0.004666612,6.3208054e-06
0,0.0060215346,8.417057e-06
1,0.086028144,0.00013219827
1,0.07881356,0.000121036326
1,0.07543924,0.00011581578
1,0.069692016,0.00010692404
1,0.06816302,0.00010455848
1,0.025719827,3.8893024e-05
0,0.0046213027,6.2507056e-06
1,0.09088721,0.00013971592
1,5.031986,0.007784275
1,0.029302146,4.443536e-05
1,0.05245818,8.026093e-05
0,0.0039296797,5.1806696e-06
0,0.003133151,3.9483307e-06
1,0.04663625,7.1253606e-05
1,4.2139144,0.0065186056
1,0.4222813,0.00065242813
1,0.013475001,1.9948595e-05
0,0.0054603526,7.548831e-06
0,0.096075475,0.00014774287
1,2.5279443,0.0039101783
0,0.018627161,2.7919694e-05
1,0.10045316,0.00015451576
1,0.08472518,0.00013018241
1,0.030931221,4.6955764e-05
0,0.01198091,1.763703e-05
1,0.092472725,0.00014216892
1,4.065408,0.006288846
1,0.07275731,0.00011166647
0,0.001899443,2.0396146e-06
0,0.0056212354,7.797738e-06
1,2.2996411,0.003556962
1,0.0507636,7.763918e-05
0,0.0020682772,2.3008242e-06
1,0.017090091,2.5541634e-05
1,0.31316045,0.0004836032
1,0.06826275,0.000104712766
0,0.0032308109,4.0994237e-06
1,0.11540233,0.00017764418
1,0.088726886,0.0001363736
0,0.032911655,5.001977e-05
1,0.01573875,2.3450924e-05
1,5.2849255,0.008175607
0,0.003147274,3.970181e-06
1,0.08919663,0.00013710036
1,0.047301535,7.228289e-05
0,0.0023760635,2.777012e-06
0,0.010782128,1.578235e-05
0,0.0057837334,8.049145e-06
0,0.007392151,1.0537588e-05
1,0.5272943,0.0008148976
0,0.0043797195,5.8769433e-06
0,0.044563584,6.804691e-05
1,1.1041737,0.0017074093
1,0.07058338,0.0001083031
1,0.05712893,8.748722e-05
1,0.04066369,6.2013234e-05
0,0.021072153,3.170243e-05
1,3.194653,0.0049416684
0,0.02759982,4.180163e-05
1,2.359153,0.003649035
0,0.004252986,5.680869e-06
0,0.015669862,2.3344346e-05
1,0.03894336,5.935165e-05
0,0.0018635867,1.98414e-06
1,0.111573234,0.00017172004
1,0.07673442,0.00011781961
1,0.7652874,0.0011831056
0,0.0018163932,1.911125e-06
1,4.7957683,0.007418813
1,0.014328152,2.1268535e-05
0,0.0053098137,7.3159267e-06
0,0.035085756,5.3383406e-05
1,0.0451017,6.8879446e-05
0,0.0015613579,1.5165505e-06
0,0.0042163725,5.624223e-06
1,0.057214905,8.762024e-05
1,4.976441,0.007698339
1,0.026983809,4.0848576e-05
1,0.0138100395,2.0466945e-05
1,2.0221393,0.0031276285
0,0.003772873,4.9380683e-06
0,0.0023608,2.7533974e-06
0,0.0047572064,6.460967e-06
1,0.12023974,0.00018512832
0,0.0060640527,8.482838e-06
1,0.1164983,0.0001793398
1,0.021540614,3.2427204e-05
0,0.0054519265,7.535795e-06
1,0.03629486,5.525405e-05
0,0.0045836517,6.1924543e-06
1,3.194421,0.0049413093
0,0.0066500558,9.389465e-06
0,0.03031038,4.599524e-05
0,0.0023140986,2.681144e-06
1,0.054615833,8.3599116e-05
1,0.27185303,0.00041969493
1,0.037823122,5.7618487e-05
0,0.0024926728,2.9574226e-06
1,0.013818144,2.0479483e-05
0,0.0019501578,2.1180774e-06
1,0.039451584,6.013794e-05
0,0.009585686,1.393129e-05
0,0.009354234,1.3573201e-05
0,0.0038332168,5.031429e-06
0,0.001454696,1.3515298e-06
0,0.00699329,9.920496e-06
0,0.001633117,1.6275717e-06
1,1.9245517,0.0029766469
1,1.2490873,0.0019316106
1,0.08353386,0.00012833928
1,0.059313837,9.086758e-05
1,0.09214554,0.00014166273
0,0.0129062645,1.906868e-05
1,0.018135175,2.7158523e-05
1,0.02892924,4.3858425e-05
1,0.08245781,0.00012667448
1,0.01592278,2.3735643e-05
1,0.014609748,2.1704203e-05
0,0.0029386955,3.6474812e-06
0,0.006005331,8.391988e-06
1,0.07828178,0.00012021359
1,1.9930481,0.0030826202
0,0.0028201675,3.464102e-06
1,0.079828285,0.00012260624
1,0.13793656,0.00021250773
0,0.004516833,6.0890766e-06
1,0.057948574,8.8755325e-05
0,0.009713947,1.4129727e-05
0,0.0010280121,6.913913e-07
0,0.019373316,2.9074097e-05
1,0.07682119,0.00011795386
1,0.04901501,7.493388e-05
1,0.07349343,0.00011280535
1,0.07789694,0.000119618184
1,0.11908099,0.00018333558
1,0.05231934,8.004613e-05
0,0.023687331,3.574847e-05
0,0.0023185308,2.6880011e-06
0,0.0010726555,7.6046075e-07
0,0.0034297588,4.4072235e-06
0,0.0021102796,2.3658079e-06
1,0.09087191,0.00013969225
1,0.074668966,0.00011462407
1,0.054834068,8.393676e-05
1,0.08608344,0.00013228382
1,0.0723444,0.00011102764
1,1.4932157,0.0023093107
0,0.0092774965,1.3454478e-05
0,0.0068429094,9.687837e-06
0,0.0022208386,2.5368577e-06
1,0.087950096,0.0001351718
1,0.07700565,0.00011823923
1,0.021543225,3.2431246e-05
1,1.3964163,0.002159549
0,0.00311278,3.9168135e-06
0,0.00409584,5.4377424e-06
0,0.020832544,3.1331725e-05
0,0.010599129,1.5499225e-05
0,0.00805235,1.1559007e-05
0,0.0016784786,1.6977523e-06
1,0.069007084,0.000105864354
0,0.005716191,7.944648e-06
0,0.0019836507,2.1698954e-06
0,0.0009391486,5.5390717e-07
1,0.09922585,0.00015261694
1,0.0143307075,2.127249e-05
1,0.8489808,0.0013125909
0,0.011251301,1.6508224e-05
0,0.0010180393,6.759619e-07
1,0.7227378,0.0011172756
1,0.1480481,0.00022815168
0,0.010936797,1.6021644e-05
1,0.07251441,0.00011129067
1,0.08244337,0.00012665214
1,0.14035906,0.00021625566
1,0.014522441,2.1569127e-05
1,0.052344482,8.0085025e-05
1,0.11555594,0.00017788184
0,0.011641181,1.7111422e-05
1,0.020073093,3.0156749e-05
0,0.003412975,4.3812565e-06
0,0.0063838423,8.977597e-06
0,0.017314937,2.5889502e-05
1,0.078818806,0.00012104444
0,0.002120002,2.3808495e-06
1,0.27272102,0.00042103784
1,3.949025,0.0061087855
0,0.024707008,3.7326052e-05
1,5.2293797,0.00808967
1,0.10231131,0.00015739058
1,0.13110243,0.00020193438
1,1.6309613,0.0025224222
0,0.0034373857,4.4190233e-06
0,0.0012733212,1.0709182e-06
1,0.06568759,0.00010072864
1,3.0608764,0.0047346978
0,0.011853867,1.7440478e-05
1,0.025723163,3.8898183e-05
1,0.5370257,0.00082995347
0,0.08741159,0.00013433865
1,0.07367821,0.00011309123
0,0.0026903022,3.2631824e-06
0,0.008902916,1.287495e-05
1,2.256207,0.0034897635
1,0.09724936,0.00014955904
1,0.051845044,7.9312325e-05
1,0.08797572,0.00013521143
1,0.012284852,1.810727e-05
0,0.01646717,2.457789e-05
1,0.08598191,0.00013212675
1,0.012987979,1.9195104e-05
1,0.038996313,5.9433572e-05
1,0.019843373,2.980134e-05
1,0.020965261,3.1537056e-05
0,0.010620039,1.5531576e-05
1,0.66777116,0.0010322346
0,0.0021449076,2.419382e-06
1,0.052768845,8.074157e-05
1,0.048889544,7.4739764e-05
1,0.073476814,0.00011277964
1,4.565344,0.007062315
0,0.0026484358,3.1984096e-06
0,0.02623863,3.9695682e-05
0,0.014724779,2.1882173e-05
0,0.016688954,2.492102e-05
1,0.09888156,0.00015208428
1,0.032398522,4.9225884e-05
1,0.0324668,4.9331516e-05
0,0.0021132124,2.370345e-06
1,4.769838,0.0073786955
0,0.009782745,1.4236166e-05
0,0.007301326,1.039707e-05
0,0.001298556,1.1099598e-06
0,0.016416974,2.450023e-05
0,0.0028649902,3.533449e-06
1,5.104058,0.00789578
1,0.06415829,9.836261e-05
1,0.08872443,0.0001363698
0,0.003083848,3.872052e-06
0,0.0041335705,5.4961165e-06
0,0.0049546883,6.7664987e-06
0,0.008376246,1.206012e-05
0,0.0053598005,7.3932633e-06
1,5.8964844,0.009121773
0,0.015196319,2.261171e-05
1,0.078320816,0.00012027398
1,0.3702721,0.0005719628
0,0.012187981,1.7957398e-05
0,0.010210734,1.48983245e-05
1,0.016020175,2.3886329e-05
1,0.0888297,0.00013653268
1,2.300363,0.003558079
1,0.16522598,0.00025472822
1,1.2127104,0.0018753306
0,0.012488258,1.8421968e-05
0,0.0046290155,6.262638e-06
0,0.015581955,2.3208342e-05
1,0.16466986,0.00025386782
1,0.49765417,0.0007690403
1,0.06384607,9.787955e-05
0,0.0041575935,5.5332835e-06
0,0.011212515,1.6448217e-05
0,0.008523846,1.2288478e-05
0,0.0025825456,3.0964684e-06
0,0.007928305,1.1367093e-05
0,0.0033951444,4.35367e-06
0,0.004835198,6.581631e-06
1,2.363434,0.0036556586
0,0.027079133,4.0996056e-05
1,0.057506695,8.8071676e-05
1,0.05102189,7.803879e-05
1,0.05433526,8.316503e-05
1,0.055454616,8.489683e-05
0,0.007723023,1.1049494e-05
1,1.2854394,0.0019878524
1,3.0059683,0.004649747
0,0.0070471913,1.0003889e-05
0,0.011246316,1.6500513e-05
1,0.033706043,5.12488e-05
1,5.496868,0.008503512
0,0.02019615,3.0347133e-05
1,0.07849921,0.00012054999
1,0.06980539,0.00010709945
0,0.0116713885,1.7158158e-05
1,0.071788475,0.00011016755
0,0.0022462218,2.576129e-06
1,0.06776403,0.00010394118
1,5.764681,0.008917854
1,0.023361988,3.524512e-05
0,0.0036413807,4.734632e-06
0,0.0024113401,2.8315899e-06
1,5.1199594,0.007920382
0,0.006951638,9.856055e-06
1,0.026619416,4.028481e-05
1,0.19779503,0.00030511702
0,0.006518969,9.186656e-06
1,0.07382132,0.00011331264
1,2.328519,0.0036016402
1,2.2829752,0.0035311775
0,0.016653758,2.4866566e-05
0,0.010096112,1.4720989e-05
1,0.087724395,0.0001348226
0,0.006445083,9.072344e-06
1,0.036530633,5.5618828e-05
0,0.010730827,1.570298e-05
0,0.006243204,8.76001e-06
0,0.00222118,2.5373859e-06
1,0.092094764,0.00014158417
0,0.006291001,8.833958e-06
0,0.043462962,6.6344095e-05
1,0.088834964,0.00013654081
1,0.015604314,2.3242936e-05
1,0.037031963,5.6394456e-05
0,0.00317164,4.007878e-06
1,0.075018354,0.000115164614
0,0.008668431,1.25121705e-05
0,0.0015768324,1.5404917e-06
0,0.010576824,1.5464715e-05
0,0.004027782,5.3324475e-06
1,0.09349878,0.00014375638
0,0.0069936477,9.921049e-06
0,0.0018633077,1.9837082e-06
0,0.01282583,1.8944238e-05
0,0.0016766125,1.6948652e-06
1,0.07113905,0.00010916281
0,0.007014273,9.95296e-06
0,0.0018592118,1.9773715e-06
1,0.059406713,9.1011265e-05
1,0.013474973,1.9948551e-05
1,1.5378491,0.0023783648
1,0.051530313,7.88254e-05
1,3.447044,0.005332152
1,5.925801,0.009167129
0,0.002864868,3.5332594e-06
0,0.0014469303,1.3395153e-06
1,2.0571992,0.003181871
1,0.01577448,2.3506203e-05
0,0.006500634,9.158289e-06
1,0.062135473,9.523304e-05
0,0.006792531,9.609894e-06
1,0.0659143,0.0001010794
1,0.473018,0.0007309248
1,0.07697586,0.000118193144
1,0.038392927,5.8500053e-05
0,0.01133667,1.6640302e-05
0,0.0023905388,2.7994074e-06
1,0.054786935,8.386384e-05
0,0.0066428795,9.378363e-06
1,0.05388324,8.2465696e-05
1,0.0875274,0.00013451783
0,0.0055796993,7.733477e-06
1,0.01516984,2.2570744e-05
1,0.058903765,9.023314e-05
0,0.0034221748,4.39549e-06
1,0.07380178,0.0001132824
1,0.049095564,7.50585e-05
1,0.030047055,4.558784e-05
1,0.07024976,0.000107786946
0,0.015799312,2.3544622e-05
0,0.007192744,1.0229079e-05
1,0.11041254,0.00016992429
1,4.9076357,0.007591888
0,0.0020543956,2.2793477e-06
0,0.0015064663,1.4316256e-06
1,0.04634629,7.080499e-05
0,0.009589718,1.3937527e-05
1,0.07324836,0.00011242619
0,0.016657475,2.4872319e-05
1,0.039092638,5.9582602e-05
1,1.1629385,0.0017983266
0,0.061659385,9.449646e-05
0,0.004878685,6.648911e-06
0,0.008236349,1.1843678e-05
0,0.005375609,7.4177206e-06
0,0.0036099048,4.685934e-06
1,0.06333912,9.709524e-05
0,0.005127011,7.0331057e-06
0,0.008864338,1.2815264e-05
1,2.7501101,0.0042538997
0,0.0072742337,1.0355155e-05
0,0.0018969537,2.0357634e-06
1,0.056686997,8.680349e-05
0,0.0035683808,4.621691e-06
0,0.0097056925,1.4116956e-05
1,0.07414492,0.0001138133
1,0.16458225,0.0002537323
0,0.003720367,4.8568345e-06
0,0.009119416,1.3209905e-05
1,0.06433218,9.863164e-05
1,0.07039042,0.00010800456
1,2.044872,0.0031627992
1,0.14114992,0.00021747925
1,0.04603689,7.0326314e-05
1,2.0008476,0.0030946874
0,0.002336755,2.7161964e-06
1,0.111921854,0.0001722594
1,0.07456093,0.000114456925
1,0.042963568,6.557146e-05
0,0.037304156,5.6815574e-05
1,0.018242326,2.73243e-05
1,0.04869326,7.443608e-05
1,0.06761358,0.000103708415
1,0.06828151,0.00010474179
0,0.0075170365,1.0730804e-05
1,0.5228455,0.00080801477
0,0.0021269126,2.3915413e-06
1,0.07845018,0.00012047413
0,0.026795449,4.0557155e-05
0,0.0037675395,4.929817e-06
1,0.6376196,0.0009855861
0,0.0035402165,4.5781167e-06
0,0.0058802823,8.19852e-06
1,0.021073356,3.1704294e-05
1,5.150663,0.007967885
0,0.0074152863,1.05733825e-05
1,0.02300102,3.4686655e-05
1,0.013082375,1.9341147e-05
0,0.0035402603,4.5781844e-06
0,0.0053869244,7.4352274e-06
0,0.002393984,2.8047375e-06
0,0.008717763,1.25884935e-05
0,0.036239766,5.5168817e-05
0,0.004625468,6.25715e-06
0,0.005268934,7.2526805e-06
0,0.0054351543,7.509846e-06
0,0.009860634,1.4356672e-05
0,0.0044766846,6.0269613e-06
0,0.007285218,1.0372149e-05
0,0.003995945,5.2831915e-06
0,0.03849005,5.8650316e-05
1,0.060002495,9.193303e-05
1,0.013456664,1.9920224e-05
1,0.452933,0.00069985056
0,0.0020333608,2.246804e-06
1,2.452771,0.003793875
0,0.02876352,4.3602035e-05
1,0.07171746,0.000110057685
1,3.0606954,0.0047344174
1,0.058326658,8.9340276e-05
0,0.0021775854,2.469939e-06
0,0.0010499352,7.2530935e-07
0,0.0011218671,8.365978e-07
1,0.1566534,0.00024146526
0,0.008896254,1.2864643e-05
0,0.009157673,1.3269096e-05
1,0.08092884,0.00012430895
0,0.009399866,1.36438e-05
1,0.074928045,0.00011502489
0,0.0070887334,1.006816e-05
0,0.018890891,2.832772e-05
1,0.51271373,0.0007923395
1,0.07866004,0.00012079881
1,0.060223453,9.227487e-05
1,0.5321497,0.0008224096
1,0.11479094,0.00017669828
0,0.0029768508,3.7065129e-06
0,0.007206005,1.0249595e-05
0,0.011324427,1.6621361e-05
1,0.08089166,0.00012425143
1,0.06336802,9.713995e-05
1,0.09276003,0.00014261343
1,0.14859784,0.0002290022
1,0.07005001,0.00010747791
0,0.007747059,1.108668e-05
1,0.04301896,6.565716e-05
0,0.0055787107,7.731947e-06
1,0.02138409,3.2185042e-05
1,4.456791,0.0068943687
1,0.055921596,8.5619315e-05
0,0.011127202,1.6316226e-05
0,0.008248696,1.1862781e-05
0,0.012685389,1.8726956e-05
1,0.0893239,0.00013729726
1,3.315771,0.0051290547
1,0.07338202,0.00011263298
1,0.13695626,0.00021099107
0,0.0015126202,1.4411467e-06
1,0.7217074,0.0011156815
1,0.1093973,0.00016835357
0,0.03707239,5.6457e-05
1,0.17926581,0.00027644978
1,0.71716285,0.0011086504
1,0.074122146,0.00011377806
0,0.012277925,1.8096554e-05
1,0.01579867,2.354363e-05
1,0.07300047,0.00011204267
1,4.0653777,0.006288799
0,0.0018251743,1.9247107e-06
1,0.0735571,0.00011290386
0,0.0048940172,6.6726325e-06
0,0.009878063,1.4383637e-05
0,0.011758717,1.7293267e-05
0,0.0052554714,7.2318517e-06
0,0.0037378191,4.8838356e-06
1,0.01908515,2.8628265e-05
0,0.0076433015,1.0926153e-05
0,0.004177556,5.564168e-06
0,0.0026023558,3.1271175e-06
0,0.0036438652,4.7384756e-06
0,0.018897098,2.8337321e-05
1,0.017257784,2.5801077e-05
1,0.1493498,0.00023016558
0,0.052174572,7.982215e-05
0,0.0022970529,2.6547718e-06
0,0.0025810904,3.0942172e-06
0,0.01055566,1.5431973e-05
0,0.005883485,8.203475e-06
1,0.062331162,9.553579e-05
1,0.023918856,3.610667e-05
1,0.087373175,0.00013427922
1,0.06667957,0.000102263366
1,0.2862752,0.00044200802
1,0.06978542,0.000107068554
0,0.00809842,1.1630284e-05
1,0.53362364,0.00082469
0,0.0068744984,9.736709e-06
1,0.073509,0.00011282944
1,0.040872853,6.233684e-05
1,2.1620378,0.0033440709
0,0.02752512,4.1686057e-05
0,0.0099822255,1.454479e-05
0,0.0060016913,8.386356e-06
1,0.13505435,0.00020804856
1,5.1192756,0.007919324
0,0.0036069711,4.6813957e-06
1,0.18364233,0.00028322084
0,0.0075105103,1.0720707e-05
0,0.014586071,2.1667573e-05
1,0.03736669,5.691232e-05
0,0.005663078,7.862474e-06
0,0.003084032,3.872337e-06
1,0.07382352,0.00011331604
1,0.08711384,0.000133878
0,0.010369985,1.5144708e-05
0,0.0057710023,8.0294485e-06
0,0.016331863,2.436855e-05
0,0.018197607,2.7255113e-05
0,0.057960823,8.877428e-05
0,0.009767748,1.4212965e-05
0,0.0050437152,6.9042358e-06
0,0.0059527545,8.310644e-06
0,0.016894838,2.5239551e-05
1,0.08040545,0.0001234992
1,0.11413223,0.00017567916
0,0.019595617,2.9418028e-05
0,0.046400145,7.0888316e-05
0,0.030512234,4.6307534e-05
1,0.8743199,0.001351794
0,0.0046116095,6.235709e-06
0,0.019081421,2.8622495e-05
1,0.026855415,4.064993e-05
0,0.027054854,4.0958494e-05
1,0.105966814,0.00016304613
0,0.0020611912,2.2898614e-06
1,0.013301035,1.9679446e-05
0,0.007127905,1.0128763e-05
1,1.2261466,0.0018961182
1,0.086110815,0.00013232618
0,0.0055690226,7.716959e-06
0,0.011547232,1.696607e-05
1,0.6671162,0.0010312214
0,0.0076548425,1.0944009e-05
1,0.10678084,0.00016430556
0,0.002722061,3.3123179e-06
1,0.1540865,0.0002374939
1,0.07001727,0.00010742725
0,0.0077358237,1.1069298e-05
1,0.01754467,2.624493e-05
1,0.045569304,6.9602895e-05
0,0.018406069,2.7577633e-05
1,0.0984864,0.00015147291
0,0.003364214,4.3058167e-06
1,0.056132294,8.594529e-05
1,0.03974684,6.0594743e-05
1,0.083908185,0.00012891841
0,0.004954605,6.76637e-06
0,0.0053796982,7.4240475e-06
0,0.0033126364,4.2260194e-06
1,2.0870528,0.0032280586
0,0.0035162994,4.541114e-06
0,0.0011441095,8.710099e-07
0,0.001873074,1.998818e-06
0,0.059424326,9.103852e-05
1,2.2003827,0.0034033956
1,0.34586486,0.0005342014
1,0.016016534,2.3880695e-05
1,4.1480846,0.0064167576
1,0.017579246,2.6298425e-05
0,0.0028654826,3.5342105e-06
0,0.002485507,2.946336e-06
1,5.3832226,0.008327686
0,0.002245646,2.575238e-06
1,5.2705326,0.008153339
0,0.007363553,1.0493344e-05
1,0.052023277,7.958808e-05
1,0.05951276,9.117534e-05
1,0.024124036,3.6424113e-05
0,0.00318565,4.029554e-06
1,0.015032052,2.2357566e-05
0,0.0051739346,7.105703e-06
1,3.3752449,0.005221069
1,5.2362766,0.00810034
0,0.0052338233,7.198359e-06
1,0.1420064,0.00021880433
1,0.073213995,0.000112373025
1,0.048750754,7.4525036e-05
0,0.003984264,5.2651194e-06
1,0.03980408,6.06833e-05
1,0.062691,9.609252e-05
1,1.981948,0.0030654469
1,0.15286542,0.00023560473
0,0.0049358523,6.737357e-06
0,0.009103119,1.3184693e-05
1,2.202531,0.0034067195
1,3.9867656,0.0061671757
0,0.0069975727,9.927122e-06
1,0.074458644,0.000114298666
1,0.058347072,8.937186e-05
0,0.0030267604,3.7837299e-06
0,0.0055798925,7.733775e-06
1,4.894753,0.007571956
1,0.06886646,0.000105646795
0,0.006446059,9.073854e-06
0,0.0028127008,3.45255e-06
1,0.07551939,0.00011593979
1,3.2022364,0.004953401
1,1.5554427,0.0024055846
0,0.04800372,7.3369265e-05
0,0.0317026,4.8149195e-05
1,0.05816019,8.908272e-05
1,0.018786697,2.8166516e-05
0,0.00886463,1.2815717e-05
1,2.45973,0.0038046413
0,0.039605014,6.0375318e-05
1,0.0931433,0.0001432064
1,0.10012229,0.00015400385
1,0.055928733,8.563035e-05
1,0.052139007,7.9767124e-05
0,0.0017314,1.7796291e-06
1,0.086070575,0.00013226391
0,0.008916442,1.2895877e-05
0,0.0020130335,2.2153547e-06
1,0.05063813,7.744507e-05
0,0.009095394,1.317274e-05
1,0.14271955,0.00021990767
1,0.05730365,8.775754e-05
0,0.004286977,5.733458e-06
1,0.15075478,0.00023233928
1,0.043290038,6.607656e-05
1,0.06553935,0.000100499296
0,0.009211835,1.3352891e-05
0,0.0023142712,2.6814107e-06
1,4.0832357,0.0063164276
0,0.005464235,7.5548373e-06
0,0.0017030473,1.7357635e-06
0,0.0026721996,3.2351752e-06
1,1.823701,0.002820617
0,0.0033153894,4.2302786e-06
1,0.09392339,0.00014441331
0,0.0076705934,1.0968378e-05
0,0.0016692384,1.6834565e-06
1,0.47926044,0.0007405827
1,0.057499103,8.805993e-05
1,0.07471515,0.000114695526
1,0.059663337,9.14083e-05
1,0.073391326,0.00011264738
1,3.2491064,0.0050259153
0,0.0010596627,7.40359e-07
1,0.018065037,2.705001e-05
1,0.015557968,2.3171231e-05
1,4.1983047,0.006494455
0,0.0027663289,3.380806e-06
0,0.0050101955,6.8523764e-06
1,0.031733707,4.8197322e-05
0,0.0039358456,5.1902093e-06
0,0.0062847547,8.824294e-06
0,0.002205297,2.5128127e-06
0,0.0029162392,3.6127378e-06
1,2.9522305,0.0045666075
1,1.1814791,0.0018270115
1,0.49422944,0.0007637418
1,0.049154796,7.515014e-05
0,0.003110716,3.9136203e-06
0,0.11034796,0.00016982437
0,0.0039049536,5.142415e-06
0,0.01316449,1.9468192e-05
1,0.068015255,0.00010432986
0,0.002818435,3.4614213e-06
1,5.120504,0.007921224
0,0.0029702869,3.6963575e-06
1,0.09928048,0.00015270145
0,0.0036603364,4.7639587e-06
1,0.08796838,0.00013520008
0,0.005545653,7.680803e-06
1,0.014033726,2.0813019e-05
1,1.212371,0.0018748054
0,0.022695111,3.421337e-05
1,3.112012,0.0048138113
1,0.1012894,0.00015580954
1,5.7574306,0.008906637
1,0.019552227,2.9350897e-05
1,3.2899878,0.0050891642
0,0.0030294883,3.7879502e-06
0,0.00293213,3.637323e-06
1,0.0188051,2.8194989e-05
0,0.002464184,2.9133466e-06
1,0.023161305,3.4934637e-05
0,0.01007882,1.4694237e-05
0,0.014489182,2.1517671e-05
0,0.0024904998,2.9540606e-06
0,0.018055309,2.703496e-05
0,0.008833414,1.2767421e-05
1,0.02339244,3.5292236e-05
1,0.04123429,6.2896026e-05
1,0.020761471,3.1221763e-05
1,0.12193247,0.0001877472
0,0.0021824215,2.4774213e-06
0,0.06266257,9.604853e-05
1,0.07188699,0.00011031996
0,0.008465428,1.2198097e-05
1,0.082244135,0.00012634389
1,0.16846839,0.00025974467
1,0.0637575,9.774253e-05
0,0.0013710235,1.222077e-06
0,0.0044231224,5.944093e-06
0,0.008303352,1.1947342e-05
1,0.012263563,1.8074334e-05
0,0.0046288515,6.2623844e-06
1,0.04157144,6.341765e-05
1,0.038930453,5.933168e-05
1,3.3613245,0.005199532
1,0.079072386,0.00012143676
0,0.0016307388,1.6238923e-06
1,0.07630763,0.00011715931
1,0.012557489,1.8529077e-05
1,2.0045114,0.0031003556
0,0.005067701,6.941345e-06
1,0.032459263,4.9319857e-05
0,0.12635142,0.00019458392
1,0.80659115,0.0012470082
0,0.0015125844,1.4410912e-06
1,2.199239,0.0034016261
0,0.022096243,3.328684e-05
0,0.017638333,2.638984e-05
1,0.060689833,9.299643e-05
1,0.049166802,7.516872e-05
0,0.0040794564,5.412395e-06
0,0.0019493843,2.1168808e-06
1,5.299792,0.008198607
1,0.058941443,9.029143e-05
1,1.2094827,0.0018703368
0,0.002111556,2.3677826e-06
0,0.00764875,1.0934583e-05
1,1.308798,0.0020239912
0,0.0055381414,7.669181e-06
0,0.005950728,8.307509e-06
0,0.0022135607,2.525598e-06
1,0.016955605,2.5333566e-05
0,0.022085845,3.3270753e-05
0,0.005881734,8.200766e-06
0,0.021917578,3.301042e-05
1,0.09689666,0.00014901337
1,0.048876103,7.471897e-05
1,0.07913227,0.0001215294
1,0.07671499,0.00011778955
1,0.073753506,0.00011320772
1,3.454906,0.0053443154
0,0.019957846,2.9978446e-05
0,0.014259034,2.11616e-05
0,0.04633815,7.0792405e-05
1,2.1914504,0.003389576
0,0.024194552,3.6533213e-05
1,0.1817405,0.00028027844
0,0.0042907298,5.7392635e-06
0,0.0012741439,1.072191e-06
1,0.07432982,0.00011409936
1,0.17021792,0.00026245142
0,0.023867173,3.602671e-05
0,0.014431642,2.142865e-05
1,0.40446433,0.00062486285
1,0.033889603,5.1532792e-05
1,0.13806859,0.000212712
0,0.0012120338,9.76098e-07
1,0.1108397,0.00017058516
1,0.021769002,3.2780554e-05
0,0.0063677505,8.9527e-06
0,0.012300587,1.8131615e-05
0,0.005553772,7.693364e-06
1,0.16806875,0.00025912636
0,0.0026400597,3.1854502e-06
1,0.07652155,0.00011749027
1,0.05532485,8.469606e-05
0,0.014692012,2.1831478e-05
1,5.1579766,0.007979199
1,0.013654754,2.0226697e-05
1,0.25828302,0.00039870027
1,4.202488,0.0065009273
1,0.015547471,2.3154991e-05
0,0.010156229,1.4813998e-05
0,0.003039758,3.8038388e-06
1,1.1205248,0.0017327067
1,0.37747693,0.0005831096
1,0.126863,0.00019537541
1,0.03377511,5.1355655e-05
0,0.01948587,2.9248235e-05
0,0.0056604696,7.85844e-06
1,0.020409478,3.0677184e-05
0,0.0063849664,8.979336e-06
0,0.010750706,1.5733736e-05
0,0.007090219,1.0070458e-05
1,0.522924,0.0008081362
1,3.4201703,0.005290575
1,0.079592235,0.00012224104
1,0.079090044,0.00012146408
0,0.010670285,1.5609314e-05
0,0.0013620091,1.2081305e-06
0,0.06152515,9.4288785e-05
1,0.015608901,2.3250032e-05
1,0.10196811,0.00015685959
1,0.07586388,0.000116472766
1,4.148545,0.0064174696
1,0.07772549,0.00011935293
0,0.0023518365,2.7395297e-06
1,0.08187099,0.00012576659
1,0.06868955,0.00010537308
0,0.057737686,8.842906e-05
1,0.8155975,0.0012609423
1,0.22647429,0.00034948776
1,3.1917992,0.004937253
1,2.9794285,0.0046086865
1,0.061301146,9.394222e-05
1,0.0147745535,2.195918e-05
0,0.007507119,1.071546e-05
0,0.0030684583,3.8482417e-06
0,0.09257735,0.0001423308
0,0.0030473338,3.8155595e-06
1,0.14304423,0.00022041
1,0.21660301,0.00033421555
0,0.00391993,5.1655857e-06
1,0.026325887,3.983068e-05
1,5.8807464,0.009097423
1,0.036796812,5.6030643e-05
1,0.042055894,6.4167165e-05
1,0.11359011,0.00017484042
1,0.075085424,0.00011526838
1,3.4483197,0.005334126
0,0.0155364545,2.3137947e-05
1,0.024947403,3.7697977e-05
1,0.084504426,0.00012984088
1,1.0290713,0.0015912157
0,0.011339734,1.6645043e-05
1,0.026448755,4.0020772e-05
1,0.878408,0.0013581188
0,0.0047481707,6.4469878e-06
1,0.2262834,0.00034919244
1,5.3032827,0.008204008
1,0.07189169,0.00011032724
1,0.019936137,2.9944858e-05
0,0.014510615,2.1550832e-05
1,0.03281825,4.9875263e-05
0,0.0039169877,5.161033e-06
1,0.042652927,6.5090855e-05
1,0.08425885,0.00012946092
0,0.007594592,1.0850793e-05
1,3.166284,0.004897778
1,0.015683979,2.3366187e-05
0,0.0073106824,1.0411546e-05
0,0.009469616,1.3751714e-05
0,0.01763648,2.6386973e-05
1,0.09599128,0.00014761262
1,0.42107835,0.000650567
0,0.0045930822,6.2070444e-06
1,0.023234759,3.504828e-05
1,3.111307,0.0048127207
1,0.015241208,2.2681159e-05
1,0.88602626,0.0013699053
1,0.02758619,4.1780542e-05
1,0.08593788,0.00013205863
1,0.14487608,0.00022324412
1,0.07534601,0.000115671544
1,4.530455,0.0070083374
0,0.005089665,6.975326e-06
1,2.0439107,0.0031613118
1,0.017865434,2.6741196e-05
1,0.02557079,3.866244e-05
0,0.0058962195,8.223177e-06
1,0.053835105,8.239123e-05
1,0.07120012,0.00010925728
1,0.45629346,0.00070504966
1,2.0638025,0.0031920872
0,0.0038306369,5.0274366e-06
1,0.0959499,0.0001475486
0,0.0043281154,5.797104e-06
1,0.16239975,0.00025035566
1,0.07351523,0.00011283907
1,0.083280206,0.00012794684
1,0.11185966,0.00017216317
0,0.053345803,8.163421e-05
1,0.06756765,0.00010363735
0,0.0032244716,4.0896157e-06
1,0.04363416,6.660896e-05
1,0.059815302,9.1643415e-05
1,0.0710953,0.00010909512
0,0.08590776,0.00013201202
0,0.008753442,1.2643694e-05
1,0.07172474,0.00011006895
0,0.002620725,3.1555367e-06
1,0.018161729,2.7199605e-05
1,2.3154423,0.0035814086
1,0.015663724,2.3334851e-05
1,0.02220037,3.3447937e-05
0,0.06618328,0.000101495534
1,0.08839635,0.00013586221
1,0.5875538,0.0009081274
1,2.0684695,0.0031993077
0,0.0038059724,4.989278e-06
1,2.6290271,0.0040665674
1,2.4215584,0.0037455847
1,0.018597616,2.7873983e-05
0,0.010942698,1.6030774e-05
0,0.022018863,3.316712e-05
0,0.005427927,7.4986638e-06
0,0.0026404916,3.1861189e-06
0,0.024673106,3.72736e-05
1,0.08099191,0.00012440652
1,0.024836488,3.7526373e-05
1,0.03997049,6.094076e-05
0,0.0031346264,3.950613e-06
0,0.0019282211,2.0841383e-06
1,5.0479255,0.0078089354
0,0.005831651,8.12328e-06
1,0.4472796,0.000691104
0,0.0060511725,8.462911e-06
1,0.05443377,8.331744e-05
1,0.021812206,3.2847394e-05
0,0.0061165183,8.5640095e-06
0,0.009085808,1.315791e-05
0,0.02202466,3.317609e-05
0,0.0013699286,1.2203831e-06
1,0.10107425,0.00015547666
1,1.2272701,0.0018978565
0,0.00640435,9.0093245e-06
0,0.002990215,3.7271889e-06
1,0.07497403,0.000115096045
1,0.16197988,0.00024970606
1,0.053952508,8.2572864e-05
0,0.007844016,1.1236686e-05
0,0.01954428,2.93386e-05
0,0.0068080192,9.633856e-06
1,1.2198808,0.0018864241
0,0.010233774,1.493397e-05
1,0.016608845,2.4797082e-05
0,0.002095615,2.3431196e-06
1,0.015132205,2.2512517e-05
1,0.13758346,0.00021196144
0,0.09007875,0.00013846511
1,0.049225844,7.526007e-05
0,0.0037622561,4.921643e-06
0,0.002015721,2.2195127e-06
0,0.004151048,5.523157e-06
1,0.10264935,0.00015791357
0,0.003847567,5.05363e-06
1,3.2904205,0.005089834
0,0.007900844,1.1324607e-05
0,0.0036036726,4.676292e-06
0,0.009123567,1.3216328e-05
1,0.09508141,0.00014620493
0,0.019076148,2.8614337e-05
0,0.003286907,4.1862118e-06
0,0.001991221,2.1816077e-06
1,0.046147294,7.0497124e-05
0,0.009470162,1.3752558e-05
1,2.3235888,0.0035940125
1,3.3757265,0.005221814
0,0.007491489,1.06912785e-05
0,0.004477652,6.028458e-06
0,0.13535587,0.00020851505
1,0.09913122,0.00015247053
1,0.066123955,0.000101403755
1,0.6182508,0.00095561985
1,1.1654875,0.0018022703
0,0.0035432368,4.582789e-06
1,0.053608563,8.204073e-05
0,0.0016376916,1.6346493e-06
1,0.0649372,9.956768e-05
0,0.007118889,1.0114815e-05
1,0.06919497,0.00010615504
1,0.013569705,2.0095114e-05
0,0.0011231191,8.385349e-07
1,0.054615803,8.359907e-05
1,0.0131919375,1.9510657e-05
1,0.016518695,2.4657607e-05
1,0.07332033,0.00011253754
0,0.0015677441,1.5264308e-06
1,0.013903808,2.0612018e-05
0,0.005700469,7.920324e-06
1,5.2292943,0.008089538
1,0.015550732,2.3160035e-05
1,0.0776252,0.000119197764
0,0.0020243132,2.232806e-06
0,0.012369884,1.8238827e-05
0,0.013380602,1.9802546e-05
1,4.149053,0.006418256
0,0.02100778,3.1602838e-05
1,0.1048082,0.0001612536
1,1.3093069,0.0020247786
1,0.017194629,2.5703368e-05
1,0.022049187,3.3214037e-05
0,0.005632157,7.814636e-06
1,1.6678795,0.0025795398
1,0.01522137,2.2650467e-05
1,1.2459038,0.0019266855
0,0.013954231,2.0690028e-05
0,0.0017556745,1.817185e-06
0,0.004116486,5.4696843e-06
1,2.0412438,0.0031571859
1,0.07818404,0.00012006237
0,0.010921542,1.5998043e-05
1,0.09063329,0.00013932306
1,0.060351003,9.247221e-05
1,0.047856916,7.3142146e-05
0,0.0031405804,3.9598244e-06
1,0.051615234,7.895678e-05
1,0.020995071,3.1583175e-05
0,0.028327934,4.2928124e-05
1,0.071327165,0.00010945384
1,0.022763625,3.431937e-05
0,0.025726993,3.890411e-05
0,0.010115345,1.4750745e-05
0,0.00555119,7.689369e-06
1,0.07940569,0.00012195243
1,0.27249965,0.00042069535
0,0.0065389457,9.217563e-06
1,0.055600982,8.5123276e-05
0,0.002499399,2.967829e-06
1,0.08289737,0.00012735453
1,0.09503864,0.00014613874
0,0.0046601533,6.3108128e-06
0,0.0025012994,2.9707692e-06
0,0.0022869888,2.6392013e-06
1,0.09349469,0.00014375005
1,0.07673479,0.00011782018
0,0.033927534,5.1591476e-05
1,0.06390396,9.796912e-05
1,0.08082664,0.00012415083
0,0.0023598373,2.751908e-06
1,0.09889066,0.00015209836
1,0.09053459,0.00013917037
0,0.0017665104,1.8339497e-06
1,0.013407808,1.9844638e-05
0,0.0034055966,4.369841e-06
1,5.2849364,0.008175624
1,0.06450678,9.8901764e-05
1,0.111626916,0.0001718031
0,0.0041944706,5.5903374e-06
1,0.16256306,0.0002506083
1,2.930989,0.004533744
1,0.01831364,2.7434633e-05
1,0.054946065,8.4110034e-05
0,0.0028736182,3.5467972e-06
1,0.089507766,0.00013758172
0,0.057645157,8.82859e-05
0,0.008354106,1.20258655e-05
1,0.1062646,0.00016350685
1,4.910553,0.007596401
1,0.028438706,4.3099502e-05
0,0.0036926158,4.813899e-06
1,0.07305176,0.00011212202
0,0.015062541,2.2404736e-05
0,0.004770923,6.4821884e-06
0,0.004784091,6.502561e-06
1,0.85990244,0.0013294881
1,0.037987914,5.7873443e-05
1,2.4549506,0.003797247
1,5.749513,0.008894388
1,0.011826198,1.739767e-05
1,0.060535572,9.275777e-05
1,0.015696427,2.3385446e-05
0,0.006351594,8.927704e-06
0,0.002144157,2.4182207e-06
1,0.06971172,0.000106954525
1,0.073978625,0.000113556016
1,0.058752526,8.999915e-05
1,0.08413676,0.00012927204
1,0.10836398,0.00016675488
1,0.01835634,2.7500695e-05
1,0.012595988,1.858864e-05
0,0.0093028685,1.3493732e-05
0,0.014485178,2.1511476e-05
1,0.38485107,0.00059451844
0,0.0032315052,4.1004982e-06
0,0.012055649,1.7752662e-05
1,1.5384865,0.002379351
1,0.016259521,2.425663e-05
0,0.002162255,2.446221e-06
1,0.012443486,1.8352699e-05
1,0.091304146,0.00014036098
1,0.013052902,1.929555e-05
0,0.004128474,5.4882316e-06
0,0.0015579889,1.5113383e-06
1,0.09973072,0.00015339805
0,0.02159897,3.251749e-05
1,0.08692579,0.00013358706
0,0.003960142,5.2277987e-06
0,0.008570696,1.2360961e-05
1,0.032629512,4.9583257e-05
0,0.0067524277,9.547849e-06
1,6.3078017,0.009758137
1,0.06434243,9.86475e-05
1,0.42406043,0.0006551807
0,0.0035151136,4.539279e-06
1,0.040056456,6.107376e-05
1,5.9082546,0.009139983
0,0.00803144,1.1526657e-05
1,0.022459479,3.3848817e-05
0,0.0017273241,1.773323e-06
1,1.3862034,0.002143748
1,0.041581053,6.343252e-05
1,1.5970469,0.002469952
1,0.021390213,3.219451e-05
1,0.017089713,2.554105e-05
1,0.05861029,8.9779096e-05
0,0.0097683035,1.4213824e-05
1,0.08107077,0.00012452854
1,0.038701322,5.897718e-05
1,5.014924,0.0077578775
1,0.08033516,0.00012339045
1,0.011660222,1.7140881e-05
1,0.055818312,8.545952e-05
0,0.008672944,1.2519153e-05
0,0.0020081934,2.2078664e-06
0,0.0037347393,4.8790703e-06
0,0.012431148,1.833361e-05
1,0.016978847,2.5369523e-05
1,0.059583057,9.12841e-05
1,1.1950281,0.0018479736
1,2.3235643,0.0035939745
0,0.005195721,7.1394097e-06
0,0.0032397972,4.113327e-06
1,0.36346298,0.00056142814
0,0.0027734048,3.3917538e-06
1,0.089216016,0.00013713035
1,0.06919119,0.00010614919
0,0.02221541,3.3471206e-05
1,0.017702173,2.648861e-05
0,0.0018786944,2.0075136e-06
0,0.0026290505,3.1684176e-06
1,0.07167764,0.00010999607
0,0.0041257814,5.4840657e-06
1,1.63797,0.0025332656
1,0.014825198,2.2037535e-05
1,0.11344574,0.00017461706
1,0.069558226,0.000106717045
0,0.007740067,1.1075862e-05
1,0.08477488,0.0001302593
1,0.15374996,0.00023697322
0,0.011810741,1.7373755e-05
0,0.005489844,7.594458e-06
1,0.05291334,8.096513e-05
0,0.002394812,2.8060185e-06
0,0.048338976,7.388796e-05
0,0.0036084177,4.683633e-06
0,0.008062451,1.1574635e-05
0,0.003325921,4.246572e-06
0,0.010017846,1.45999e-05
0,0.004880977,6.652457e-06
1,0.08677794,0.00013335832
0,0.0026276368,3.1662303e-06
1,0.24188758,0.00037333425
1,0.021133732,3.1797703e-05
1,0.0780568,0.00011986551
0,0.0029493126,3.6639074e-06
0,0.009921996,1.4451607e-05
1,0.028054792,4.2505533e-05
1,0.101236075,0.00015572703
1,0.08205524,0.00012605164
1,0.04164881,6.353735e-05
1,0.06834318,0.0001048372
0,0.023289237,3.5132565e-05
0,0.0054811817,7.5810563e-06
1,5.2328525,0.008095043
1,0.011716971,1.722868e-05
0,0.007301071,1.0396676e-05
0,0.0025311022,3.016878e-06
0,0.0026006133,3.1244215e-06
0,0.0016954617,1.7240275e-06
1,0.07359902,0.00011296871
0,0.03636894,5.5368666e-05
1,0.030210095,4.5840083e-05
0,0.0070969798,1.0080918e-05
0,0.044075515,6.7291796e-05
0,0.0020242906,2.232771e-06
0,0.0019305397,2.0877255e-06
1,0.071983546,0.00011046935
1,0.5036469,0.00077831186
0,0.012047673,1.7740322e-05
0,0.05108903,7.814267e-05
1,0.059531387,9.120416e-05
1,0.08933727,0.00013731794
0,0.0050224327,6.871309e-06
0,0.003439085,4.421652e-06
1,1.8531543,0.0028661853
1,4.2024794,0.0065009138
1,0.10657563,0.00016398806
1,0.040443294,6.1672254e-05
0,0.0029862502,3.721055e-06
1,0.052070253,7.966076e-05
0,0.0018796456,2.0089853e-06
0,0.014008826,2.0774494e-05
1,0.28445062,0.00043918515
1,0.014908193,2.216594e-05
1,0.08649372,0.00013291859
1,0.12457632,0.00019183761
1,0.07710524,0.00011839331
1,1.0421292,0.001611418
0,0.0055045793,7.617256e-06
0,0.011423189,1.677416e-05
1,2.3154438,0.0035814107
0,0.004262069,5.694921e-06
0,0.018093202,2.7093585e-05
1,2.096251,0.0032422894
1,4.8965483,0.007574734
0,0.0046111504,6.2349986e-06
1,0.8741191,0.0013514833
1,5.493288,0.008497972
0,0.00468153,6.343885e-06
0,0.011709121,1.7216535e-05
1,0.016481273,2.4599709e-05
1,0.0173327,2.5916983e-05
1,0.04329485,6.6084e-05
0,0.0056510204,7.843821e-06
0,0.002929016,3.6325055e-06
1,0.050436765,7.7133525e-05
1,0.061791852,9.4701405e-05
1,0.088612534,0.00013619669
1,0.05603515,8.5795e-05
0,0.0060477736,8.457652e-06
1,0.1367739,0.00021070894
1,4.908053,0.0075925332
0,0.008997978,1.3022024e-05
0,0.006633372,9.363654e-06
1,0.08807637,0.00013536715
0,0.0046423525,6.2832723e-06
0,0.018415837,2.7592745e-05
0,0.0042336415,5.6509402e-06
1,0.044626527,6.814429e-05
1,0.11985807,0.00018453783
0,0.0022976683,2.6557238e-06
1,4.976672,0.0076986966
0,0.024713835,3.7336613e-05
0,0.0419484,6.400086e-05
0,0.010267066,1.4985478e-05
1,0.038971655,5.9395425e-05
0,0.026484504,4.0076084e-05
1,0.016629368,2.4828832e-05
0,0.0024622513,2.9103564e-06
0,0.01841502,2.7591483e-05
0,0.022255804,3.3533703e-05
0,0.0052678958,7.251074e-06
1,3.949255,0.0061091413
1,0.025360558,3.8337184e-05
1,0.012262666,1.8072946e-05
0,0.0017134931,1.7519246e-06
1,0.1327794,0.0002045289
0,0.035878725,5.461024e-05
1,2.0464013,0.0031651652
0,0.013497544,1.9983472e-05
1,0.07428286,0.00011402671
0,0.0036742273,4.7854496e-06
1,0.038612776,5.884019e-05
1,0.14916784,0.00022988406
0,0.008089504,1.161649e-05
1,1.155329,0.0017865537
0,0.004002423,5.2932137e-06
1,2.7858698,0.0043092244
1,4.6981974,0.007267858
0,0.009245483,1.3404949e-05
1,0.021188771,3.1882857e-05
0,0.0037236214,4.861869e-06
1,2.3619132,0.0036533053
1,0.14770064,0.0002276141
1,0.017180875,2.568209e-05
0,0.0032809922,4.177061e-06
1,0.29111284,0.0004494925
0,0.0022110792,2.5217587e-06
0,0.026223097,3.967165e-05
0,0.0049694725,6.789372e-06
0,0.011212583,1.6448323e-05
0,0.0021956982,2.4979622e-06
1,0.015119411,2.2492723e-05
1,0.05457134,8.3530285e-05
1,0.07224802,0.00011087853
1,0.07645578,0.00011738851
0,0.005517319,7.636966e-06
1,0.075126484,0.00011533191
0,0.0060089743,8.397624e-06
1,0.06351609,9.736903e-05
1,0.06908645,0.00010598714
1,0.013885033,2.0582971e-05
1,0.079326496,0.0001218299
0,0.007370536,1.0504147e-05
1,0.081038356,0.00012447839
1,0.070597135,0.000108324384
0,0.004730324,6.419376e-06
1,0.03542469,5.3907785e-05
1,0.079809986,0.00012257793
0,0.00093741546,5.5122575e-07
0,0.0040600523,5.382374e-06
1,0.020019433,3.0073728e-05
1,0.022192303,3.343546e-05
0,0.006197561,8.689394e-06
0,0.01112755,1.6316766e-05
1,0.058269016,8.9251094e-05
0,0.0071105203,1.0101868e-05
0,0.0022396478,2.565958e-06
0,0.0029882225,3.724106e-06
0,0.0016604273,1.6698244e-06
1,0.10406387,0.00016010202
0,0.002720088,3.3092654e-06
1,3.3609083,0.005198888
0,0.023026157,3.4725545e-05
0,0.01137001,1.6691884e-05
0,0.010095362,1.4719828e-05
1,0.10406291,0.00016010054
0,0.009981199,1.4543203e-05
1,0.06751728,0.000103559425
1,0.08912952,0.00013699653
1,1.3235236,0.002046774
0,0.0025051932,2.9767934e-06
1,0.9429035,0.0014579023
1,0.13069344,0.00020130162
1,0.06051051,9.271899e-05
1,0.11818198,0.00018194468
0,0.052103072,7.9711535e-05
1,0.021616705,3.254493e-05
0,0.0096629765,1.4050868e-05
1,3.8138871,0.0058997087
0,0.003414694,4.3839163e-06
0,0.0016567615,1.6641529e-06
0,0.010042618,1.4638226e-05
1,2.5278566,0.003910043
1,1.3981595,0.0021622458
1,0.06731422,0.000103245264
1,0.096819386,0.00014889381
0,0.008664209,1.2505639e-05
1,0.64483225,0.0009967451
1,0.02789885,4.226427e-05
0,0.0062942402,8.83897e-06
1,0.08204527,0.00012603622
1,0.078106314,0.00011994212
1,0.07054069,0.00010823705
1,0.043277632,6.6057364e-05
1,0.055147704,8.4422e-05
0,0.010057844,1.4661783e-05
0,0.0022620729,2.6006528e-06
0,0.0057223826,7.954228e-06
0,0.004422718,5.943468e-06
1,0.35533735,0.0005488567
1,0.015070092,2.241642e-05
0,0.029399117,4.458539e-05
0,0.00285992,3.5256048e-06
0,0.017729085,2.6530246e-05
1,2.078144,0.0032142757
0,0.008097449,1.1628782e-05
0,0.013347692,1.975163e-05
0,0.014489344,2.1517923e-05
0,0.00416584,5.546042e-06
1,0.060646757,9.292979e-05
0,0.0028998354,3.5873588e-06
1,4.8175135,0.0074524563
1,25.193651,0.038977142
0,0.0015668365,1.5250266e-06
1,0.07970601,0.00012241707
1,0.08766802,0.00013473538
1,0.11465009,0.00017648036
1,0.39173004,0.0006051611
1,0.013850906,2.0530171e-05
0,0.0018132243,1.9062225e-06
1,0.0660422,0.00010127727
1,0.076030165,0.00011673003
1,1.6965111,0.0026238367
1,0.014973003,2.226621e-05
1,0.46170193,0.0007134173
0,0.006234189,8.746062e-06
1,0.067583084,0.00010366123
0,0.002658661,3.214229e-06
1,0.42402574,0.00065512705
1,0.103783354,0.00015966802
1,0.01964692,2.94974e-05
0,0.009951956,1.44979595e-05
1,0.07248245,0.00011124123
1,2.4388013,0.0037722618
0,0.008714794,1.2583901e-05
1,0.06128608,9.3918905e-05
1,3.387948,0.0052407226
0,0.007481828,1.0676331e-05
1,0.021260414,3.19937e-05
1,0.04094478,6.244812e-05
0,0.0016685389,1.6823742e-06
1,0.66711473,0.001031219
0,0.0018814175,2.0117266e-06
1,0.07490636,0.000114991344
0,0.004810593,6.543564e-06
0,0.010777564,1.5775287e-05
1,0.08387292,0.00012886385
1,0.06788766,0.00010413245
1,0.078015454,0.000119801545
1,0.083863035,0.00012884855
1,5.2633243,0.008142187
0,0.0059420606,8.2941e-06
1,0.06544801,0.000100357975
1,5.2728715,0.008156958
1,0.069082394,0.00010598087
1,0.0118665295,1.7460068e-05
1,0.039993245,6.0975966e-05
1,0.04792176,7.324247e-05
1,1.2270181,0.0018974666
1,3.765935,0.00582552
1,0.07670022,0.00011776669
0,0.0014279553,1.3101584e-06
1,0.36251682,0.0005599643
1,0.07566359,0.00011616288
1,0.105401576,0.00016217164
0,0.0021352863,2.4044966e-06
1,2.2377048,0.0034611379
1,0.03644362,5.5484208e-05
1,1.1430477,0.0017675528
1,0.19180234,0.0002958455
1,0.062926956,9.645757e-05
0,0.0033934722,4.351083e-06
1,0.04617369,7.0537964e-05
1,0.07372111,0.00011315761
1,0.0698552,0.00010717651
0,0.005397107,7.4509812e-06
0,0.0028077746,3.4449283e-06
1,0.05476149,8.3824474e-05
1,0.093548864,0.00014383387
1,0.05805812,8.892481e-05
1,0.8784043,0.0013581131
0,0.0027698954,3.386324e-06
0,0.004084866,5.4207644e-06
0,0.004684142,6.3479265e-06
1,0.42228675,0.0006524366
0,0.0066964645,9.461266e-06
0,0.007485386,1.0681836e-05
0,0.009890522,1.4402913e-05
1,0.0998571,0.00015359357
1,0.027613834,4.182331e-05
1,0.015513424,2.3102315e-05
1,1.4614786,0.002260209
1,2.860844,0.0044252197
1,0.083981544,0.0001290319
0,0.00729096,1.0381032e-05
1,2.345932,0.0036285804
1,0.023448005,3.53782e-05
0,0.009880686,1.4387695e-05
0,0.0044256486,5.9480017e-06
1,0.108145796,0.00016641732
0,0.0042311144,5.647031e-06
1,0.06992972,0.0001072918
0,0.016617265,2.4810106e-05
1,0.47685963,0.0007368683
0,0.0020908609,2.3357643e-06
1,2.333002,0.003608576
1,0.062561564,9.5892254e-05
1,4.975015,0.007696133
1,0.07125602,0.00010934377
1,0.054454077,8.334886e-05
1,3.2021904,0.00495333
1,0.0785926,0.000120694465
0,0.00452861,6.1072974e-06
1,2.0080795,0.003105876
1,0.06145053,9.417333e-05
0,0.008589541,1.2390115e-05
0,0.0071620797,1.0181637e-05
0,0.011104494,1.6281096e-05
1,0.016043795,2.3922872e-05
1,0.7688093,0.0011885546
1,0.05422284,8.299111e-05
1,0.011881335,1.7482973e-05
1,0.093288876,0.00014343162
1,0.031523198,4.7871636e-05
1,0.07428112,0.00011402401
1,0.06770419,0.00010384861
0,0.0020780906,2.3160069e-06
1,0.5098166,0.0007878572
0,0.015248885,2.2693037e-05
1,0.07017575,0.000107672444
1,0.017019663,2.5432673e-05
0,0.0025745686,3.0841265e-06
0,0.01231968,1.8161154e-05
1,0.06682246,0.000102484446
0,0.006742512,9.532508e-06
1,0.047827095,7.309601e-05
1,0.055867486,8.55356e-05
0,0.0029313944,3.6361855e-06
0,0.010673995,1.5615053e-05
1,0.05374464,8.225127e-05
0,0.0031268457,3.938575e-06
0,0.0031737469,4.011138e-06
0,0.002845273,3.5029432e-06
0,0.0024990074,2.967223e-06
0,0.0057650628,8.02026e-06
1,0.15627544,0.00024088049
1,0.08842698,0.0001359096
0,0.0076578315,1.0948633e-05
0,0.0024271212,2.8560053e-06
0,0.018138057,2.7162981e-05
0,0.013312409,1.9697041e-05
1,0.01343953,1.9893716e-05
0,0.0068213134,9.6544245e-06
1,0.08700527,0.00013371003
1,0.07315062,0.000112274975
1,0.15368907,0.00023687903
0,0.0035534082,4.5985257e-06
0,0.00803481,1.1531871e-05
0,0.028033037,4.2471875e-05
1,0.012585271,1.857206e-05
1,5.1101675,0.007905232
0,0.002204663,2.5118318e-06
1,1.2097265,0.001870714
0,0.0042418735,5.6636763e-06
0,0.005810284,8.090223e-06
0,0.003788244,4.9618493e-06
1,0.16476612,0.00025401675
1,0.10012985,0.00015401555
1,0.07759006,0.000119143406
0,0.027351448,4.1417363e-05
0,0.027030202,4.0920353e-05
1,5.2283587,0.00808809
1,0.08239321,0.00012657452
1,0.02322221,3.5028865e-05
1,0.05482231,8.391857e-05
0,0.012968891,1.9165573e-05
0,0.0074044596,1.0556631e-05
1,0.08195051,0.00012588961
1,5.0862637,0.00786825
1,0.24519822,0.00037845626
0,0.00617714,8.657799e-06
0,0.0049307845,6.7295164e-06
1,1.3298815,0.0020566105
0,0.0063622957,8.944261e-06
0,0.0016202781,1.6077081e-06
1,0.42645606,0.0006588871
0,0.0033678254,4.3114037e-06
1,0.08301819,0.00012754147
0,0.0054738796,7.5697594e-06
0,0.002166977,2.4535263e-06
1,0.07599832,0.00011668076
0,0.0077349995,1.1068022e-05
1,5.07114,0.007844851
1,3.149088,0.004871173
0,0.0037827392,4.953333e-06
0,0.009872671,1.4375295e-05
0,0.069797456,0.00010708717
1,0.015963484,2.3798619e-05
0,0.0039278343,5.1778147e-06
1,0.3680061,0.00056845695
1,0.13811874,0.0002127896
0,0.0016339878,1.6289189e-06
0,0.12747058,0.00019631542
1,0.51741314,0.00079961016
0,0.0029506336,3.6659512e-06
0,0.0042886664,5.7360717e-06
0,0.0036432378,4.737505e-06
0,0.0024299813,2.8604302e-06
0,0.009502655,1.3802829e-05
0,0.08049432,0.0001236367
1,0.06514424,9.9888006e-05
1,4.3836145,0.006781155
1,2.1463869,0.0033198565
1,0.07176239,0.00011012719
1,4.880956,0.0075506107
1,1.5561023,0.002406605
1,2.03988,0.003155076
1,0.5902132,0.0009122418
0,0.012408535,1.8298624e-05
1,0.018144209,2.71725e-05
1,0.075084224,0.00011526653
1,0.0568027,8.69825e-05
0,0.013594189,2.0132995e-05
0,0.013557283,2.0075897e-05
0,0.0022653916,2.6057874e-06
0,0.002073624,2.3090965e-06
1,0.6933413,0.0010717952
1,1.6897701,0.0026134076
0,0.0014581576,1.3568854e-06
1,0.056436032,8.641522e-05
0,0.0035857547,4.6485707e-06
0,0.004465144,6.0091065e-06
1,0.11581303,0.00017827959
0,0.0044916905,6.0501775e-06
1,0.0797457,0.00012247848
1,0.015691413,2.3377688e-05
1,0.041656446,6.354917e-05
1,0.09767092,0.00015021126
1,3.8346577,0.0059318435
1,0.015874965,2.3661669e-05
0,0.024136867,3.6443966e-05
1,0.033194415,5.045724e-05
1,0.065975,0.00010117331
1,0.098335065,0.00015123877
0,0.0024823302,2.9414211e-06
0,0.08974942,0.0001379556
1,0.015880695,2.3670533e-05
0,0.008173166,1.1745926e-05
0,0.008963562,1.2968778e-05
1,0.011957963,1.7601527e-05
0,0.0060501243,8.461289e-06
0,0.013159239,1.9460067e-05
0,0.0034013619,4.3632895e-06
1,0.15061565,0.00023212402
0,0.002199737,2.5042104e-06
1,2.2820694,0.0035297761
1,0.10103012,0.00015540839
1,5.2005,0.008044989
0,0.0038033354,4.985198e-06
1,0.12272339,0.00018897087
1,0.022136396,3.3348962e-05
1,0.16804136,0.000259084
1,0.09814172,0.00015093964
1,0.07393251,0.000113484675
0,0.0036201426,4.7017734e-06
0,0.010023753,1.460904e-05
0,0.0048377677,6.5856066e-06
0,0.01231221,1.8149598e-05
0,0.03370045,5.124015e-05
0,0.016048998,2.3930921e-05
1,0.67336226,0.0010408849
0,0.004727374,6.414812e-06
1,0.07890025,0.00012117044
1,5.0952597,0.007882168
0,0.025617026,3.8733975e-05
1,0.08342274,0.00012816736
1,0.03266802,4.9642837e-05
0,0.020157311,3.0287045e-05
0,0.00989929,1.4416479e-05
1,0.036826994,5.607734e-05
1,3.7635982,0.0058219046
0,0.0022613285,2.5995012e-06
0,0.0014246601,1.3050602e-06
0,0.008401753,1.2099583e-05
1,1.5622243,0.0024160766
1,0.06312883,9.676989e-05
0,0.0042352085,5.6533645e-06
1,0.4305487,0.000665219
0,0.0034948695,4.5079582e-06
1,0.15244031,0.00023494703
1,0.07310722,0.00011220783
1,2.0412524,0.0031571991
1,3.3953414,0.005252161
1,0.020641897,3.1036765e-05
1,2.0104313,0.0031095147
1,1.5425577,0.0023856496
0,0.00867527,1.2522751e-05
0,0.0030776414,3.86245e-06
1,0.966077,0.0014937548
1,1.4037299,0.002170864
1,0.029168978,4.4229335e-05
1,0.044823337,6.844878e-05
1,0.10163133,0.00015633854
0,0.0069368593,9.83319e-06
0,0.32555526,0.0005027797
1,2.8652945,0.0044321055
1,0.023275584,3.5111443e-05
0,0.0032094566,4.066386e-06
0,0.0067650867,9.567434e-06
1,0.093665406,0.00014401416
0,0.005868381,8.180107e-06
0,0.0020851165,2.326877e-06
1,2.7859912,0.0043094126
0,0.002039497,2.2562974e-06
0,0.0016215832,1.6097274e-06
1,0.08241292,0.00012660502
0,0.0023313293,2.707802e-06
1,2.3446507,0.003626598
0,0.018896516,2.8336422e-05
1,0.015818626,2.3574505e-05
1,0.100865655,0.00015515395
0,0.021295272,3.204763e-05
0,0.023035867,3.4740566e-05
1,0.036473513,5.5530454e-05
1,2.3307538,0.0036050975
1,0.0741017,0.00011374643
0,0.010060654,1.46661305e-05
0,0.044918343,6.859577e-05
1,0.014521104,2.156706e-05
0,0.0062135407,8.714116e-06
0,0.017591817,2.6317874e-05
1,0.055896774,8.558091e-05
1,0.08779165,0.00013492667
1,0.08601789,0.00013218241
0,0.0021087439,2.3634318e-06
0,0.013417284,1.9859299e-05
0,0.0025797703,3.0921747e-06
1,5.252462,0.008125382
1,0.057899788,8.8679844e-05
1,0.07778717,0.000119448356
1,0.07141045,0.00010958269
1,1.5828453,0.0024479802
1,2.3050828,0.003565381
1,0.016199596,2.4163917e-05
0,0.014597502,2.1685257e-05
1,0.06940205,0.00010647542
1,0.11024053,0.00016965816
0,0.0020747287,2.3108057e-06
0,0.0050705676,6.94578e-06
1,0.12329692,0.00018985818
0,0.016018834,2.3884253e-05
1,0.5020583,0.0007758541
1,0.015218321,2.264575e-05
0,0.0033890186,4.344193e-06
0,0.012736721,1.8806373e-05
0,0.008722698,1.2596129e-05
1,0.05163096,7.898111e-05
1,0.04667449,7.131277e-05
0,0.0019284557,2.0845011e-06
1,0.075901866,0.00011653153
1,1.5553795,0.0024054868
0,0.0019037029,2.0462053e-06
1,0.016412854,2.4493856e-05
1,0.056079876,8.5864194e-05
1,5.047969,0.0078090024
1,3.1916795,0.004937068
1,0.05059381,7.737649e-05
0,0.0031655564,3.998466e-06
0,0.003206019,4.0610676e-06
1,2.0388741,0.0031535197
1,0.03920125,5.9750637e-05
0,0.010953365,1.6047277e-05
0,0.0050695674,6.9442326e-06
1,0.015232767,2.26681e-05
1,0.5906847,0.0009129713
0,0.008987372,1.3005615e-05
1,0.02472318,3.735107e-05
1,2.5279455,0.00391018
0,0.011192278,1.6416909e-05
1,0.07278131,0.0001117036
0,0.0011990516,9.560129e-07
1,0.05394442,8.256035e-05
1,0.05881458,9.0095156e-05
1,5.1782646,0.008010588
1,0.07867376,0.00012082003
1,0.61407226,0.0009491551
1,0.08196161,0.0001259068
0,0.006574836,9.273091e-06
0,0.0024536147,2.8969944e-06
1,0.07511798,0.000115318755
1,0.045302387,6.918994e-05
1,0.040699575,6.206876e-05
1,0.061583415,9.437893e-05
0,0.005965482,8.330336e-06
1,0.09342682,0.00014364505
1,0.10236348,0.0001574713
0,0.0029375867,3.645766e-06
0,0.008781427,1.268699e-05
0,0.004490505,6.0483435e-06
0,0.0061803944,8.662835e-06
1,0.020380776,3.063278e-05
1,0.020774538,3.124198e-05
1,0.08807955,0.00013537209
0,0.012009569,1.768137e-05
1,0.050144784,7.668179e-05
1,0.064100586,9.8273325e-05
1,2.3436275,0.0036250148
0,0.0042833835,5.727898e-06
1,0.53996176,0.00083449594
1,0.05195335,7.947989e-05
0,0.0015875411,1.5570595e-06
0,0.022341354,3.366606e-05
1,0.014369732,2.1332866e-05
0,0.0059796805,8.352303e-06
1,0.042198163,6.438728e-05
0,0.0054609883,7.5498147e-06
1,0.21560195,0.00033266676
0,0.0058519705,8.154718e-06
1,3.7477498,0.0057973852
1,0.12137258,0.00018688098
1,0.06839545,0.00010491807
1,0.040246,6.136701e-05
0,0.009116091,1.3204762e-05
1,0.5691626,0.0008796737
0,0.003986165,5.2680602e-06
0,0.0031388015,3.9570723e-06
0,0.0037498984,4.902524e-06
1,0.034176417,5.197653e-05
0,0.0015090746,1.435661e-06
1,0.080534115,0.00012369826
1,0.13717395,0.00021132788
1,0.053356063,8.165008e-05
1,1.543258,0.002386733
0,0.010683558,1.5629848e-05
1,0.044224907,6.7522924e-05
1,0.04523168,6.908055e-05
1,0.08271695,0.0001270754
0,0.023974411,3.6192625e-05
1,1.0255809,0.0015858155
1,0.39258978,0.0006064913
1,0.06424534,9.849729e-05
1,0.061814085,9.4735806e-05
1,3.1693304,0.004902491
1,0.039379064,6.002574e-05
0,0.0054971827,7.6058122e-06
0,0.0036966552,4.820149e-06
0,0.0015750619,1.5377525e-06
1,5.1355805,0.007944549
0,0.0039048353,5.142232e-06
1,0.0866507,0.00013316145
1,0.55382353,0.000855942
0,0.0021941913,2.4956307e-06
1,0.15017144,0.00023143677
0,0.002214556,2.527138e-06
1,0.082183324,0.00012624981
1,1.4740311,0.0022796297
1,0.07884578,0.00012108617
1,0.86047834,0.0013303792
1,0.0362896,5.5245913e-05
1,0.06630591,0.00010168528
1,0.20011234,0.0003087022
1,1.1434172,0.0017681245
0,0.01224723,1.8049064e-05
1,0.07807321,0.0001198909
0,0.008738723,1.2620921e-05
1,2.209429,0.0034173916
1,0.09382954,0.00014426811
1,0.42077765,0.0006501018
0,0.0035585829,4.606532e-06
1,0.15034701,0.0002317084
0,0.0061614965,8.633597e-06
0,0.024037015,3.628948e-05
0,0.0062108426,8.709942e-06
1,0.019581651,2.939642e-05
0,0.0021736408,2.4638362e-06
0,0.003304394,4.2132665e-06
0,0.0026184223,3.1519742e-06
0,0.010984612,1.609562e-05
1,0.06090218,9.332496e-05
1,0.073042326,0.00011210743
0,0.0103477575,1.5110319e-05
0,0.0017641443,1.8302889e-06
1,0.82514143,0.0012757081
0,0.0064991503,9.155994e-06
1,0.15982445,0.0002463713
1,1.4330399,0.0022162106
1,0.049801607,7.615085e-05
0,0.0019458028,2.1113397e-06
1,0.13939247,0.00021476022
0,0.0024626642,2.9109951e-06
0,0.0061101546,8.554164e-06
0,0.012988382,1.9195728e-05
1,2.3356233,0.0036126312
0,0.0034150544,4.384474e-06
1,3.331916,0.005154033
1,0.05920336,9.069665e-05
0,0.017527469,2.6218317e-05
1,2.123805,0.0032849193
1,0.03791957,5.7767706e-05
1,1.4525855,0.0022464502
1,0.073274985,0.00011246739
0,0.011991327,1.7653147e-05
1,0.045592505,6.963879e-05
1,0.32087716,0.000495542
0,0.0027528633,3.359973e-06
0,0.0021755055,2.4667213e-06
0,0.0015227502,1.4568192e-06
1,4.402649,0.0068106037
0,0.0065756035,9.2742775e-06
0,0.008155226,1.171817e-05
0,0.033443052,5.0841914e-05
1,0.8610206,0.0013312182
1,5.499305,0.008507282
1,0.011955859,1.7598273e-05
0,0.0024174065,2.8409754e-06
1,0.03615978,5.5045068e-05
0,0.0053538494,7.384056e-06
1,2.3143175,0.0035796682
1,0.07605821,0.000116773415
1,0.06357785,9.746459e-05
0,0.0022972089,2.655013e-06
0,0.002205461,2.5130666e-06
1,0.045444578,6.940993e-05
1,0.07295536,0.000111972884
1,0.2558911,0.00039499966
1,0.07259198,0.000111410685
1,5.860853,0.009066646
1,2.3107257,0.0035741113
1,0.09806095,0.00015081468
0,0.0062644696,8.79291e-06
1,0.0614773,9.421475e-05
0,0.008556873,1.2339574e-05
1,0.03846308,5.8608588e-05
1,0.07158908,0.000109859066
1,0.07353096,0.00011286341
0,0.008325971,1.1982336e-05
0,0.0019987097,2.193194e-06
0,0.0016855993,1.7087691e-06
0,0.0022972887,2.6551365e-06
0,0.018589387,2.7861252e-05
0,0.0014956705,1.4149231e-06
0,0.0022060839,2.5140303e-06
1,0.094914354,0.00014594647
1,0.057068326,8.739346e-05
1,0.082652256,0.00012697531
1,0.056827858,8.702143e-05
1,0.04085417,6.230793e-05
0,0.0030430933,3.8089986e-06
1,3.3753498,0.005221231
1,0.2055092,0.0003170519
1,0.025044007,3.7847436e-05
1,1.3964839,0.0021596535
1,4.9912295,0.0077212187
0,0.04061496,6.193784e-05
0,0.0071744444,1.0200767e-05
0,0.0098805195,1.4387438e-05
1,0.015721839,2.3424762e-05
1,0.12477692,0.00019214796
0,0.0052874377,7.2813077e-06
1,3.4159944,0.005284114
0,0.0043569817,5.8417645e-06
1,0.08485575,0.00013038442
0,0.01966864,2.9531006e-05
1,0.061690237,9.454419e-05
1,0.11236184,0.00017294013
0,0.006977264,9.895702e-06
0,0.002701706,3.280826e-06
1,0.18465014,0.00028478005
0,0.008664223,1.250566e-05
0,0.002032953,2.2461732e-06
0,0.003073197,3.8555736e-06
1,1.359851,0.0021029774
1,0.12569825,0.00019357339
1,0.079372115,0.000121900484
0,0.017178671,2.567868e-05
0,0.001957483,2.1294104e-06
0,0.0033581275,4.2963998e-06
1,0.061768156,9.466474e-05
1,0.07560923,0.00011607878
1,0.023819057,3.595227e-05
1,2.1956573,0.0033960848
1,0.07507388,0.00011525053
1,0.14556189,0.00022430516
1,2.5217798,0.003900641
0,0.012428469,1.8329465e-05
0,0.06373942,9.7714554e-05
1,0.3291697,0.0005083717
1,0.07777196,0.000119424825
1,4.9766755,0.0076987017
1,0.020011503,3.0061461e-05
0,0.013479253,1.9955174e-05
0,0.0024795604,2.937136e-06
0,0.02455578,3.7092082e-05
0,0.016623663,2.4820005e-05
1,0.07309863,0.00011219454
1,0.15804765,0.00024362234
0,0.0035620127,4.6118384e-06
1,0.07125922,0.00010934872
1,0.06944646,0.00010654413
1,0.07346589,0.00011276274
0,0.004538447,6.1225164e-06
1,0.28669864,0.00044266315
1,0.16556555,0.00025525357
1,0.943728,0.0014591778
1,2.463783,0.0038109121
1,0.013107876,1.9380603e-05
1,0.07403401,0.000113641705
1,0.08606378,0.00013225341
1,2.320679,0.0035895105
0,0.016525254,2.4667754e-05
1,0.015442435,2.2992484e-05
0,0.042359024,6.463615e-05
1,0.08817214,0.00013551532
0,0.0063483743,8.922722e-06
0,0.011381904,1.6710284e-05
1,0.08294396,0.00012742663
1,0.04371166,6.672886e-05
1,0.058328893,8.934373e-05
1,0.077508666,0.00011901747
0,0.008173987,1.1747197e-05
1,0.015046124,2.2379338e-05
0,0.0046315207,6.266514e-06
1,5.0837445,0.007864352
1,5.1992745,0.008043093
0,0.0064777336,9.122859e-06
0,0.0026492001,3.199592e-06
0,0.044585563,6.808091e-05
1,0.0755657,0.00011601144
0,0.011033111,1.6170656e-05
1,0.042654667,6.509355e-05
0,0.008289178,1.1925413e-05
1,0.07036864,0.00010797087
0,0.012810675,1.8920791e-05
1,0.07703667,0.00011828723
1,0.064660855,9.914014e-05
1,0.0735589,0.00011290664
1,3.8053732,0.0058865366
0,0.002872814,3.545553e-06
1,0.2742741,0.00042344068
0,0.0055200104,7.64113e-06
1,0.06726264,0.00010316546
0,0.0026717284,3.234446e-06
1,0.057554256,8.8145265e-05
0,0.044367474,6.7743495e-05
1,4.1591907,0.0064339405
0,0.0022121582,2.523428e-06
1,1.288153,0.0019920508
1,0.054942865,8.410508e-05
0,0.012011276,1.768401e-05
0,0.016355269,2.4404762e-05
1,0.027763229,4.2054446e-05
1,0.064266495,9.8530014e-05
0,0.015384528,2.2902896e-05
1,0.06900358,0.00010585894
1,0.0141605465,2.1009228e-05
0,0.002807608,3.444671e-06
0,0.0027351403,3.332553e-06
0,0.023575107,3.5574845e-05
0,0.0024793856,2.9368655e-06
1,1.3330977,0.0020615864
1,0.044214834,6.750734e-05
0,0.0047210297,6.404997e-06
0,0.0023351007,2.7136368e-06
1,0.018448403,2.764313e-05
0,0.007060753,1.0024871e-05
1,0.021421935,3.224359e-05
0,0.016190495,2.4149838e-05
1,0.013995857,2.075443e-05
1,0.059145775,9.060756e-05
1,0.13499519,0.00020795703
0,0.012731973,1.8799028e-05
0,0.007052151,1.0011562e-05
0,0.018785868,2.8165234e-05
0,0.005411904,7.473874e-06
1,0.05536992,8.4765794e-05
0,0.0023935386,2.8040483e-06
0,0.091442496,0.00014057502
0,0.0036503184,4.748459e-06
0,0.0027982234,3.4301513e-06
0,0.004220989,5.631365e-06
0,0.0017252017,1.7700394e-06
0,0.0034096688,4.3761415e-06
1,0.053517234,8.189943e-05
1,0.55531484,0.00085824926
1,2.1493683,0.0033244693
1,0.092806034,0.0001426846
1,0.0129673565,1.9163199e-05
1,5.384965,0.0083303815
0,0.0029800655,3.711486e-06
0,0.0013885448,1.2491848e-06
1,0.06991601,0.00010727059
1,0.08792044,0.00013512593
1,0.06438912,9.871973e-05
1,0.07154679,0.00010979363
0,0.010612146,1.5519365e-05
1,0.08293645,0.000127415
1,1.8673313,0.002888119
0,0.0028879552,3.568979e-06
1,3.3364289,0.0051610153
0,0.00246192,2.909844e-06
1,0.014216077,2.109514e-05
1,0.018721564,2.8065746e-05
1,2.326882,0.0035991073
1,0.09429286,0.00014498492
0,0.012238542,1.8035622e-05
1,0.070178434,0.0001076766
1,4.9742794,0.0076949946
1,0.0306303,4.6490197e-05
0,0.007497954,1.0701281e-05
0,0.0022515098,2.5843103e-06
0,0.0034153615,4.3849486e-06
0,0.0042338236,5.651222e-06
0,0.004266606,5.701941e-06
1,0.054785866,8.3862185e-05
1,2.8213146,0.0043640626
1,0.08442435,0.00012971698
0,0.0018389451,1.946016e-06
0,0.0017395999,1.7923153e-06
0,0.012282975,1.8104367e-05
1,0.9846278,0.0015224554
1,0.01615681,2.409772e-05
0,0.009483566,1.3773295e-05
1,0.015081593,2.2434213e-05
1,0.065219544,0.00010000451
1,0.07068832,0.000108465465
1,0.12259424,0.00018877105
1,0.014273952,2.1184682e-05
1,5.1403904,0.007951992
0,0.003554522,4.600249e-06
0,0.011087276,1.6254457e-05
0,0.012264312,1.8075492e-05
1,0.030160958,4.5764064e-05
0,0.0020943962,2.341234e-06
1,0.11422005,0.00017581503
0,0.0024382584,2.873236e-06
1,0.6555996,0.0010134035
1,0.22243617,0.00034324024
1,0.6991212,0.0010807374
1,2.3061757,0.0035670719
0,0.0018953601,2.0332977e-06
1,0.01871783,2.8059969e-05
1,0.03113425,4.7269878e-05
0,0.010750685,1.5733704e-05
1,4.056429,0.006274954
0,0.002619789,3.1540887e-06
1,0.015813885,2.356717e-05
1,1.0414402,0.0016103521
1,0.123495474,0.00019016539
0,0.004289762,5.7377665e-06
1,0.050481603,7.7202894e-05
1,0.053437494,8.177607e-05
1,0.036636632,5.5782824e-05
0,0.022986744,3.4664565e-05
0,0.0020510515,2.2741738e-06
1,0.076849476,0.00011799762
0,0.0034915514,4.5028255e-06
0,0.020536615,3.0873878e-05
1,0.012807828,1.8916387e-05
1,0.048246868,7.3745454e-05
1,0.19642311,0.00030299448
0,0.008690261,1.2545945e-05
1,0.0658862,0.00010103592
1,5.608311,0.008675929
1,0.05378907,8.232e-05
1,0.06262789,9.5994874e-05
0,0.0089034485,1.2875775e-05
1,0.037468288,5.706951e-05
0,0.011851049,1.7436118e-05
0,0.014347063,2.1297796e-05
1,5.878733,0.009094309
0,0.0036092943,4.6849896e-06
0,0.002524908,3.007295e-06
0,0.0075311265,1.0752603e-05
1,0.013599773,2.0141633e-05
0,0.025831336,3.906554e-05
0,0.0026782618,3.2445546e-06
1,1.1132197,0.0017214048
1,5.286847,0.00817858
1,0.013555792,2.007359e-05
0,0.0054787598,7.5773096e-06
0,0.0056138407,7.786298e-06
0,0.008056879,1.1566014e-05
0,0.020530595,3.0864565e-05
1,0.0793248,0.000121827274
0,0.007385856,1.052785e-05
0,0.016147435,2.4083216e-05
0,0.00519476,7.1379227e-06
0,0.0038078784,4.9922264e-06
1,0.74559706,0.0011526421
0,0.009638898,1.4013616e-05
1,0.01544862,2.3002054e-05
1,0.07970675,0.0001224182
0,0.004859007,6.6184666e-06
1,3.8975601,0.006029162
1,0.09397431,0.00014449208
0,0.0072322492,1.0290199e-05
1,4.534034,0.007013874
0,0.010497648,1.534222e-05
1,5.1097527,0.00790459
0,0.0016938002,1.7214569e-06
1,0.030982303,4.7034795e-05
0,0.008352421,1.2023259e-05
1,0.013789459,2.0435104e-05
1,1.9975387,0.0030895679
0,0.0032275906,4.0944415e-06
1,0.075920805,0.000116560834
1,0.014018208,2.078901e-05
1,0.095073655,0.00014619292
0,0.0040436382,5.3569793e-06
1,2.246078,0.0034740926
1,0.015418542,2.2955519e-05
0,0.004746702,6.4447154e-06
1,0.03558786,5.4160228e-05
0,0.006157949,8.628109e-06
0,0.008842269,1.2781121e-05
1,0.09053731,0.00013917458
0,0.0074022114,1.05531535e-05
1,0.046387587,7.086889e-05
1,1.6180807,0.0025024943
1,0.06026213,9.233471e-05
1,0.05788428,8.8655856e-05
1,1.4052783,0.0021732596
0,0.0022869487,2.6391392e-06
1,0.69334406,0.0010717994
0,0.015680628,2.3361003e-05
1,0.07327617,0.00011246922
1,2.3023033,0.0035610807
0,0.015949393,2.3776818e-05
1,0.5413803,0.0008366906
1,0.017691096,2.6471473e-05
1,3.274981,0.005065947
1,2.036561,0.0031499409
1,0.120520644,0.00018556291
1,0.09195526,0.00014136833
1,0.049940243,7.636534e-05
0,0.014299684,2.1224492e-05
0,0.007591546,1.084608e-05
0,0.00970267,1.4112281e-05
1,0.13822606,0.00021295562
0,0.005930881,8.276803e-06
0,0.004487587,6.043829e-06
1,0.07804127,0.00011984148
1,0.11060173,0.000170217
0,0.0035292779,4.5611932e-06
1,0.18046953,0.00027831207
1,3.0165892,0.004666179
1,0.9729455,0.0015043813
0,0.018841647,2.8251532e-05
1,0.07209526,0.00011064219
1,0.099304244,0.00015273823
1,0.04543658,6.939755e-05
0,0.013363033,1.9775363e-05
0,0.006124449,8.5762795e-06
1,0.04346279,6.6343826e-05
1,1.9912264,0.0030798018
1,0.085604504,0.00013154285
1,0.046432525,7.093842e-05
0,0.0031930315,4.0409736e-06
0,0.0064799893,9.126349e-06
0,0.0018671893,1.9897136e-06
0,0.0016051269,1.5842671e-06
1,2.6081247,0.0040342286
0,0.0034029786,4.3657906e-06
0,0.0022126785,2.524233e-06
1,0.05886837,9.017838e-05
1,0.07140166,0.0001095691
1,0.07556763,0.000116014424
1,1.9960328,0.003087238
1,0.014399267,2.137856e-05
1,0.028205134,4.2738135e-05
0,0.005648967,7.840643e-06
1,0.031259775,4.7464084e-05
0,0.0035044039,4.5227093e-06
1,0.08410668,0.0001292255
1,0.049204778,7.522747e-05
1,0.05080365,7.7701145e-05
1,0.12750204,0.0001963641
0,0.007036133,9.98678e-06
0,0.0013722404,1.2239597e-06
1,0.29294595,0.0004523286
0,0.051169384,7.826699e-05
0,0.0060982765,8.535787e-06
1,6.2243915,0.00962909
1,5.239063,0.008104651
0,0.0044821324,6.03539e-06
1,0.068365276,0.00010487139
0,0.024135547,3.644192e-05
0,0.00675408,9.550405e-06
0,0.0042287325,5.6433455e-06
1,5.416843,0.0083797015
0,0.061659817,9.449713e-05
1,3.3930168,0.0052485643
1,0.07442194,0.000114241884
0,0.005241521,7.210269e-06
0,0.013222656,1.9558182e-05
1,0.051916175,7.9422374e-05
1,5.747204,0.008890815
1,0.3392607,0.00052398385
1,0.5480989,0.00084708526
1,0.04682027,7.1538314e-05
1,4.364873,0.006752159
1,0.035502456,5.4028096e-05
1,0.016346775,2.4391622e-05
0,0.024051381,3.6311707e-05
1,0.042819973,6.5349304e-05
0,0.009576534,1.391713e-05
0,0.006046178,8.455183e-06
1,0.07108016,0.00010907169
1,0.09133973,0.00014041603
0,0.023291824,3.5136567e-05
0,0.005030773,6.8842123e-06
1,1.893077,0.0029279513
0,0.019676395,2.9543002e-05
0,0.017686859,2.6464915e-05
1,0.07299872,0.00011203996
0,0.0032077911,4.063809e-06
0,0.0019162196,2.0655702e-06
0,0.0077843205,1.1144329e-05
0,0.007967011,1.1426976e-05
0,0.01154787,1.6967058e-05
1,0.61958843,0.00095768936
0,0.0036436908,4.738206e-06
0,0.0022351318,2.5589713e-06
1,2.3426301,0.0036234718
0,0.0036421758,4.7358617e-06
0,0.019884292,2.9864646e-05
1,0.30135342,0.0004653361
0,0.007125396,1.0124882e-05
0,0.0033924687,4.34953e-06
0,0.04109353,6.267826e-05
1,0.3490001,0.00053905207
0,0.0015330202,1.4727082e-06
0,0.0045869434,6.197547e-06
1,0.08833341,0.00013576484
1,1.8216892,0.0028175046
0,0.008521807,1.22853235e-05
0,0.018183585,2.723342e-05
1,0.07161571,0.00010990026
1,0.046716392,7.1377595e-05
1,0.04501112,6.873931e-05
0,0.010605954,1.5509784e-05
1,0.07421805,0.000113926435
1,0.46779662,0.0007228466
1,0.22265737,0.00034358248
0,0.009196298,1.3328853e-05
1,0.2700983,0.00041698013
1,2.0364823,0.003149819
1,0.13596848,0.00020946283
1,0.07268324,0.00011155187
1,5.92391,0.009164204
1,0.06654186,0.00010205031
1,0.034868654,5.304752e-05
1,0.06416731,9.8376564e-05
0,0.0194023,2.9118937e-05
0,0.001754944,1.8160548e-06
1,5.119287,0.007919341
0,0.0027707976,3.3877202e-06
1,0.15253665,0.00023509607
1,0.049538866,7.574435e-05
0,0.0026579567,3.2131397e-06
1,2.4494045,0.0037886666
1,5.0011644,0.0077365893
0,0.011105971,1.628338e-05
0,0.0049581607,6.771871e-06
1,3.2166512,0.0049757026
0,0.0060239905,8.420856e-06
1,1.5597109,0.0024121879
1,0.06682233,0.000102484235
1,0.029836865,4.5262645e-05
0,0.005412718,7.4751333e-06
1,0.06435879,9.867281e-05
0,0.0017878715,1.8669981e-06
0,0.0010697459,7.559591e-07
0,0.010532552,1.5396223e-05
1,0.08870957,0.0001363468
1,0.07329916,0.00011250479
1,0.013993056,2.0750096e-05
1,0.08058833,0.00012378214
0,0.0027467536,3.3505207e-06
1,118.89198,0.18394135
1,0.07848516,0.000120528246
1,0.01675082,2.5016736e-05
1,0.0400791,6.110879e-05
1,2.8727505,0.004443641
0,0.008624055,1.2443515e-05
1,0.11428462,0.00017591493
1,0.025367215,3.8347483e-05
0,0.0006129232,4.9191602e-08
0,0.048037767,7.342194e-05
0,0.0074201776,1.05809495e-05
0,0.0031798247,4.0205414e-06
1,0.088959925,0.00013673415
1,0.7993503,0.0012358057
1,1.1194957,0.0017311147
1,0.04454764,6.802224e-05
1,2.0221345,0.0031276213
0,0.16366045,0.0002523061
0,0.010806954,1.5820759e-05
1,1.4399703,0.002226933
0,0.0018416751,1.9502397e-06
0,0.00830559,1.1950804e-05
0,0.036730785,5.592849e-05
1,0.07034771,0.00010793849
1,0.042064127,6.4179905e-05
1,4.3836102,0.0067811483
0,0.007762037,1.1109853e-05
0,0.0068233595,9.65759e-06
1,5.3474298,0.00827231
1,0.0786503,0.00012078374
1,0.13908419,0.00021428327
1,0.08830021,0.00013571348
1,0.061807886,9.472621e-05
1,5.8801064,0.009096433
1,0.058909625,9.02422e-05
0,0.0015834282,1.5506963e-06
0,0.0075171413,1.0730966e-05
1,0.052670907,8.059005e-05
1,5.203981,0.008050375
1,0.06544461,0.00010035272
0,0.0052195224,7.176234e-06
0,0.009344832,1.3558655e-05
1,0.06346745,9.729378e-05
0,0.041660346,6.35552e-05
1,2.7841597,0.0043065785
1,0.074540734,0.000114425675
0,0.0056174686,7.791911e-06
1,0.08961115,0.00013774168
1,0.072362356,0.00011105542
1,0.44970125,0.0006948506
1,0.035049185,5.3326825e-05
1,0.49535546,0.00076548394
1,5.277193,0.008163644
0,0.0051729036,7.104108e-06
1,0.0597032,9.146998e-05
0,0.017333474,2.5918182e-05
0,0.002124267,2.3874481e-06
0,0.0590087,9.0395486e-05
0,0.004855537,6.613098e-06
0,0.0061802343,8.662587e-06
0,0.001798938,1.8841196e-06
0,0.03020921,4.5838715e-05
1,0.65847564,0.0010178533
1,0.013069425,1.9321113e-05
1,0.012861535,1.8999479e-05
0,0.00636886,8.954417e-06
1,0.048889097,7.473907e-05
1,1.638831,0.0025345976
0,0.006817335,9.648269e-06
0,0.0015445487,1.4905443e-06
1,0.022248939,3.352308e-05
1,2.350271,0.0036352933
0,0.13110188,0.00020193354
1,5.004477,0.0077417144
1,1.2260367,0.0018959482
1,4.465191,0.006907365
0,0.0044649686,6.008835e-06
1,5.1962824,0.008038464
0,0.02819335,4.2719905e-05
1,1.924232,0.0029761523
0,0.02185096,3.2907352e-05
1,0.07448436,0.00011433846
0,0.0028015287,3.435265e-06
0,0.052969277,8.105167e-05
1,1.7050657,0.002637072
1,0.0822825,0.00012640325
0,0.0025465921,3.040843e-06
0,0.0061213044,8.571415e-06
0,0.0025318232,3.0179938e-06
1,0.0382847,5.833261e-05
0,0.0047607105,6.4663886e-06
1,1.1998637,0.0018554549
0,0.0023531679,2.7415892e-06
0,0.0029804995,3.7121574e-06
0,0.006053814,8.466997e-06
0,0.0054000663,7.4555596e-06
0,0.012988052,1.9195219e-05
1,0.03784519,5.765263e-05
0,0.015206936,2.2628135e-05
1,0.07935376,0.00012187208
1,0.06634513,0.00010174595
0,0.0034359533,4.4168073e-06
1,0.014061911,2.0856625e-05
1,0.07597089,0.000116638315
0,0.006045369,8.4539315e-06
0,0.008206661,1.1797747e-05
0,0.0069466447,9.84833e-06
1,0.08027481,0.00012329708
1,0.045211356,6.90491e-05
0,0.013291723,1.9665038e-05
1,0.070318304,0.00010789299
1,0.0674284,0.00010342192
0,0.013283594,1.9652462e-05
1,5.347679,0.008272695
0,0.0061923163,8.68128e-06
0,0.008386238,1.2075578e-05
1,1.232869,0.0019065187
0,0.0064409757,9.06599e-06
1,0.066128924,0.000101411446
1,0.07146163,0.00010966188
0,0.0069536273,9.859133e-06
1,0.050424576,7.7114666e-05
0,0.013545348,2.0057432e-05
0,0.00180631,1.8955251e-06
1,0.056949127,8.7209046e-05
1,0.09159372,0.00014080899
0,0.0047915247,6.5140625e-06
0,0.0028403278,3.495293e-06
1,1.0829287,0.0016745403
0,0.0040556667,5.375589e-06
1,0.16031693,0.00024713323
1,0.0930361,0.00014304055
0,0.0044753435,6.0248867e-06
1,0.11645004,0.00017926513
0,0.003735232,4.8798324e-06
0,0.00492027,6.7132487e-06
1,0.02393047,3.612464e-05
1,0.016762542,2.503487e-05
0,0.012488308,1.8422046e-05
1,0.048945844,7.4826865e-05
0,0.007607405,1.0870616e-05
1,0.058338128,8.935802e-05
1,0.063294746,9.702658e-05
0,0.004393046,5.8975606e-06
0,0.0020203826,2.2267247e-06
0,0.012497755,1.843666e-05
0,0.0068669333,9.725005e-06
0,0.0052547255,7.2306975e-06
1,4.55622,0.0070481994
1,0.08561584,0.00013156039
0,0.016310452,2.4335424e-05
1,0.06492166,9.954365e-05
1,0.056597766,8.666544e-05
0,0.0056185722,7.793618e-06
0,0.019807303,2.9745535e-05
1,0.053292707,8.155206e-05
0,0.0017545526,1.8154492e-06
1,4.1792827,0.0064650252
0,0.0091796,1.3303018e-05
1,0.015237426,2.2675309e-05
1,0.08943765,0.00013747325
0,0.00186299,1.9832169e-06
0,0.0031247302,3.935302e-06
0,0.016933173,2.5298861e-05
0,0.0039039678,5.1408897e-06
0,0.027015254,4.0897226e-05
0,0.0074734143,1.0663314e-05
0,0.010857557,1.5899048e-05
0,0.0012943739,1.1034895e-06
0,0.0017027272,1.7352681e-06
0,0.011006101,1.6128866e-05
0,0.0034096662,4.376138e-06
0,0.05700661,8.729798e-05
1,0.07952013,0.00012212948
0,0.06445649,9.882396e-05
1,0.07989187,0.00012270462
1,0.081296355,0.00012487755
0,0.004234951,5.652966e-06
0,0.004557321,6.1517167e-06
0,0.0065107793,9.173986e-06
1,0.09803296,0.00015077138
1,0.063364856,9.713505e-05
1,0.38510826,0.00059491635
1,0.10087659,0.00015517087
1,0.035206933,5.3570882e-05
0,0.0014529286,1.3487955e-06
1,0.014423291,2.141573e-05
0,0.0041716862,5.5550872e-06
1,0.02838832,4.3021548e-05
1,0.039566774,6.0316153e-05
1,0.08012854,0.00012307079
0,0.006599638,9.311462e-06
1,0.5464801,0.00084458076
0,0.0055415514,7.674456e-06
0,0.0061092423,8.552753e-06
1,0.07020566,0.00010771872
1,0.12020825,0.0001850796
0,0.014104747,2.0922898e-05
0,0.007942093,1.1388424e-05
0,0.0068847914,9.752634e-06
1,0.047737036,7.2956675e-05
1,0.03648028,5.5540928e-05
0,0.0027776468,3.3983163e-06
0,0.0018148916,1.908802e-06
1,0.54809904,0.00084708544
1,0.016275337,2.4281098e-05
1,4.3415756,0.006716115
1,0.05492971,8.408473e-05
0,0.028881332,4.3784305e-05
0,0.007394436,1.0541124e-05
1,0.020129843,3.0244548e-05
1,0.08672743,0.00013328018
1,1.9052868,0.0029468415
0,0.0041471585,5.517139e-06
0,0.01729267,2.5855054e-05
1,0.057100326,8.744297e-05
1,0.08696196,0.00013364301
0,0.014446246,2.1451244e-05
0,0.003078719,3.8641165e-06
0,0.010996593,1.6114156e-05
0,0.0011423028,8.6821456e-07
1,0.05920121,9.069333e-05
1,0.035794307,5.447963e-05
0,0.0034515276,4.4409026e-06
0,0.00433429,5.8066576e-06
1,3.1457663,0.004866034
1,0.073644996,0.000113039845
1,0.030684711,4.657438e-05
1,0.06843007,0.000104971645
1,0.054944154,8.410707e-05
1,0.62227345,0.00096184347
0,0.0028278886,3.4760478e-06
1,0.017129133,2.5602038e-05
1,0.4848878,0.000749289
0,0.005177638,7.1114328e-06
0,0.06342381,9.7226264e-05
1,0.074019395,0.00011361909
1,0.09204467,0.00014150667
0,0.0049993116,6.8355375e-06
1,0.04331516,6.6115426e-05
1,0.07392786,0.000113477465
1,0.8361104,0.0012926786
0,0.024926664,3.766589e-05
1,0.09093593,0.0001397913
1,2.415274,0.0037358617
1,0.07871468,0.00012088335
1,0.05092924,7.7895456e-05
0,0.006245531,8.76361e-06
0,0.0040848674,5.4207662e-06
1,4.1466,0.0064144605
1,0.07259188,0.000111410525
0,0.017774342,2.6600264e-05
1,0.068930574,0.00010574598
0,0.0032465132,4.123717e-06
1,0.082361884,0.00012652607
1,0.08536869,0.000131178
1,0.036282513,5.5234952e-05
1,0.08134844,0.00012495813
1,0.094873115,0.00014588266
1,0.012044122,1.7734828e-05
0,0.029372755,4.4544606e-05
0,0.010452512,1.5272388e-05
0,0.0023492193,2.7354804e-06
0,0.006555845,9.2437085e-06
1,0.043756325,6.679797e-05
1,0.82826006,0.001280533
1,0.055941947,8.56508e-05
1,0.07109495,0.00010909457
0,0.0053738463,7.414994e-06
1,0.042214736,6.441292e-05
1,0.045508992,6.950958e-05
0,0.008369017,1.2048935e-05
1,0.16590458,0.0002557781
1,0.0737296,0.00011317073
0,0.07897567,0.00012128713
1,0.043126494,6.582353e-05
1,0.07848969,0.00012053525
0,0.0034657759,4.462947e-06
0,0.012193269,1.796558e-05
1,0.047881678,7.3180454e-05
0,0.0017968225,1.8808466e-06
1,4.4928093,0.0069500944
0,0.005171328,7.1016702e-06
1,0.9047454,0.0013988664
0,0.0029153773,3.6114043e-06
0,0.016324457,2.4357092e-05
1,0.111729525,0.00017196184
0,0.0028991643,3.5863206e-06
0,0.005014895,6.859647e-06
1,0.06924045,0.00010622541
0,0.0363697,5.536984e-05
0,0.07355318,0.0001128978
1,0.058796376,9.006699e-05
0,0.022661036,3.416065e-05
1,0.13422094,0.00020675916
1,0.10087074,0.00015516182
1,0.06820475,0.00010462304
0,0.015264562,2.2717291e-05
1,2.4385512,0.003771875
1,0.07043843,0.00010807884
1,0.040620457,6.1946346e-05
0,0.0058258455,8.114299e-06
1,0.023706911,3.5778765e-05
1,2.1594744,0.0033401048
0,0.042439483,6.476063e-05
1,0.06939183,0.000106459614
1,0.032895856,4.9995328e-05
0,0.11733325,0.00018063157
0,0.05974282,9.153127e-05
0,0.008106509,1.1642799e-05
0,0.0039697886,5.2427235e-06
1,0.0142206205,2.110217e-05
1,5.298711,0.008196935
1,0.06673421,0.000102347905
0,0.002272568,2.6168902e-06
1,0.018500373,2.7723534e-05
1,0.07540228,0.00011575861
0,0.0027447548,3.347428e-06
0,0.026086107,3.945971e-05
0,0.011241747,1.6493444e-05
1,0.038513985,5.8687347e-05
1,4.493103,0.006950549
1,0.078682855,0.000120834105
0,0.0020749732,2.3111838e-06
0,0.08315169,0.000127748
1,1.395284,0.002157797
1,0.5387356,0.00083259895
1,0.15513355,0.00023911383
1,0.051733315,7.913946e-05
0,0.0078088567,1.1182289e-05
0,0.00397046,5.2437626e-06
1,0.05964051,9.137298e-05
1,0.08855939,0.00013611445
0,0.031827964,4.834315e-05
0,0.0018615056,1.9809202e-06
1,0.09314573,0.00014321016
1,0.05763814,8.827504e-05
0,0.008832705,1.2766325e-05
1,0.03518512,5.3537136e-05
0,0.004471,6.0181665e-06
1,0.05054217,7.72966e-05
1,0.059961498,9.1869595e-05
0,0.004787814,6.5083213e-06
1,0.08251162,0.00012675773
0,0.0034050725,4.3690306e-06
1,0.05713994,8.750426e-05
1,0.07165153,0.00010995568
1,0.21007738,0.0003241195
0,0.00425368,5.6819426e-06
1,0.08277123,0.00012715938
0,0.0039925403,5.2779237e-06
1,0.023746734,3.5840378e-05
1,0.036333036,5.5313118e-05
1,0.014150027,2.0992953e-05
1,0.09104627,0.00013996201
0,0.03986288,6.077427e-05
1,0.04520075,6.903269e-05
1,0.15487842,0.00023871912
1,0.09160903,0.00014083268
1,0.5625503,0.0008694435
0,0.005324515,7.338672e-06
1,0.018356021,2.7500202e-05
1,5.49687,0.008503514
0,0.0032274893,4.094285e-06
0,0.0051008016,6.9925563e-06
1,0.06908755,0.000105988845
0,0.007899771,1.1322947e-05
1,0.08462137,0.0001300218
0,0.019462176,2.9211575e-05
1,0.018659344,2.7969485e-05
1,0.0672808,0.00010319355
1,0.01724436,2.578031e-05
0,0.0053029577,7.3053197e-06
1,0.02577544,3.8979062e-05
0,0.0026863792,3.2571133e-06
1,0.08372516,0.00012863525
1,0.06398289,9.809124e-05
1,3.273217,0.0050632176
1,0.056192342,8.603819e-05
1,0.013742543,2.0362519e-05
0,0.0072364663,1.0296723e-05
1,0.112712026,0.00017348191
1,2.2552536,0.0034882883
0,0.009819804,1.4293502e-05
1,0.07412565,0.00011378348
1,3.4495287,0.005335996
1,0.11332846,0.00017443561
1,0.107387856,0.00016524468
0,0.16810672,0.00025918512
1,2.807911,0.0043433253
1,5.185056,0.008021096
1,0.079014294,0.000121346886
0,0.0065130335,9.177473e-06
0,0.019069755,2.8604447e-05
0,0.011086654,1.6253493e-05
1,2.5278618,0.0039100507
0,0.0028112556,3.4503144e-06
0,0.0045098905,6.0783354e-06
1,0.113294266,0.00017438272
0,0.016991222,2.538867e-05
0,0.036772247,5.5992637e-05
1,0.051641505,7.899742e-05
1,0.039080817,5.9564314e-05
1,0.5043087,0.0007793358
1,0.0425771,6.4973545e-05
1,0.03354251,5.099579e-05
0,0.0033743794,4.321544e-06
0,0.0073497896,1.047205e-05
1,0.07315669,0.00011228437
0,0.0022870582,2.6393086e-06
1,0.08634651,0.00013269082
0,0.008636824,1.246327e-05
0,0.0016365446,1.6328746e-06
1,0.052069556,7.965968e-05
1,0.091453634,0.00014059225
1,0.046775766,7.1469454e-05
0,0.0034440258,4.429296e-06
0,0.023200188,3.4994795e-05
0,0.0023436472,2.7268595e-06
0,0.010053902,1.4655684e-05
1,0.030605018,4.6451085e-05
1,0.01994503,2.9958615e-05
1,0.051064905,7.8105346e-05
1,0.058380567,8.942368e-05
1,0.08841157,0.00013588576
1,0.10267893,0.00015795934
1,0.016754068,2.5021762e-05
0,0.006119032,8.5678985e-06
1,0.5622047,0.0008689089
0,0.011438718,1.6798185e-05
1,0.01583126,2.3594052e-05
1,0.072711855,0.00011159615
1,0.08007878,0.00012299379
1,0.09430805,0.00014500842
1,0.0854544,0.0001313106
1,2.430354,0.003759193
1,0.2722072,0.0004202429
0,0.008729828,1.2607159e-05
1,0.10782772,0.00016592522
0,0.004666607,6.320797e-06
1,0.064015396,9.814153e-05
0,0.005263817,7.2447633e-06
0,0.04192803,6.3969346e-05
1,3.202319,0.0049535288
0,0.0022547161,2.589271e-06
1,0.07256255,0.00011136515
1,0.014204555,2.1077316e-05
1,0.012921629,1.9092451e-05
1,0.037188478,5.6636603e-05
1,0.11581324,0.00017827991
0,0.0033386229,4.2662236e-06
0,0.0024906292,2.954261e-06
0,0.0017910482,1.871913e-06
0,0.0047694384,6.479892e-06
1,0.043110307,6.5798486e-05
0,0.040686343,6.204828e-05
1,0.07348538,0.0001127929
1,1.3902961,0.0021500802
1,4.908465,0.0075931707
0,0.004177774,5.5645055e-06
0,0.015938254,2.3759585e-05
1,0.039824456,6.0714825e-05
0,0.0016407275,1.6393462e-06
0,0.008332991,1.1993197e-05
0,0.0061623747,8.6349555e-06
1,0.88145053,0.001362826
1,5.1185746,0.00791824
0,0.048872754,7.471378e-05
1,0.16189428,0.0002495736
1,0.042728666,6.5208034e-05
1,0.09030059,0.00013880833
0,0.0009852977,6.253062e-07
0,0.009411498,1.3661796e-05
0,0.009984384,1.4548131e-05
1,0.119539514,0.00018404497
1,2.0909228,0.003234046
1,0.08773175,0.00013483399
0,0.011727002,1.72442e-05
0,0.017972624,2.6907033e-05
1,0.03903832,5.949856e-05
0,0.013427557,1.9875193e-05
1,0.016869256,2.5199972e-05
0,0.0021851235,2.4816015e-06
0,0.0072696256,1.0348025e-05
0,0.013734021,2.0349335e-05
1,0.07248019,0.00011123772
1,0.01567608,2.3353965e-05
0,0.0043423316,5.819099e-06
1,0.07156468,0.00010982131
1,0.024027662,3.627501e-05
0,0.005388788,7.4381105e-06
1,0.039053872,5.9522627e-05
1,0.43008012,0.000664494
1,0.09318432,0.00014326986
1,0.020388398,3.064457e-05
1,0.0142995445,2.1224276e-05
1,0.01619394,2.4155166e-05
0,0.0024457334,2.884801e-06
0,0.0071528167,1.0167306e-05
1,0.076507196,0.00011746806
0,0.0038556666,5.066161e-06
1,1.8080876,0.0027964609
1,0.10378365,0.00015966849
0,0.021975838,3.3100558e-05
0,0.003497065,4.511355e-06
0,0.004974222,6.79672e-06
0,0.004240747,5.6619338e-06
1,2.3928845,0.0037012224
1,0.066837266,0.00010250735
0,0.008005196,1.1486054e-05
1,1.3753619,0.0021269748
0,0.0057228357,7.954928e-06
1,1.2261703,0.0018961548
0,0.00770775,1.1025863e-05
1,0.07737797,0.00011881526
0,0.007589429,1.0842805e-05
0,0.018868556,2.8293165e-05
0,0.009361539,1.3584503e-05
0,0.0018677104,1.9905199e-06
0,0.0037107985,4.84203e-06
1,0.11406296,0.00017557199
1,0.04036019,6.154368e-05
1,1.217113,0.001882142
0,0.0067809448,9.591969e-06
0,0.1554732,0.00023963932
0,0.0061502475,8.616194e-06
1,0.11305817,0.00017401745
0,0.00947482,1.3759765e-05
1,0.14458303,0.00022279074
1,0.07896428,0.000121269506
1,0.6749442,0.0010433324
0,0.0019704958,2.149543e-06
1,0.24090487,0.00037181386
1,0.06826008,0.00010470864
1,0.05169478,7.907985e-05
1,2.0370631,0.0031507178
0,0.0026786935,3.2452224e-06
1,0.14454213,0.00022272745
0,0.00788757,1.13040705e-05
0,0.09011692,0.00013852418
0,0.008212405,1.1806635e-05
1,4.4567976,0.0068943794
0,0.0068045184,9.62844e-06
1,0.06611309,0.000101386955
1,0.06852843,0.00010512381
1,0.17096275,0.00026360378
0,0.018091723,2.7091297e-05
1,1.4472593,0.00223821
1,0.014947212,2.2226308e-05
1,2.3038278,0.0035634392
1,2.3960476,0.003706116
1,0.08119487,0.00012472054
0,0.014211876,2.1088641e-05
0,0.0039032728,5.139815e-06
1,0.059133247,9.0588175e-05
1,0.0728986,0.00011188506
0,0.0038766102,5.0985636e-06
1,0.076668,0.000117716845
0,0.00683605,9.677225e-06
0,0.0037619742,4.9212063e-06
0,0.018321026,2.744606e-05
0,0.03141453,4.7703514e-05
0,0.0076068095,1.0869695e-05
1,0.038007647,5.790397e-05
0,0.0021147178,2.3726743e-06
0,0.0065761106,9.275062e-06
0,0.010508157,1.5358479e-05
1,5.242906,0.008110597
0,0.03244734,4.9301416e-05
1,0.06092932,9.336695e-05
1,1.2201487,0.0018868386
0,0.0013453953,1.1824267e-06
0,0.0024207842,2.8462011e-06
0,0.014332325,2.1274993e-05
1,0.15766662,0.00024303285
1,2.0370564,0.0031507073
1,0.015723264,2.3426966e-05
1,0.08354512,0.0001283567
1,0.11475619,0.0001766445
1,1.40923,0.0021793733
1,0.09078117,0.00013955185
0,0.0017004979,1.7318192e-06
0,0.005543229,7.677052e-06
0,0.002635084,3.1777522e-06
1,0.016133228,2.4061237e-05
0,0.002091921,2.3374043e-06
0,0.0077188774,1.1043079e-05
1,0.014286492,2.1204083e-05
0,0.0057172035,7.946214e-06
1,2.526938,0.0039086216
0,0.006593897,9.30258e-06
0,0.0018193538,1.9157055e-06
1,0.06503917,9.9725454e-05
0,0.0031989713,4.0501636e-06
1,2.808041,0.0043435264
0,0.0062778364,8.813591e-06
0,0.009578543,1.3920238e-05
1,0.015900103,2.370056e-05
1,0.093195446,0.00014328708
1,0.077850886,0.00011954693
1,0.015434485,2.2980186e-05
0,0.0022466157,2.5767386e-06
1,0.8752891,0.0013532934
1,2.3048291,0.0035649885
1,0.074807584,0.00011483853
0,0.014690428,2.1829028e-05
1,0.0114195915,1.6768594e-05
1,0.064743005,9.9267236e-05
1,5.391802,0.008340959
1,0.057556294,8.8148416e-05
0,0.0050618867,6.9323496e-06
1,0.085222356,0.00013095161
0,0.0023058904,2.6684447e-06
1,0.06740978,0.00010339311
0,0.0024808713,2.939164e-06
1,4.0832357,0.0063164276
1,0.07808227,0.000119904915
1,0.022344554,3.367101e-05
0,0.0068919654,9.763733e-06
1,0.0581399,8.905134e-05
0,0.0019749827,2.156485e-06
0,0.008823394,1.2751919e-05
1,0.011787585,1.733793e-05
0,0.034254577,5.2097457e-05
0,0.005372331,7.4126497e-06
1,5.1214514,0.00792269
1,0.017294703,2.5858197e-05
1,0.068142526,0.00010452676
0,0.003899545,5.134047e-06
1,5.2720795,0.008155732
1,0.06928331,0.00010629171
0,0.02445977,3.694354e-05
1,2.038286,0.0031526096
1,0.06355735,9.7432865e-05
0,0.007157231,1.0174135e-05
0,0.0033182558,4.234713e-06
1,1.3005579,0.0020112426
1,0.015970593,2.3809618e-05
1,0.078277275,0.00012020661
1,0.067674674,0.00010380294
1,0.025972383,3.928376e-05
1,0.07349831,0.0001128129
0,0.009541016,1.3862179e-05
1,0.037626594,5.731443e-05
0,0.0027445573,3.3471224e-06
0,0.011805228,1.7365226e-05
0,0.0023312767,2.7077206e-06
1,0.07700233,0.0001182341
1,0.059023947,9.0419075e-05
0,0.0025105248,2.985042e-06
1,4.4923406,0.006949369
0,0.0058662132,8.176753e-06
0,0.004799514,6.526423e-06
0,0.0036537168,4.753717e-06
1,1.7105703,0.0026455882
1,0.04474085,6.832116e-05
0,0.0036461898,4.7420717e-06
1,0.017503683,2.6181517e-05
0,0.037228413,5.669839e-05
1,0.014191187,2.1056632e-05
1,3.373536,0.0052184253
1,0.31282246,0.00048308028
0,0.0029269394,3.629293e-06
0,0.0059570763,8.317331e-06
1,0.07798572,0.00011975554
1,0.07877139,0.00012097108
1,2.3267283,0.0035988695
0,0.008316205,1.1967227e-05
1,0.074566044,0.000114464834
0,0.007750778,1.1092434e-05
1,0.01601847,2.3883691e-05
1,2.3836086,0.0036868711
0,0.0070640156,1.00299185e-05
1,0.0850542,0.00013069145
0,0.0066202832,9.343403e-06
0,0.0018773995,2.0055104e-06
1,0.06961936,0.000106811625
1,0.76919496,0.0011891512
1,0.054977175,8.4158164e-05
1,0.020251777,3.0433197e-05
1,0.041161537,6.2783474e-05
0,0.005113416,7.0120723e-06
1,0.88304687,0.0013652957
1,0.054795668,8.387735e-05
0,0.0143135125,2.1245887e-05
0,0.003198107,4.0488267e-06
1,0.07875613,0.00012094747
0,0.0018445188,1.9546394e-06
0,0.025400545,3.839905e-05
0,0.004622776,6.252985e-06
1,0.0838861,0.00012888425
1,0.101198845,0.00015566943
0,0.007288934,1.0377898e-05
0,0.0016155293,1.6003611e-06
0,0.0122899795,1.8115203e-05
0,0.03201884,4.8638463e-05
0,0.0019435118,2.1077951e-06
1,1.8215958,0.00281736
0,0.04269636,6.5158056e-05
0,0.0054002474,7.45584e-06
1,3.8139303,0.0058997753
1,0.10205292,0.0001569908
1,0.07660637,0.000117621494
1,0.062629394,9.59972e-05
1,0.023360584,3.524295e-05
1,0.013896223,2.0600282e-05
0,0.02158072,3.2489253e-05
0,0.0061370684,8.595804e-06
1,0.014689579,2.1827713e-05
1,1.0645944,0.0016461747
0,0.006826673,9.662716e-06
0,0.0026307765,3.1710883e-06
1,1.1996913,0.0018551883
1,0.04376842,6.681668e-05
1,0.2557993,0.0003948576
1,2.8298182,0.004377219
0,0.008237941,1.1846142e-05
0,0.006034725,8.437464e-06
1,0.016399954,2.4473897e-05
0,0.0036238052,4.70744e-06
0,0.023886802,3.605708e-05
1,0.04217108,6.4345375e-05
0,0.0073772673,1.0514562e-05
1,0.08832329,0.00013574917
1,2.876985,0.004450192
1,4.9081197,0.0075926366
1,0.03379505,5.1386505e-05
0,0.0042144815,5.621297e-06
1,4.834764,0.007479145
1,0.045159083,6.896823e-05
0,0.0063838377,8.9775895e-06
1,0.07903998,0.00012138663
0,0.015117481,2.2489738e-05
1,0.011932634,1.756234e-05
0,0.00808985,1.1617025e-05
1,0.08667321,0.00013319627
1,0.057575084,8.817748e-05
0,0.006849367,9.697827e-06
0,0.013023527,1.9250103e-05
0,0.0020739278,2.3095665e-06
0,0.034852706,5.3022843e-05
0,0.0056190738,7.794394e-06
0,0.0036063122,4.680376e-06
1,3.4191117,0.0052889367
1,3.0607033,0.0047344295
1,0.14799064,0.00022806278
1,2.6033583,0.004026854
1,5.7852826,0.008949728
1,0.08430214,0.0001295279
0,0.012051105,1.7745631e-05
0,0.0062947627,8.839778e-06
1,3.5892596,0.005552179
1,0.074506834,0.00011437322
1,1.0728593,0.0016589616
0,0.0028631028,3.530529e-06
0,0.0048212935,6.560119e-06
0,0.0069315345,9.824952e-06
0,0.007940717,1.1386296e-05
0,0.014003711,2.0766582e-05
0,0.008628849,1.24509315e-05
1,0.076189674,0.00011697681
1,0.080893055,0.00012425358
1,0.0687876,0.00010552478
1,3.1174335,0.0048221992
1,1.4156224,0.0021892632
1,0.09660591,0.00014856353
0,0.0030137422,3.7635884e-06
1,4.4989643,0.0069596167
1,0.04830376,7.383347e-05
1,0.080870986,0.00012421944
0,0.002156696,2.4376204e-06
1,0.093893714,0.0001443674
1,0.06656401,0.00010208458
1,2.3554015,0.003643231
1,0.050362173,7.701812e-05
0,0.010585893,1.5478747e-05
0,0.002096376,2.344297e-06
1,0.15233894,0.00023479019
0,0.010819262,1.5839802e-05
1,0.07838816,0.00012037817
1,0.07213903,0.00011070991
1,0.07784272,0.0001195343
1,2.1685278,0.0033541117
0,0.031059315,4.7153946e-05
0,0.0076625785,1.0955977e-05
0,0.011421129,1.6770973e-05
1,0.02782618,4.215184e-05
1,0.070365824,0.000107966516
0,0.002168215,2.455442e-06
1,5.880746,0.0090974225
1,2.3067272,0.0035679252
1,0.05633088,8.625253e-05
1,0.06735515,0.00010330859
1,0.07207997,0.00011061854
0,0.0018721002,1.9973115e-06
1,0.04233292,6.459576e-05
1,5.0868883,0.007869216
1,0.090946965,0.00013980837
1,0.018313695,2.7434717e-05
0,0.01131447,1.6605956e-05
1,0.08409576,0.00012920861
0,0.0043601375,5.846647e-06
1,2.3834631,0.0036866462
0,0.004757849,6.4619617e-06
1,0.03717943,5.6622604e-05
1,0.0591865,9.067057e-05
1,2.2402604,0.0034650918
0,0.007287826,1.0376183e-05
0,0.012853706,1.8987366e-05
0,0.07147535,0.000109683104
1,0.8219365,0.0012707496
1,5.1533375,0.0079720225
1,0.013716954,2.0322928e-05
1,0.050666273,7.748861e-05
1,0.048774425,7.4561656e-05
1,0.90697247,0.001402312
1,0.016110897,2.4026687e-05
1,0.07927721,0.000121753656
0,0.0020128319,2.2150427e-06
1,0.018714061,2.8054139e-05
0,0.029775709,4.5168028e-05
1,5.068093,0.007840137
0,0.019083455,2.8625642e-05
1,0.07168819,0.0001100124
0,0.0017855824,1.8634566e-06
1,1.2430713,0.0019223031
0,0.0026616855,3.2189082e-06
1,0.081834055,0.00012570944
0,0.026795354,4.055701e-05
0,0.006758792,9.557695e-06
1,0.19449928,0.00030001803
1,0.03770629,5.743773e-05
1,0.10286948,0.00015825414
0,0.004786518,6.5063164e-06
0,0.0059550875,8.314254e-06
1,0.074566066,0.00011446486
1,0.044863682,6.85112e-05
1,0.043756105,6.679763e-05
1,0.07677853,0.00011788785
0,0.027376175,4.145562e-05
1,1.1390206,0.0017613223
0,0.00251961,2.9990983e-06
1,0.07144048,0.00010962915
1,0.02026661,3.0456145e-05
1,1.2466584,0.0019278529
1,0.16161041,0.00024913443
1,0.44764984,0.00069167675
1,0.28983036,0.00044750833
0,0.07087315,0.00010875142
0,0.071475424,0.00010968322
1,2.0462832,0.0031649824
0,0.0036946482,4.817044e-06
0,0.0030768018,3.8611506e-06
0,0.0061851237,8.670151e-06
0,0.0033471794,4.279462e-06
1,0.030792542,4.674121e-05
0,0.0064259223,9.0427e-06
0,0.0025216204,3.0022086e-06
0,0.002658794,3.214435e-06
1,0.020152284,3.0279267e-05
0,0.005828428,8.118294e-06
1,0.37798852,0.0005839011
1,0.2901121,0.00044794424
1,0.7587998,0.0011730684
0,0.005779228,8.042175e-06
1,0.04271983,6.519436e-05
1,0.07492692,0.000115023155
0,0.0016899767,1.7155414e-06
1,0.08951981,0.00013760036
0,0.007007341,9.942235e-06
0,0.026465513,4.00467e-05
1,0.012650432,1.8672874e-05
0,0.004526362,6.103819e-06
1,0.018421523,2.7601543e-05
0,0.009188161,1.3316264e-05
0,0.0069815335,9.902307e-06
0,0.0052179582,7.1738136e-06
0,0.008023503,1.1514378e-05
1,0.03565285,5.4260778e-05
1,0.06394874,9.803841e-05
1,0.07452454,0.00011440062
1,5.2932315,0.008188457
0,0.0038571227,5.068414e-06
1,2.103921,0.0032541559
1,0.059879128,9.174216e-05
1,0.07432586,0.00011409323
0,0.011319144,1.6613187e-05
1,0.11971692,0.00018431945
0,0.015317339,2.2798946e-05
0,0.0047375797,6.430602e-06
0,0.0039148936,5.1577936e-06
0,0.0032047099,4.0590417e-06
1,0.04717732,7.209071e-05
1,0.10444353,0.00016068941
0,0.007845332,1.12387215e-05
0,0.005025331,6.8757927e-06
1,0.104140714,0.00016022091
1,0.02295983,3.4622928e-05
1,1.746624,0.0027013682
0,0.02698768,4.0854564e-05
0,0.0025058624,2.9778287e-06
1,0.31140447,0.00048088646
0,0.0020026339,2.199265e-06
1,0.016427863,2.4517078e-05
0,0.0037206952,4.857342e-06
1,0.03794804,5.781175e-05
1,0.08879272,0.00013647546
1,0.050828137,7.773903e-05
1,0.05895588,9.031377e-05
1,0.04131488,6.3020714e-05
0,0.0053417613,7.365354e-06
1,0.07269534,0.00011157059
0,0.121710956,0.0001874045
1,0.08601122,0.00013217209
1,1.1382098,0.0017600679
0,0.00455141,6.142572e-06
1,0.019759415,2.9671444e-05
0,0.0056600715,7.857823e-06
0,0.0065569384,9.2454e-06
1,0.07528687,0.00011558005
1,0.06860359,0.0001052401
1,0.04174306,6.368317e-05
0,0.0030173194,3.7691227e-06
1,0.017623503,2.6366895e-05
1,0.075381234,0.00011572604
1,0.030580766,4.6413563e-05
0,0.0024161667,2.8390573e-06
0,0.039741892,6.058709e-05
1,0.07319401,0.00011234211
1,0.113390476,0.00017453157
1,0.15891999,0.00024497198
0,0.0050463923,6.9083776e-06
1,0.13390474,0.00020626995
1,0.052816585,8.081544e-05
1,0.075400434,0.00011575575
1,0.115369715,0.00017759371
1,0.033539113,5.0990533e-05
0,0.011341383,1.6647593e-05
0,0.0443051,6.7647e-05
0,0.018230835,2.7306522e-05
0,0.0026723351,3.2353848e-06
0,0.009827112,1.4304808e-05
1,0.5369391,0.0008298195
0,0.0019156871,2.0647465e-06
0,0.005944443,8.297785e-06
1,0.078787625,0.0001209962
1,0.26994497,0.0004167429
1,0.0733202,0.000112537346
0,0.026825868,4.060422e-05
0,0.008341717,1.2006697e-05
1,0.015644379,2.330492e-05
1,0.05530221,8.4661035e-05
0,0.0016731513,1.6895102e-06
1,0.10022943,0.00015416961
1,0.015641276,2.330012e-05
1,0.01874127,2.8096236e-05
1,1.4831976,0.0022938114
1,0.08495893,0.00013054405
1,1.7128894,0.0026491764
1,0.07295316,0.00011196947
1,0.3952258,0.00061056955
0,0.002023733,2.2319084e-06
0,0.008324744,1.1980438e-05
1,5.083793,0.007864428
1,4.907728,0.007592031
0,0.0027025081,3.2820665e-06
1,0.08433676,0.00012958147
1,0.3208735,0.00049553637
0,0.0032294448,4.09731e-06
1,1.0718727,0.0016574353
1,0.0229038,3.4536242e-05
0,0.0026661332,3.22579e-06
1,0.07940605,0.00012195299
1,0.13395563,0.00020634868
0,0.012470186,1.8394006e-05
1,2.4382439,0.0037713994
1,5.9216833,0.009160759
0,0.002689021,3.2612004e-06
1,0.08663132,0.00013313147
1,0.08098181,0.0001243909
0,0.0021385504,2.4095466e-06
1,0.034104485,5.1865245e-05
1,0.063049644,9.664738e-05
1,0.072152704,0.00011073106
0,0.001644244,1.6447866e-06
1,5.1195803,0.007919795
1,4.9750023,0.007696113
1,0.08268179,0.000127021
1,0.080471545,0.00012360145
0,0.014775845,2.196118e-05
0,0.010791147,1.5796304e-05
0,0.0073100743,1.0410605e-05
0,0.016820285,2.5124207e-05
1,0.03114708,4.7289726e-05
1,0.08671199,0.00013325628
1,0.07568566,0.00011619703
1,0.28071317,0.0004334028
0,0.002545203,3.038694e-06
1,0.0663665,0.00010177901
0,0.007993879,1.14685445e-05
1,0.027671456,4.1912463e-05
0,0.0025533554,3.0513067e-06
1,0.043351647,6.617187e-05
1,0.07240828,0.00011112647
0,0.008291506,1.1929015e-05
1,0.083383664,0.0001281069
1,2.1160579,0.0032729334
1,0.117819175,0.00018138337
1,4.3169794,0.006678061
1,0.92147946,0.0014247563
1,0.16297227,0.0002512414
1,0.07450816,0.000114375274
0,0.025499126,3.8551567e-05
1,3.0827174,0.0047684885
0,0.004654234,6.3016546e-06
1,1.5367215,0.0023766202
1,0.090779215,0.00013954884
0,0.0056213373,7.797897e-06
0,0.016420772,2.4506106e-05
1,0.11303693,0.00017398458
1,0.08957364,0.00013768364
0,0.0018688292,1.9922509e-06
1,0.054140296,8.28634e-05
0,0.011488322,1.6874928e-05
1,0.019360801,2.9054734e-05
0,0.06111497,9.365418e-05
1,0.053297166,8.155896e-05
1,0.0810826,0.00012454683
0,0.030841915,4.6817597e-05
0,0.006069841,8.491793e-06
1,1.5650241,0.0024204084
0,0.006910075,9.791751e-06
0,0.012574715,1.8555727e-05
0,0.006797386,9.617405e-06
0,0.003916127,5.159702e-06
1,3.3887272,0.0052419277
0,0.0124786245,1.8407063e-05
0,0.007338261,1.0454214e-05
1,0.08035657,0.00012342357
1,0.071446754,0.00010963886
0,0.009497907,1.3795483e-05
1,0.05736845,8.785779e-05
1,5.276239,0.008162168
1,3.3954911,0.0052523925
1,0.016196582,2.4159255e-05
1,1.147949,0.0017751358
0,0.0095731905,1.39119575e-05
1,0.35478657,0.0005480045
1,0.021849634,3.29053e-05
1,5.2451906,0.008114131
1,2.345406,0.0036277666
0,0.004544391,6.1317123e-06
1,0.082778834,0.00012717115
0,0.00829059,1.1927597e-05
0,0.0053013796,7.3028777e-06
1,0.01369644,2.029119e-05
1,1.7953569,0.0027767648
1,4.8890853,0.0075631877
1,1.3882955,0.002146985
0,0.020094376,3.0189676e-05
1,0.08809371,0.00013539399
1,0.42451036,0.0006558768
1,0.01595871,2.3791234e-05
1,0.090218,0.00013868055
0,0.0033336738,4.2585666e-06
1,0.072728895,0.00011162251
0,0.002325177,2.6982837e-06
0,0.0023009612,2.6608184e-06
0,0.0023973333,2.8099194e-06
0,0.028152049,4.2656004e-05
0,0.017182397,2.5684443e-05
0,0.007988934,1.1460895e-05
0,0.001484345,1.3974009e-06
0,0.005956719,8.316778e-06
1,0.076030836,0.00011673106
0,0.019868888,2.9840816e-05
0,0.010000033,1.4572342e-05
1,0.08212077,0.00012615303
1,0.07924305,0.0001217008
0,0.007466467,1.0652566e-05
0,0.006004835,8.39122e-06
1,2.821318,0.0043640677
0,0.01892021,2.8373079e-05
1,0.01609634,2.4004166e-05
0,0.0013128368,1.1320542e-06
1,0.017084142,2.553243e-05
0,0.0033292463,4.2517167e-06
0,0.009336681,1.3546045e-05
1,0.09011212,0.00013851674
0,0.010046141,1.4643677e-05
0,0.0056554303,7.850643e-06
1,0.040159,6.123241e-05
0,0.01639609,2.446792e-05
0,0.0047729462,6.485319e-06
0,0.0036530823,4.752736e-06
0,0.0012439111,1.0254166e-06
0,0.011583416,1.7022052e-05
1,0.07082801,0.00010868158
1,0.07209333,0.0001106392
0,0.010880161,1.593402e-05
0,0.011265715,1.6530525e-05
1,0.7610932,0.0011766166
0,0.008787332,1.2696127e-05
1,0.0942531,0.00014492341
0,0.0012839339,1.0873374e-06
0,0.002369418,2.7667306e-06
1,0.016806286,2.5102549e-05
0,0.007232818,1.0291078e-05
1,0.052185297,7.983875e-05
0,0.003480377,4.485537e-06
0,0.024575556,3.7122678e-05
0,0.0028688626,3.53944e-06
0,0.010090244,1.471191e-05
0,0.012794338,1.8895516e-05
1,0.934964,0.0014456187
0,0.0052057337,7.1549007e-06
0,0.016217032,2.4190893e-05
1,0.06881272,0.000105563646
1,3.8544934,0.005962532
1,0.012967438,1.9163326e-05
1,0.074145064,0.00011381352
1,2.068105,0.0031987438
1,0.085603535,0.00013154135
1,0.0680813,0.00010443204
1,0.3334012,0.0005149184
1,2.3820305,0.0036844297
1,0.07505724,0.00011522478
0,0.018195288,2.7251526e-05
0,0.004528938,6.1078044e-06
0,0.116662666,0.00017959409
1,0.051589683,7.891725e-05
1,0.0656949,0.00010073995
0,0.0037860535,4.95846e-06
0,0.046187483,7.0559305e-05
1,0.082722396,0.00012708383
0,0.0017238401,1.7679329e-06
1,3.0126054,0.004660016
1,5.083811,0.007864455
1,0.11999579,0.00018475088
0,0.00093071,5.408515e-07
0,0.0022286878,2.5490015e-06
0,0.0032836872,4.181231e-06
1,0.048280705,7.3797804e-05
1,0.07987231,0.00012267435
0,0.004616515,6.243298e-06
1,0.05196202,7.949331e-05
1,0.13330221,0.00020533775
0,0.004021887,5.3233275e-06
1,5.22563,0.008083869
0,0.025609113,3.8721733e-05
1,0.042163957,6.433435e-05
0,0.011142099,1.6339274e-05
1,0.9935627,0.001536279
1,0.07942108,0.00012197624
0,0.0030961467,3.89108e-06
1,0.07888481,0.00012114656
1,0.08212152,0.00012615419
0,0.0068573845,9.710231e-06
1,3.2744374,0.005065106
1,0.013983787,2.0735757e-05
0,0.010892141,1.5952555e-05
1,0.08698293,0.00013367546
0,0.0014913278,1.4082043e-06
1,0.05413048,8.284821e-05
1,0.09339665,0.00014359837
0,0.007905366,1.1331603e-05
0,0.015636737,2.3293096e-05
0,0.004913299,6.702464e-06
1,0.062077157,9.5142816e-05
0,0.060075253,9.204559e-05
1,0.012919728,1.908951e-05
0,0.011105118,1.628206e-05
0,0.009954495,1.45018885e-05
0,0.013316191,1.9702893e-05
0,0.0076292637,1.0904435e-05
1,0.1537842,0.00023702621
1,0.05739339,8.7896384e-05
0,0.004508874,6.076763e-06
0,0.003537593,4.5740576e-06
1,2.2199728,0.0034337041
0,0.045049317,6.879841e-05
1,0.15351032,0.00023660247
0,0.0017796127,1.8542207e-06
1,0.08707627,0.00013381986
1,4.145988,0.006413514
1,0.06939629,0.000106466505
1,0.04367278,6.666871e-05
1,0.057588905,8.819887e-05
1,0.06999238,0.00010738874
1,0.09752527,0.0001499859
0,0.007844013,1.12366815e-05
1,0.085678786,0.00013165777
0,0.03494428,5.3164524e-05
1,0.014613315,2.1709724e-05
0,0.021683522,3.2648302e-05
0,0.0038007353,4.981175e-06
1,0.038921397,5.931767e-05
1,0.07839617,0.00012039056
1,2.1039164,0.0032541489
1,3.0194857,0.0046706605
0,0.04021736,6.13227e-05
0,0.007678729,1.0980964e-05
1,0.0904497,0.00013903902
1,0.045056954,6.8810215e-05
1,0.07639528,0.00011729491
0,0.008709947,1.2576401e-05
1,0.08196145,0.00012590655
1,0.06736741,0.000103327555
1,0.03164578,4.8061283e-05
1,0.05511339,8.4368905e-05
0,0.0094255665,1.3683562e-05
1,2.3795457,0.0036805854
0,0.01953482,2.9323966e-05
0,0.011239941,1.649065e-05
0,0.007141729,1.0150151e-05
1,0.10181754,0.00015662664
1,0.13614123,0.0002097301
1,0.15577605,0.00024010788
1,0.07166461,0.00010997591
1,5.271609,0.008155004
1,0.05369511,8.217463e-05
0,0.0058959443,8.222752e-06
0,0.03230149,4.907576e-05
0,0.005570765,7.719655e-06
1,0.09620681,0.00014794606
1,0.012190364,1.7961085e-05
0,0.009888252,1.4399401e-05
0,0.008228192,1.1831059e-05
0,0.040162798,6.123829e-05
0,0.0018724225,1.9978102e-06
1,0.1024243,0.00015756539
0,0.00439222,5.8962833e-06
1,0.07086841,0.00010874408
1,3.851525,0.0059579397
1,0.0366449,5.5795612e-05
0,0.0058425553,8.140151e-06
1,5.2412643,0.008108057
0,0.0021074188,2.3613818e-06
0,0.003671128,4.780655e-06
0,0.001984387,2.1710346e-06
0,0.005240959,7.209399e-06
0,0.0048510386,6.6061384e-06
0,0.0057389718,7.979893e-06
0,0.03637808,5.5382803e-05
1,0.05388688,8.247133e-05
1,0.08353966,0.00012834824
0,0.0067831166,9.595329e-06
0,0.0033064396,4.2164315e-06
1,0.030413333,4.615452e-05
1,3.7402735,0.005785818
1,0.03409923,5.185711e-05
0,0.0038434437,5.0472513e-06
0,0.007157353,1.0174324e-05
0,0.0065629287,9.254668e-06
0,0.11106804,0.00017093844
0,0.0032502871,4.129556e-06
0,0.00413743,5.502088e-06
1,0.09171621,0.0001409985
0,0.0013287415,1.156661e-06
1,0.85139596,0.0013163275
0,0.0020486042,2.2703875e-06
0,0.0039366833,5.1915054e-06
0,0.006765481,9.568044e-06
1,0.08627253,0.00013257637
1,0.06310598,9.673453e-05
1,0.073241316,0.00011241529
0,0.007479173,1.0672224e-05
1,3.0439522,0.0047085136
0,0.0054844967,7.5861853e-06
0,0.003515057,4.5391917e-06
1,0.077195756,0.00011853336
1,0.21364933,0.0003296458
0,0.03700693,5.6355722e-05
0,0.02936643,4.453482e-05
0,0.010492363,1.5334044e-05
0,0.004672781,6.3303496e-06
0,0.0241564,3.6474183e-05
1,2.0403183,0.003155754
1,0.07191676,0.000110366025
0,0.0048647216,6.627308e-06
1,0.1479723,0.0002280344
0,0.0052131265,7.1663385e-06
1,4.8420463,0.007490412
0,0.011702348,1.7206055e-05
0,0.012313696,1.8151895e-05
0,0.015268318,2.2723103e-05
1,0.452378,0.0006989919
0,0.001509115,1.4357236e-06
1,0.0730116,0.00011205989
1,0.0770603,0.000118323784
1,0.08910667,0.00013696119
0,0.0038776514,5.100175e-06
1,0.9087843,0.0014051151
1,0.07820856,0.0001201003
1,0.02253107,3.3959575e-05
1,0.07879693,0.00012101059
0,0.0017076285,1.7428512e-06
1,0.082056604,0.00012605375
1,0.13870133,0.00021369095
0,0.007147279,1.0158738e-05
0,0.0025799868,3.0925096e-06
1,0.033932507,5.159917e-05
1,2.0382376,0.0031525348
0,0.0018434195,1.9529386e-06
1,0.07279182,0.00011171986
1,0.020062836,3.014088e-05
1,0.02107838,3.1712065e-05
1,0.6186878,0.000956296
1,0.7166759,0.001107897
1,5.005165,0.0077427793
0,0.009902151,1.4420905e-05
1,0.06327196,9.699133e-05
1,0.01879231,2.8175202e-05
1,0.36391163,0.00056212227
0,0.008177283,1.1752296e-05
0,0.0036177838,4.698124e-06
0,0.0031657459,3.9987594e-06
1,2.5906258,0.004007155
0,0.0034599556,4.453942e-06
0,0.011595235,1.7040338e-05
1,0.35292798,0.00054512906
0,0.004872615,6.63952e-06
1,0.056745578,8.689413e-05
1,0.069877334,0.000107210755
1,0.06779923,0.00010399564
1,1.9245528,0.0029766485
0,0.009082557,1.315288e-05
1,7.407873,0.011460098
1,0.1252575,0.00019289149
1,0.0629393,9.6476666e-05
1,0.014433066,2.1430853e-05
1,0.1010328,0.00015541255
1,0.072143234,0.00011071641
0,0.0017453353,1.8011888e-06
1,0.032663148,4.9635295e-05
1,0.082965605,0.00012746011
1,0.1040592,0.00016009479
1,0.012594564,1.8586437e-05
1,5.050381,0.007812735
0,0.0014677843,1.3717793e-06
1,0.013549074,2.0063195e-05
1,0.4718634,0.00072913844
0,0.008334841,1.199606e-05
1,0.04998532,7.643508e-05
1,0.35972387,0.00055564323
1,0.09696325,0.00014911639
1,0.09162008,0.00014084976
1,2.3448813,0.0036269547
1,2.0801094,0.0032173162
0,0.0338155,5.141814e-05
0,0.0032937308,4.196769e-06
0,0.0055665714,7.713166e-06
1,0.089726456,0.00013792007
1,0.06593697,0.00010111446
1,2.3138165,0.0035788934
0,0.006327193,8.889952e-06
0,0.012431374,1.833396e-05
1,1.8233078,0.0028200087
0,0.072982654,0.00011201511
0,0.0049010944,6.683582e-06
0,0.006218487,8.7217695e-06
0,0.0032043133,4.0584287e-06
0,0.008830495,1.27629055e-05
1,0.053615686,8.205175e-05
1,2.128414,0.00329205
1,0.11300451,0.00017393443
0,0.03902577,5.9479145e-05
1,1.3939002,0.002155656
1,2.28206,0.0035297615
1,0.07903251,0.000121375066
1,0.07371217,0.00011314377
0,0.0035894392,4.654271e-06
1,0.14302438,0.0002203793
1,0.018149942,2.718137e-05
1,0.044452336,6.787479e-05
1,0.07467718,0.00011463677
1,0.015517261,2.310825e-05
1,0.8893879,0.0013751063
0,0.0056299255,7.811183e-06
0,0.008897758,1.2866971e-05
1,0.10769364,0.00016571778
0,0.0017117219,1.7491842e-06
0,0.0016767143,1.6950227e-06
1,0.057581306,8.818711e-05
1,1.7156239,0.0026534067
1,0.39552325,0.0006110298
0,0.005388523,7.437701e-06
1,0.07755402,0.000119087636
1,0.060867485,9.327128e-05
0,0.002838592,3.492607e-06
1,0.07639406,0.00011729302
0,0.0033387153,4.266367e-06
1,2.3081942,0.0035701948
0,0.0027145194,3.3006497e-06
0,0.0059759077,8.346466e-06
0,0.0072294413,1.0285855e-05
1,0.016580917,2.4753872e-05
1,0.035166796,5.3508786e-05
0,0.009900184,1.4417862e-05
1,0.017354008,2.594995e-05
0,0.0022061078,2.5140673e-06
1,0.8508053,0.0013154136
1,0.08473274,0.00013019411
1,3.0416284,0.0047049182
1,0.07498363,0.00011511089
0,0.013963152,2.070383e-05
1,0.07068237,0.000108456254
1,0.055974763,8.570157e-05
0,0.008062459,1.1574647e-05
1,0.014505867,2.1543487e-05
1,0.07950931,0.00012211275
1,0.07175698,0.000110118825
0,0.018953746,2.8424965e-05
0,0.00201415,2.217082e-06
0,0.02403103,3.628022e-05
1,0.07102782,0.00010899072
1,0.019959217,2.9980567e-05
0,0.0060894787,8.522175e-06
1,3.0302832,0.0046873656
0,0.0014564021,1.3541695e-06
0,0.04287506,6.543453e-05
1,2.3637958,0.003656218
1,0.9824522,0.0015190896
0,0.002435937,2.8696447e-06
1,0.054738395,8.3788735e-05
1,0.09159259,0.00014080723
1,0.016781326,2.5063933e-05
0,0.02814767,4.264923e-05
0,0.0023832417,2.7881176e-06
0,0.0055074235,7.621656e-06
1,0.11563328,0.00017800149
0,0.0085953465,1.23990985e-05
0,0.0058425013,8.140068e-06
1,0.07090537,0.00010880127
1,0.06744052,0.00010344066
1,0.06507264,9.977723e-05
1,0.1600239,0.00024667988
1,0.06023145,9.228725e-05
0,0.116939545,0.00018002246
0,0.016551977,2.4709097e-05
0,0.0076492643,1.0935379e-05
1,5.2005024,0.008044993
1,1.2135695,0.0018766598
1,0.04819188,7.3660376e-05
1,1.2138538,0.0018770996
0,0.011540203,1.6955197e-05
0,0.02738886,4.1475243e-05
1,5.747204,0.008890815
0,0.0013652185,1.213096e-06
0,0.006109693,8.55345e-06
0,0.0024490776,2.889975e-06
0,0.0017366199,1.7877048e-06
0,0.0032253906,4.091038e-06
0,0.005035997,6.8922946e-06
1,0.08320621,0.00012783235
1,0.07421666,0.00011392428
1,0.08751617,0.00013450046
1,0.074040286,0.00011365141
1,0.060729362,9.3057584e-05
0,0.002464427,2.9137225e-06
0,0.07563734,0.000116122275
1,0.15675716,0.00024162579
0,0.0026776663,3.243633e-06
0,0.0073398673,1.0456699e-05
1,3.7402709,0.005785814
1,0.10799456,0.00016618334
1,0.018364713,2.751365e-05
0,0.013066815,1.9317074e-05
1,0.0838689,0.00012885763
0,0.0023137713,2.6806374e-06
1,3.3892326,0.00524271
0,0.004324378,5.791322e-06
1,0.01734559,2.5936926e-05
1,0.049757887,7.6083204e-05
0,0.0018309619,1.9336649e-06
0,0.0022373474,2.5623992e-06
1,0.05019796,7.676406e-05
1,0.02246488,3.3857174e-05
1,0.015004253,2.2314558e-05
0,0.0076524145,1.0940252e-05
0,0.0018620961,1.981834e-06
1,0.025225395,3.812807e-05
0,0.010088636,1.47094215e-05
1,0.07637661,0.00011726603
1,0.070171595,0.00010766601
1,0.014631747,2.173824e-05
0,0.01626026,2.4257773e-05
0,0.0038645368,5.079885e-06
0,0.0022093111,2.5190232e-06
1,0.055924185,8.562332e-05
1,0.057133462,8.7494234e-05
1,0.0134409685,1.9895942e-05
1,0.04788941,7.319242e-05
0,0.10625392,0.00016349033
0,0.005085379,6.9686953e-06
1,0.08482957,0.00013034392
0,0.009934872,1.4471529e-05
1,2.3157823,0.0035819346
0,0.0065666824,9.260475e-06
1,0.74327415,0.0011490482
0,0.009455439,1.3729779e-05
0,0.003109782,3.912175e-06
0,0.006457233,9.091142e-06
0,0.009807828,1.4274973e-05
1,0.054871537,8.3994724e-05
1,0.7477594,0.0011559875
1,0.051476516,7.874216e-05
0,0.036090992,5.4938642e-05
1,4.390899,0.006792425
1,0.14117892,0.00021752411
0,0.0027237036,3.314859e-06
1,0.015726013,2.343122e-05
0,0.0032801381,4.1757394e-06
1,0.08098075,0.00012438926
0,0.014873182,2.2111773e-05
0,0.0056669936,7.868533e-06
1,0.07514091,0.000115354225
1,2.522826,0.0039022595
0,0.023574352,3.5573677e-05
1,0.23403229,0.00036118104
1,0.16933683,0.00026108825
0,0.06134685,9.401293e-05
1,0.047689147,7.288258e-05
0,0.0071904515,1.0225532e-05
1,0.06361953,9.7529075e-05
1,1.2196951,0.0018861368
0,0.02789374,4.2256364e-05
0,0.0033080827,4.218974e-06
0,0.0051885135,7.128259e-06
0,0.008494612,1.22432475e-05
0,0.021496426,3.235884e-05
0,0.010997372,1.6115362e-05
0,0.055088457,8.4330335e-05
1,0.08051307,0.0001236657
0,0.0033719945,4.317854e-06
1,0.012861463,1.8999368e-05
1,2.7343469,0.0042295116
1,0.083102696,0.0001276722
0,0.0076536005,1.0942087e-05
0,0.0023704444,2.7683184e-06
1,0.028110195,4.259125e-05
1,0.065809205,0.0001009168
0,0.010903023,1.5969392e-05
0,0.0042804233,5.7233183e-06
1,0.02680443,4.0571053e-05
1,0.027882297,4.223866e-05
1,1.3999913,0.0021650798
1,0.08527378,0.00013103116
1,0.06992043,0.000107277425
0,0.013431955,1.9881996e-05
0,0.001999736,2.1947817e-06
0,0.0037583797,4.915645e-06
0,0.0020092563,2.2095107e-06
0,0.016951185,2.5326726e-05
1,0.15552038,0.00023971232
0,0.0063063456,8.857698e-06
1,0.060278248,9.235965e-05
1,0.105642885,0.00016254498
1,0.109870136,0.00016908512
1,0.0855495,0.00013145775
0,0.008490065,1.22362135e-05
1,2.3461347,0.003628894
0,0.0043422454,5.8189657e-06
1,0.08765494,0.00013471516
0,0.0041587134,5.535016e-06
1,0.038526308,5.870641e-05
0,0.002435966,2.8696893e-06
1,0.0874921,0.00013446322
0,0.0028802664,3.5570831e-06
0,0.0029765486,3.7060452e-06
1,0.08216432,0.0001262204
1,0.06692312,0.00010264017
0,0.0038162277,5.005144e-06
1,4.8794427,0.0075482694
0,0.0048929276,6.6709467e-06
1,3.7402735,0.005785818
1,0.08159332,0.000125337
1,1.5828421,0.002447975
0,0.01104389,1.6187332e-05
1,0.10480873,0.00016125443
0,0.0064407503,9.065641e-06
0,0.021841394,3.2892553e-05
1,0.09757884,0.0001500688
1,0.09240314,0.00014206128
1,3.041628,0.0047049173
1,0.7357757,0.0011374471
1,0.041612666,6.3481435e-05
0,0.002059904,2.2878696e-06
1,0.055769056,8.538331e-05
1,0.0556479,8.519587e-05
1,0.08252278,0.00012677499
0,0.0082608955,1.1881656e-05
1,1.5410329,0.0023832906
1,3.45475,0.005344074
0,0.017926343,2.683543e-05
0,0.002427473,2.8565496e-06
0,0.002185581,2.4823094e-06
1,2.360167,0.0036506038
1,0.041524243,6.3344625e-05
1,0.05569162,8.5263506e-05
0,0.0064611128,9.097144e-06
1,0.051184762,7.829078e-05
0,0.009060483,1.3118729e-05
0,0.022638634,3.412599e-05
0,0.00602173,8.417359e-06
0,0.006209456,8.707797e-06
1,0.05739207,8.789433e-05
1,2.0559988,0.0031800137
1,0.014005287,2.076902e-05
1,0.041301697,6.300032e-05
0,0.0042887125,5.7361426e-06
1,0.08059366,0.00012379038
0,0.024906205,3.7634236e-05
0,0.005789373,8.057871e-06
0,0.010673979,1.5615029e-05
0,0.026840042,4.062615e-05
1,0.01710974,2.5572035e-05
0,0.008467719,1.2201641e-05
1,0.08846196,0.00013596372
0,0.008167293,1.173684e-05
1,0.12010956,0.0001849269
0,0.003670827,4.780189e-06
1,0.16165404,0.00024920193
1,0.035367135,5.3818738e-05
0,0.0042704777,5.707931e-06
1,1.8936679,0.0029288654
1,0.07354182,0.00011288022
1,0.017387908,2.6002397e-05
1,0.05260174,8.048304e-05
1,0.17368922,0.000267822
0,0.017939974,2.685652e-05
0,0.007959169,1.1414844e-05
1,0.056884997,8.7109824e-05
1,0.14959721,0.00023054836
1,0.018825365,2.8226343e-05
0,0.0058526066,8.155702e-06
1,0.06737979,0.000103346705
0,0.060290463,9.237855e-05
1,0.46185663,0.00071365666
0,0.0028596132,3.52513e-06
1,0.021718018,3.270167e-05
0,0.0030896773,3.881071e-06
1,0.0758038,0.000116379815
0,0.002408806,2.8276693e-06
0,0.020607356,3.0983327e-05
1,0.4460327,0.00068917486
0,0.012037511,1.77246e-05
1,2.3519413,0.0036378775
1,0.033177253,5.0430688e-05
0,0.013907719,2.0618068e-05
1,4.8982773,0.007577409
1,0.01604327,2.3922059e-05
1,0.014682044,2.1816057e-05
0,0.004566466,6.1658657e-06
0,0.007471344,1.0660111e-05
0,0.008418364,1.2125282e-05
1,0.043123454,6.581883e-05
0,0.003921273,5.1676634e-06
1,0.04667837,7.131878e-05
0,0.010876596,1.5928505e-05
1,0.09232015,0.00014193288
0,0.005737086,7.976975e-06
1,0.026847119,4.0637096e-05
1,0.08511886,0.0001307915
1,0.09370264,0.00014407178
0,0.0017414141,1.7951221e-06
1,0.09482728,0.00014581175
1,2.9810102,0.0046111336
0,0.002720226,3.3094786e-06
1,0.039456964,6.0146263e-05
0,0.0057615493,8.014824e-06
1,0.022465661,3.385838e-05
0,0.04619772,7.057514e-05
0,0.014692972,2.1832964e-05
1,0.15515076,0.00023914046
1,0.07435675,0.000114141025
0,0.003230106,4.098333e-06
0,0.0046760864,6.3354632e-06
1,0.053598855,8.202571e-05
0,0.009070122,1.3133641e-05
0,0.0037974853,4.976147e-06
1,1.2135655,0.0018766535
1,0.078153566,0.00012001522
1,0.0810439,0.00012448696
1,0.042060003,6.4173524e-05
0,0.0035373992,4.573758e-06
1,0.040229194,6.134101e-05
0,0.004410233,5.9241515e-06
0,0.0066622277,9.408297e-06
1,2.306308,0.0035672765
0,0.0056033423,7.770056e-06
0,0.013386523,1.9811707e-05
0,0.0025787563,3.0906056e-06
0,0.008106768,1.1643199e-05
1,0.026521215,4.013288e-05
1,0.09327314,0.00014340728
0,0.0041910606,5.585062e-06
0,0.006326073,8.888219e-06
1,4.0617313,0.0062831575
1,0.15603584,0.0002405098
1,0.06195722,9.495726e-05
1,0.041984264,6.4056345e-05
0,0.07175976,0.000110123125
0,0.008200213,1.1787773e-05
1,0.082844645,0.00012727297
1,0.081069656,0.0001245268
0,0.0056019183,7.767852e-06
1,0.014455717,2.1465898e-05
1,1.8352379,0.002838466
0,0.0073077953,1.0407079e-05
0,0.005062926,6.9339576e-06
0,0.021364657,3.2154974e-05
1,0.050559603,7.732357e-05
0,0.009040492,1.3087799e-05
1,0.08946513,0.00013751576
1,0.082335636,0.00012648545
1,0.05484209,8.394917e-05
1,0.042865817,6.542023e-05
0,0.0038533104,5.062516e-06
0,0.015163825,2.2561437e-05
0,0.006013914,8.405266e-06
1,3.7627366,0.005820572
1,5.2806354,0.008168969
1,0.023352083,3.5229798e-05
0,0.0069409306,9.8394885e-06
0,0.028269976,4.2838452e-05
1,0.83970624,0.0012982419
1,0.6844455,0.0010580322
1,0.017969472,2.6902158e-05
1,0.06491911,9.953969e-05
0,0.0030317928,3.7915156e-06
0,0.0016706325,1.6856134e-06
1,0.09769724,0.00015025197
1,0.06763005,0.0001037339
0,0.005977018,8.348183e-06
1,0.070432104,0.000108069056
0,0.0013489284,1.1878928e-06
1,0.8678403,0.0013417691
0,0.029346839,4.4504508e-05
0,0.016083807,2.3984776e-05
0,0.007100686,1.0086652e-05
1,0.09595613,0.00014755824
1,0.029609263,4.4910514e-05
1,0.01794403,2.6862795e-05
1,1.9560914,0.003025443
0,0.002189435,2.4882722e-06
0,0.005082763,6.9646476e-06
0,0.013433353,1.9884159e-05
0,0.0027360418,3.3339477e-06
0,0.015566992,2.3185192e-05
1,0.013985421,2.0738284e-05
0,0.024076559,3.635066e-05
0,0.004302347,5.7572374e-06
0,0.014855845,2.208495e-05
0,0.007334832,1.0448908e-05
0,0.01048613,1.53244e-05
0,0.0016467491,1.6486624e-06
0,0.005789715,8.0583995e-06
0,0.007724307,1.1051479e-05
0,0.008581311,1.2377384e-05
1,0.10714435,0.00016486795
0,0.009068653,1.3131368e-05
0,0.0119485045,1.7586895e-05
1,0.017307153,2.5877458e-05
0,0.025176827,3.8052927e-05
0,0.008386059,1.20753e-05
0,0.009081774,1.3151669e-05
0,0.0063609495,8.942178e-06
0,0.016418591,2.4502731e-05
1,0.015203694,2.262312e-05
1,0.8980497,0.0013885072
1,0.016338274,2.4378469e-05
0,0.012500509,1.8440922e-05
1,0.066774994,0.000102411
0,0.010859518,1.5902084e-05
1,0.074177824,0.000113864204
0,0.0064454293,9.07288e-06
1,5.1613574,0.0079844305
0,0.0050344667,6.889927e-06
0,0.02149523,3.235699e-05
0,0.004345036,5.823283e-06
0,0.0062287273,8.737612e-06
1,0.076542154,0.00011752215
1,1.2560126,0.0019423249
0,0.0036529917,4.7525955e-06
1,2.0061576,0.0031029028
1,0.044883624,6.854205e-05
1,0.042480376,6.48239e-05
1,0.06633003,0.00010172259
1,0.11114783,0.00017106188
1,0.06505033,9.9742705e-05
1,0.0878543,0.0001350236
0,0.0064089424,9.016429e-06
0,0.003557152,4.6043183e-06
1,0.016770966,2.5047904e-05
1,0.07265869,0.00011151389
0,0.0069500995,9.853674e-06
0,0.025667885,3.881266e-05
1,0.10250379,0.00015768837
1,0.01920428,2.8812574e-05
0,0.019745454,2.9649846e-05
1,0.07199524,0.00011048745
0,0.0040577957,5.3788826e-06
1,0.024354614,3.678085e-05
0,0.0051373662,7.049127e-06
1,3.3746192,0.0052201007
1,1.2163388,0.0018809441
0,0.06469752,9.919686e-05
1,0.4664864,0.0007208195
1,0.31888443,0.000492459
1,1.4330461,0.0022162201
1,0.3346963,0.0005169221
1,0.082799464,0.00012720306
0,0.0015694243,1.5290303e-06
0,0.0023614024,2.7543292e-06
0,0.0051415097,7.055537e-06
0,0.0024873763,2.9492282e-06
1,0.07341172,0.00011267893
1,0.06429676,9.8576835e-05
1,1.3291277,0.002055444
0,0.009850613,1.4341168e-05
0,0.0022032768,2.5096874e-06
0,0.004049926,5.3667072e-06
1,3.9867668,0.006167177
0,0.0021636107,2.4483184e-06
1,0.03985054,6.075518e-05
1,5.406976,0.008364436
1,0.015443603,2.2994293e-05
0,0.018438557,2.7627897e-05
1,0.056252085,8.6130625e-05
0,0.017374687,2.5981943e-05
0,0.00492863,6.726183e-06
1,3.3894432,0.0052430355
0,0.0060696364,8.491477e-06
0,0.0033096424,4.221387e-06
1,0.50037,0.00077324215
0,0.0046388987,6.277929e-06
1,0.03656609,5.5673685e-05
1,3.3756547,0.005221703
0,0.0029118191,3.6058996e-06
0,0.017692879,2.647423e-05
0,0.009914544,1.4440078e-05
0,0.015643595,2.3303708e-05
1,0.04286877,6.54248e-05
1,0.07774814,0.00011938797
1,0.06952313,0.00010666275
0,0.0075708306,1.081403e-05
1,0.07510661,0.00011530117
0,0.021815069,3.2851825e-05
0,0.0033738518,4.320728e-06
1,0.09183458,0.00014118163
1,0.41243106,0.0006371885
1,0.058405805,8.946272e-05
0,0.008548919,1.2327268e-05
1,5.0336976,0.0077869226
1,0.055911902,8.560432e-05
0,0.006740856,9.529946e-06
1,0.07118065,0.00010922716
1,0.85931337,0.0013285768
0,0.026960155,4.081198e-05
0,0.013100679,1.9369467e-05
1,0.04875249,7.452772e-05
1,0.020568302,3.0922904e-05
1,4.9100823,0.007595673
0,0.0031882494,4.0335754e-06
1,0.06939405,0.00010646305
1,0.0126885725,1.8731882e-05
1,0.77807164,0.0012028847
1,5.075793,0.00785205
0,0.0017957835,1.8792391e-06
1,0.12746406,0.00019630532
0,0.0059659225,8.331017e-06
0,0.0012042419,9.640429e-07
1,0.17117172,0.0002639271
1,0.06961033,0.000106797655
0,0.001626078,1.6166814e-06
1,0.2363893,0.00036482763
1,5.0479336,0.007808948
0,0.008501101,1.2253288e-05
0,0.003920928,5.1671295e-06
0,0.005584578,7.741025e-06
0,0.0015693823,1.5289653e-06
1,0.05699071,8.727338e-05
0,0.0016812279,1.7020059e-06
0,0.004783848,6.502185e-06
1,0.050289534,7.690574e-05
1,0.013317682,1.97052e-05
1,0.108010344,0.00016620776
0,0.023853943,3.6006244e-05
1,0.02224354,3.351473e-05
1,0.082831725,0.00012725298
0,0.0047103334,6.388448e-06
0,0.008834964,1.2769819e-05
1,0.06420095,9.842861e-05
0,0.002039766,2.2567135e-06
0,0.0026233594,3.159613e-06
1,5.9140697,0.00914898
0,0.0008131213,3.5892566e-07
1,1.654532,0.0025588893
1,0.075260505,0.00011553926
1,0.068981044,0.00010582407
0,0.0021484601,2.4248784e-06
1,0.04163536,6.351654e-05
0,0.0025930398,3.1127042e-06
1,3.3762965,0.005222696
1,0.091271564,0.00014031057
1,0.05356335,8.197078e-05
1,0.020905444,3.144451e-05
0,0.009776776,1.4226932e-05
1,0.23372607,0.00036070726
0,0.009170911,1.3289576e-05
0,0.03396358,5.1647243e-05
1,0.05044439,7.714533e-05
0,0.0023511376,2.7384483e-06
0,0.0113975685,1.673452e-05
1,3.8597198,0.005970618
1,0.08265953,0.00012698656
0,0.0019514551,2.1200844e-06
1,0.020249775,3.04301e-05
0,0.0053622224,7.39701e-06
0,0.0042899125,5.7379993e-06
1,2.4459677,0.0037833492
0,0.0049246233,6.719984e-06
1,0.013820947,2.0483822e-05
1,0.016574753,2.4744337e-05
0,0.008570618,1.236084e-05
1,0.02708991,4.101273e-05
0,0.006781641,9.593045e-06
1,0.05413527,8.285562e-05
0,0.0030806519,3.8671074e-06
1,3.3786285,0.005226304
0,0.0039371625,5.1922466e-06
0,0.0051035895,6.9968696e-06
0,0.010350474,1.5114522e-05
0,0.0145283295,2.1578238e-05
1,0.023578953,3.5580797e-05
1,0.076217644,0.000117020085
1,0.04741593,7.245988e-05
1,2.3367884,0.003614434
1,0.06377185,9.776473e-05
0,0.00918036,1.3304194e-05
0,0.014820659,2.2030512e-05
1,1.4029313,0.0021696284
0,0.029295372,4.442488e-05
0,0.007534522,1.0757856e-05
1,2.6081228,0.0040342254
0,0.0015326615,1.4721533e-06
1,0.024081811,3.6358786e-05
1,0.07994062,0.00012278004
0,0.0055486923,7.685505e-06
0,0.006356474,8.935254e-06
0,0.0037449878,4.894926e-06
0,0.052655477,8.056618e-05
0,0.0067074914,9.478326e-06
1,5.1013827,0.007891641
1,0.077696666,0.00011930834
1,0.1323361,0.00020384304
0,0.003917386,5.1616494e-06
0,0.07940997,0.000121959056
1,0.013175682,1.9485507e-05
0,0.0028954647,3.5805967e-06
1,0.027067725,4.0978404e-05
1,0.08166095,0.00012544163
0,0.001631279,1.624728e-06
1,0.058814805,9.0095506e-05
1,0.101180956,0.00015564176
1,0.07221816,0.00011083233
1,4.2787595,0.0066189296
0,0.002878643,3.5545715e-06
0,0.003124118,3.9343554e-06
0,0.06265596,9.6038304e-05
0,0.0044780443,6.029065e-06
1,0.01548138,2.3052738e-05
0,0.0022017444,2.5073164e-06
1,0.048982866,7.488414e-05
0,0.014813816,2.2019925e-05
1,0.05278365,8.0764476e-05
1,0.06182607,9.4754345e-05
1,5.113998,0.007911159
0,0.0066447062,9.381189e-06
1,0.08820167,0.00013556101
0,0.0028701231,3.5413905e-06
1,0.08408809,0.00012919673
0,0.043187838,6.591844e-05
0,0.0061305747,8.585756e-06
0,0.004774647,6.48795e-06
1,0.057911947,8.869866e-05
1,5.3038993,0.008204962
1,0.04041697,6.163153e-05
1,0.015589132,2.3219445e-05
1,0.092213474,0.00014176783
0,0.02647749,4.006523e-05
1,0.023790507,3.59081e-05
0,0.01013307,1.47781675e-05
0,0.00644839,9.077461e-06
0,0.0044926913,6.051726e-06
0,0.002577785,3.0891026e-06
1,0.012861716,1.8999757e-05
1,0.074786,0.00011480513
0,0.008119782,1.1663335e-05
0,0.08065479,0.00012388497
0,0.008510762,1.2268234e-05
0,0.0051034507,6.996655e-06
0,0.00737928,1.0517675e-05
1,0.06611665,0.00010139246
1,1.8810052,0.0029092745
1,0.27429724,0.00042347648
0,0.0012834921,1.0866538e-06
1,0.055791695,8.541834e-05
0,0.0015538187,1.5048863e-06
1,2.4170277,0.0037385751
0,0.009076155,1.3142975e-05
0,0.00664234,9.377528e-06
0,0.0049674436,6.786233e-06
1,0.07178863,0.00011016779
1,0.09412682,0.00014472804
1,0.073266454,0.00011245419
1,0.4090116,0.0006318981
1,0.5223337,0.0008072229
1,0.06343706,9.724676e-05
1,0.60994023,0.00094276224
1,0.014627161,2.1731144e-05
1,0.09224041,0.0001418095
0,0.02475053,3.7393387e-05
0,0.0036458364,4.741525e-06
1,0.09600642,0.00014763605
1,0.055645417,8.519203e-05
1,5.263157,0.008141927
0,0.005331139,7.34892e-06
0,0.0027133962,3.298912e-06
1,4.0831885,0.0063163545
1,0.05228875,7.99988e-05
1,0.08157527,0.00012530906
1,0.07273105,0.00011162584
0,0.0018490531,1.9616546e-06
1,0.017233647,2.5763735e-05
1,0.015063282,2.2405884e-05
1,0.047873486,7.316778e-05
0,0.010758109,1.574519e-05
1,0.042870507,6.5427485e-05
1,0.018404527,2.7575246e-05
0,0.011258525,1.6519401e-05
0,0.016033443,2.3906856e-05
1,0.02130004,3.2055003e-05
0,0.0032582534,4.141881e-06
1,0.040940057,6.244081e-05
1,1.065508,0.0016475882
0,0.013905576,2.0614754e-05
1,0.11248811,0.00017313549
1,5.608288,0.008675893
0,0.052936193,8.1000486e-05
0,0.006954543,9.860549e-06
1,0.018558497,2.781346e-05
0,0.0058246176,8.112399e-06
1,0.30035752,0.0004637953
0,0.0141124865,2.0934873e-05
0,0.0032770399,4.1709463e-06
0,0.0050773867,6.9563303e-06
1,2.4456441,0.0037828488
1,1.1370214,0.0017582293
1,0.050491143,7.721766e-05
1,5.073756,0.007848899
0,0.008077299,1.1597607e-05
1,0.0173833,2.5995269e-05
0,0.002856993,3.521076e-06
0,0.025972849,3.928448e-05
1,0.051292755,7.845786e-05
0,0.009379847,1.3612828e-05
1,5.4994655,0.008507529
1,5.274816,0.008159966
1,0.09295335,0.00014291251
0,0.015330574,2.281942e-05
1,4.061812,0.0062832823
1,0.08173197,0.0001255515
1,0.011830487,1.7404305e-05
1,0.053359192,8.165492e-05
0,0.0038484859,5.055052e-06
1,0.071855985,0.000110272
0,0.02435071,3.677481e-05
1,1.0414705,0.001610399
1,0.07857539,0.000120667835
0,0.0056130905,7.785137e-06
0,0.008145064,1.1702449e-05
1,0.97530675,0.0015080345
1,1.402626,0.0021691562
1,1.4399716,0.0022269348
1,0.082526445,0.00012678067
0,0.0170447,2.5471409e-05
1,0.14018016,0.00021597889
1,0.0728923,0.00011187532
0,0.0043487214,5.8289847e-06
1,0.22907694,0.00035351442
0,0.0072402,1.03024995e-05
0,0.0058564423,8.161636e-06
1,0.12206258,0.0001879485
1,5.007287,0.0077460622
1,1.6388513,0.002534629
1,0.12369672,0.00019047674
0,0.0018354596,1.9406234e-06
1,0.047605105,7.2752555e-05
0,0.010084884,1.4703618e-05
0,0.0043494045,5.8300416e-06
0,0.009621378,1.398651e-05
1,0.10686579,0.00016443698
0,0.0031733208,4.0104787e-06
0,0.015584511,2.3212297e-05
1,0.06988053,0.000107215696
0,0.007347024,1.0467771e-05
1,0.021518925,3.239365e-05
0,0.013090629,1.9353918e-05
1,0.07705283,0.00011831224
1,0.05523599,8.455858e-05
1,3.5061753,0.005423636
0,0.041467857,6.3257394e-05
0,0.0056049093,7.77248e-06
0,0.00475716,6.4608953e-06
1,0.07113871,0.000109162276
1,0.07332701,0.00011254788
1,2.0418625,0.003158143
0,0.004034433,5.3427375e-06
1,3.3038905,0.0051106736
0,0.002500686,2.9698203e-06
0,0.014013974,2.078246e-05
1,1.1081188,0.0017135129
0,0.020209648,3.0368017e-05
1,1.6172919,0.0025012738
1,0.099832535,0.00015355556
0,0.0039637573,5.2333926e-06
0,0.0055718445,7.721324e-06
1,0.015929895,2.3746652e-05
0,0.027151061,4.1107338e-05
1,0.077003844,0.00011823644
1,0.02133398,3.2107513e-05
0,0.0061281486,8.582003e-06
1,0.09048,0.00013908591
1,3.9494653,0.006109467
0,0.0029339332,3.6401132e-06
0,0.003626728,4.7119615e-06
1,0.08129418,0.00012487418
0,0.007949851,1.1400428e-05
1,0.5497477,0.00084963616
0,0.0073702554,1.0503713e-05
0,0.010895768,1.5958167e-05
1,2.350563,0.0036357453
1,5.1109943,0.007906511
1,0.07339286,0.00011264975
1,5.34741,0.008272279
1,3.5335336,0.0054659634
1,5.279898,0.008167829
1,0.0814594,0.00012512981
1,0.07235471,0.0001110436
0,0.0022137314,2.5258619e-06
0,0.004817096,6.5536246e-06
0,0.0053860964,7.4339464e-06
1,0.014413595,2.1400729e-05
1,0.033353772,5.0703788e-05
1,0.016275663,2.4281602e-05
1,0.047396075,7.242916e-05
1,0.08477865,0.00013026514
1,0.051487327,7.875889e-05
0,0.002289364,2.642876e-06
0,0.012944651,1.912807e-05
1,0.012435246,1.8339952e-05
1,0.09679632,0.00014885812
1,0.09512675,0.00014627507
1,3.7879686,0.005859609
1,0.012141704,1.78858e-05
1,0.06466404,9.914507e-05
0,0.020664893,3.1072344e-05
1,0.06738159,0.00010334949
0,0.010338908,1.5096628e-05
1,0.056962557,8.7229826e-05
0,0.0022583501,2.5948932e-06
1,0.087651,0.00013470906
1,1.0823334,0.0016736195
0,0.039174736,5.970962e-05
0,0.0018099631,1.9011769e-06
0,0.0013024583,1.1159973e-06
1,0.012812152,1.8923076e-05
1,0.28615674,0.00044182476
0,0.025857663,3.910627e-05
0,0.016534077,2.4681403e-05
1,3.319414,0.0051346906
0,0.008380089,1.2066064e-05
1,0.05638701,8.633937e-05
0,0.01244862,1.8360643e-05
1,0.06982936,0.000107136526
0,0.0018393634,1.9466631e-06
0,0.0038166642,5.0058193e-06
1,4.939003,0.007640417
0,0.00509473,6.983162e-06
1,0.0157882,2.3527431e-05
0,0.01273485,1.880348e-05
1,4.9400067,0.00764197
1,0.07645555,0.000117388154
1,0.014166683,2.101872e-05
1,0.07439909,0.00011420653
0,0.010085613,1.4704745e-05
0,0.0063015525,8.850283e-06
0,0.021450367,3.228758e-05
0,0.002893008,3.5767964e-06
1,0.014061901,2.0856609e-05
1,3.4574516,0.005348254
1,0.053025372,8.113846e-05
0,0.0016815576,1.702516e-06
0,0.0033142364,4.2284946e-06
0,0.006694007,9.457464e-06
0,0.008085711,1.1610621e-05
1,0.08224902,0.00012635146
1,0.08885527,0.00013657223
1,0.0880963,0.00013539799
1,0.015410834,2.2943594e-05
1,0.092736535,0.00014257708
1,0.043326173,6.613246e-05
0,0.0039539086,5.218155e-06
1,1.1962203,0.001849818
0,0.0063248426,8.886316e-06
1,0.039971925,6.094298e-05
1,0.021888735,3.2965796e-05
0,0.011140087,1.6336162e-05
0,0.0029610966,3.6821389e-06
0,0.0014632953,1.3648341e-06
1,0.11903427,0.00018326328
1,0.075460576,0.000115848794
1,2.1993923,0.0034018634
1,2.3405712,0.0036202865
1,0.09022959,0.0001386985
1,2.4549568,0.0037972566
0,0.0019452181,2.110435e-06
0,0.0068756454,9.738484e-06
0,0.005097909,6.9880807e-06
0,0.04735607,7.2367264e-05
1,0.3988344,0.0006161526
1,0.042834423,6.5371656e-05
1,0.14108458,0.00021737815
1,1.0414499,0.0016103671
0,0.021209775,3.191535e-05
0,0.0062194383,8.723241e-06
1,0.514795,0.00079555955
0,0.005086104,6.9698167e-06
0,0.008671339,1.2516669e-05
1,2.860536,0.004424744
1,0.09112504,0.00014008388
0,0.0018380798,1.9446773e-06
1,0.012198734,1.7974035e-05
1,0.04364846,6.663108e-05
1,0.07572796,0.000116262476
1,0.2534599,0.00039123825
1,1.0051353,0.0015541833
1,0.046023868,7.030617e-05
1,0.01513887,2.2522829e-05
1,0.070967786,0.00010889783
1,0.0135279875,2.0030571e-05
1,0.09188805,0.00014126435
1,0.081388324,0.00012501984
0,0.0025252015,3.007749e-06
1,0.25528568,0.00039406298
1,0.075142734,0.00011535705
1,0.13557754,0.00020885801
1,4.1371856,0.0063998955
0,0.0043009073,5.7550096e-06
0,0.0017033952,1.7363017e-06
1,1.8899984,0.0029231883
1,0.019476203,2.9233277e-05
0,0.0020670411,2.298912e-06
1,0.09533653,0.00014659962
1,5.151918,0.0079698255
0,0.0036155502,4.6946684e-06
1,0.014418176,2.1407817e-05
1,0.044746283,6.8329566e-05
0,0.0066588777,9.403114e-06
1,0.07359896,0.00011296861
1,0.08961753,0.00013775154
0,0.007766447,1.1116676e-05
1,0.25077194,0.0003870796
1,3.902889,0.0060374066
1,0.015965223,2.380131e-05
0,0.0023392832,2.720108e-06
1,0.086520515,0.00013296003
0,0.003276206,4.169656e-06
1,0.23221616,0.00035837124
0,0.0053649386,7.4012123e-06
0,0.005427659,7.4982495e-06
0,0.0040965662,5.438866e-06
1,0.094441436,0.0001452148
0,0.003268257,4.157358e-06
0,0.0026455887,3.1940049e-06
1,3.1687102,0.004901531
0,0.0025541494,3.0525352e-06
1,0.053187665,8.1389546e-05
1,0.07086604,0.000108740416
0,0.003050831,3.82097e-06
0,0.014809414,2.2013115e-05
0,0.004757569,6.4615283e-06
1,0.21376036,0.0003298176
1,0.07845857,0.0001204871
1,0.033840306,5.145652e-05
0,0.0032748058,4.16749e-06
1,0.09417741,0.00014480631
1,0.12511398,0.00019266944
1,0.07785014,0.00011954578
0,0.007902526,1.1327209e-05
0,0.012798201,1.8901492e-05
1,0.096343845,0.00014815808
1,0.08436398,0.00012962359
0,0.008034957,1.1532097e-05
1,7.402931,0.011452453
0,0.010775831,1.5772606e-05
1,5.8965406,0.009121859
1,0.57529134,0.00088915566
1,0.11691607,0.00017998613
0,0.002538508,3.0283363e-06
1,0.018083207,2.7078122e-05
1,0.036440816,5.5479868e-05
0,0.02949406,4.473228e-05
1,0.037979633,5.786063e-05
0,0.014410214,2.1395497e-05
0,0.015576541,2.3199966e-05
1,0.060643867,9.2925315e-05
0,0.04506282,6.8819296e-05
1,2.0658548,0.0031952623
0,0.012893147,1.9048386e-05
0,0.0017750073,1.8470955e-06
0,0.0019002645,2.0408856e-06
0,0.009690717,1.4093786e-05
0,0.009472156,1.3755643e-05
1,0.07362007,0.00011300128
0,0.0014062809,1.2766251e-06
1,0.057905816,8.868917e-05
0,0.005127312,7.033572e-06
1,5.2377377,0.0081026
1,0.0147839375,2.19737e-05
0,0.0049612178,6.776601e-06
1,0.079854764,0.00012264721
0,0.01017013,1.4835505e-05
1,0.05453115,8.34681e-05
1,0.2615028,0.0004036817
0,0.0026467857,3.1958564e-06
1,0.022918323,3.455871e-05
1,0.06081253,9.318626e-05
1,0.0687844,0.00010551984
1,3.662933,0.005666162
1,0.06916995,0.000106116335
1,0.14858723,0.00022898578
1,0.080393694,0.000123481
0,0.0053898566,7.439764e-06
1,0.43922865,0.000678648
1,0.13708967,0.00021119748
1,0.0717021,0.000110033914
1,0.14021271,0.00021602925
0,0.0019932825,2.1847973e-06
0,0.0025351448,3.0231324e-06
0,0.0057425355,7.985407e-06
0,0.0038859833,5.1130655e-06
0,0.0083966,1.2091611e-05
1,0.013960739,2.0700098e-05
1,0.10020191,0.00015412705
0,0.0047271247,6.4144265e-06
1,0.080273844,0.00012329558
1,0.07658392,0.000117586766
1,0.07446441,0.00011430759
1,0.06432789,9.8624994e-05
0,0.0026372625,3.1811226e-06
1,4.214068,0.006518843
0,0.027902432,4.226981e-05
1,1.0369861,0.001603461
0,0.014394145,2.1370637e-05
1,0.04852473,7.417535e-05
1,0.05572893,8.532123e-05
1,0.07496264,0.000115078416
0,0.033136968,5.0368362e-05
0,0.0024478817,2.8881248e-06
1,0.072604164,0.00011142954
1,0.094496086,0.00014529935
1,0.058372173,8.941069e-05
1,0.046913438,7.168245e-05
0,0.0075608045,1.0798519e-05
0,0.0045383526,6.1223705e-06
1,0.06498596,9.9643126e-05
1,0.012880256,1.9028443e-05
1,0.096729495,0.00014875474
0,0.0027194703,3.3083095e-06
1,0.11757824,0.0001810106
1,0.04068362,6.204407e-05
0,0.03011572,4.5694072e-05
1,0.06132783,9.39835e-05
0,0.006347863,8.921932e-06
0,0.003787291,4.960375e-06
0,0.02465614,3.724735e-05
1,0.07237794,0.000111079535
1,0.093121,0.0001431719
0,0.002453388,2.8966435e-06
1,2.4653256,0.0038132987
0,0.0027957843,3.4263776e-06
1,0.6673182,0.0010315339
1,0.08990513,0.0001381965
1,4.556589,0.0070487703
0,0.008097823,1.16293595e-05
0,0.018564036,2.782203e-05
0,0.11284751,0.00017369151
1,0.07784706,0.00011954102
1,0.06837207,0.0001048819
1,0.01444748,2.1453154e-05
0,0.0070173303,9.957689e-06
1,3.389181,0.00524263
1,0.05712797,8.748574e-05
0,0.020449959,3.073981e-05
0,0.03341874,5.0804305e-05
0,0.0075433995,1.07715905e-05
0,0.0036873594,4.805767e-06
0,0.04217954,6.4358464e-05
1,0.081447154,0.00012511085
1,0.021053178,3.1673077e-05
1,0.052421086,8.020354e-05
1,0.07096842,0.000108898814
1,5.9218965,0.009161089
0,0.014464588,2.1479622e-05
1,5.3179336,0.008226675
0,0.010368727,1.5142762e-05
1,1.2358713,0.0019111637
0,0.0029060494,3.596973e-06
0,0.030570809,4.6398156e-05
1,4.9379,0.007638711
1,0.092789665,0.00014265928
1,0.52147543,0.0008058951
0,0.0031186657,3.92592e-06
0,0.011386652,1.6717631e-05
0,0.0029513417,3.6670463e-06
0,0.011305444,1.6591992e-05
0,0.0010266899,6.893456e-07
1,0.31002563,0.0004787532
0,0.006062423,8.480317e-06
1,4.9390154,0.0076404363
1,0.050458163,7.716663e-05
0,0.0039105103,5.151012e-06
0,0.008511774,1.22698e-05
0,0.0068503767,9.699389e-06
1,0.0585341,8.966122e-05
0,0.005095781,6.9847883e-06
1,0.08622052,0.0001324959
0,0.0040975134,5.4403313e-06
1,0.06793259,0.000104201965
0,0.001723368,1.7672023e-06
1,0.013637585,2.0200134e-05
1,0.08006671,0.00012297512
0,0.008016644,1.1503766e-05
1,0.13426214,0.00020682291
0,0.005370697,7.4101217e-06
1,0.1431083,0.00022050912
0,0.010419784,1.5221754e-05
1,0.395233,0.0006105807
1,0.08764474,0.00013469937
1,1.879899,0.002907563
1,0.07624748,0.00011706625
1,0.013247159,1.9596093e-05
1,0.020109186,3.021259e-05
1,0.07301599,0.00011206668
0,0.017703028,2.6489932e-05
1,0.055254214,8.458678e-05
0,0.0073413677,1.045902e-05
0,0.03475719,5.2875068e-05
0,0.006003283,8.388819e-06
1,0.02185149,3.290817e-05
0,0.0044103377,5.9243134e-06
1,0.07008076,0.00010752548
1,0.053933077,8.25428e-05
0,0.0060374937,8.441748e-06
1,0.06268048,9.607624e-05
0,0.0045889933,6.2007184e-06
0,0.0051848735,7.122627e-06
0,0.004883707,6.6566813e-06
1,2.3426232,0.0036234611
1,0.043312978,6.611205e-05
0,0.009415751,1.36683775e-05
1,0.09014419,0.00013856636
0,0.01037491,1.5152328e-05
0,0.005335503,7.355671e-06
0,0.0046425513,6.28358e-06
1,0.048180073,7.364211e-05
0,0.008955362,1.2956092e-05
1,0.074611515,0.00011453518
1,0.070964545,0.00010889282
0,0.0120299775,1.7712944e-05
0,0.0064705843,9.111798e-06
0,0.0045088492,6.0767247e-06
0,0.016009228,2.3869392e-05
0,0.007676881,1.0978105e-05
1,0.05835511,8.9384295e-05
1,0.016156726,2.4097591e-05
1,0.106550135,0.00016394861
0,0.0028129849,3.4529892e-06
1,5.161384,0.0079844715
1,0.013861444,2.0546475e-05
1,0.08378177,0.00012872282
1,0.05134202,7.853408e-05
0,0.0058317645,8.123457e-06
0,0.023056623,3.477268e-05
0,0.0016633305,1.6743161e-06
1,0.040926367,6.241963e-05
1,0.058145624,8.906019e-05
0,0.02123465,3.1953838e-05
1,0.06138715,9.407528e-05
0,0.026222726,3.9671075e-05
1,0.0770925,0.0001183736
1,0.051729307,7.9133264e-05
0,0.007248664,1.0315594e-05
1,0.014895908,2.2146933e-05
0,0.0024138473,2.8354686e-06
1,0.019789906,2.971862e-05
0,0.0036613734,4.7655635e-06
0,0.0073753777,1.0511638e-05
0,0.004093727,5.4344737e-06
0,0.007702522,1.1017775e-05
1,0.07593101,0.00011657662
1,0.07358638,0.00011294916
0,0.013542477,2.0052988e-05
0,0.007005527,9.939428e-06
1,4.860851,0.007519505
0,0.003040034,3.804266e-06
1,0.060005452,9.19376e-05
1,0.08827167,0.00013566932
0,0.007775822,1.1131181e-05
1,5.493289,0.008497974
0,0.005029405,6.882096e-06
0,0.0028921876,3.575527e-06
0,0.0034176025,4.388416e-06
0,0.0023667268,2.7625667e-06
1,4.4081426,0.0068191034
0,0.0018785979,2.0073644e-06
1,0.062418472,9.5670875e-05
0,0.0051496327,7.0681044e-06
0,0.035049442,5.332722e-05
0,0.011156048,1.6360855e-05
0,0.001916898,2.0666198e-06
0,0.0043186895,5.7825214e-06
0,0.002383107,2.7879094e-06
1,0.090022795,0.00013837854
0,0.0041714674,5.5547484e-06
1,0.081072204,0.00012453075
1,0.06501007,9.968043e-05
1,0.08138326,0.000125012
0,0.00786929,1.1275789e-05
0,0.003534146,4.5687248e-06
0,0.004141873,5.508962e-06
1,0.072652556,0.0001115044
0,0.011557119,1.6981367e-05
1,0.01703802,2.5461071e-05
1,0.13111046,0.00020194681
1,0.4979634,0.0007695188
1,0.0761535,0.00011692085
1,2.0606282,0.003187176
1,0.08539759,0.00013122273
1,5.4533916,0.008436247
1,0.40634227,0.0006277683
0,0.003592823,4.6595064e-06
1,0.04525563,6.91176e-05
1,0.10814044,0.00016640904
0,0.01897017,2.8450373e-05
0,0.004131488,5.492895e-06
0,0.004859274,6.6188795e-06
0,0.004971227,6.792087e-06
0,0.004397065,5.903779e-06
1,0.012556643,1.852777e-05
1,0.020099942,3.0198287e-05
0,0.00667281,9.424669e-06
0,0.019371478,2.9071254e-05
1,0.015275804,2.2734685e-05
0,0.034649666,5.2708714e-05
1,0.10292362,0.00015833789
0,0.023883924,3.605263e-05
1,0.27453586,0.00042384566
1,0.084553815,0.00012991729
1,4.492809,0.0069500934
1,0.076124534,0.00011687603
1,0.089982666,0.00013831646
1,2.7991166,0.004329719
1,0.05981138,9.163735e-05
1,0.05540589,8.482144e-05
1,0.017154617,2.5641466e-05
0,0.0019937288,2.1854878e-06
0,0.013199693,1.9522655e-05
1,5.0050244,0.0077425614
1,0.075602986,0.000116069124
0,0.0014862983,1.4004229e-06
0,0.034617305,5.2658645e-05
1,0.04779377,7.3044444e-05
0,0.004457407,5.9971367e-06
1,0.14946714,0.00023034713
0,0.005915794,8.253462e-06
0,0.0040309737,5.337385e-06
1,0.080843136,0.00012417635
0,0.0021939236,2.4952164e-06
1,0.05645338,8.644206e-05
1,0.08040621,0.00012350037
1,0.062424604,9.568036e-05
1,3.2548375,0.005034782
1,0.06446889,9.884315e-05
0,0.0014368558,1.3239286e-06
1,0.011378655,1.6705259e-05
0,0.0450499,6.87993e-05
0,0.0019002636,2.0408843e-06
1,0.097942315,0.00015063114
1,0.07713869,0.000118445074
1,0.08049808,0.0001236425
0,0.0010125109,6.6740864e-07
0,0.009799201,1.4261626e-05
0,0.0012433742,1.024586e-06
1,1.6924293,0.0026175217
0,0.004099074,5.4427455e-06
1,0.044864275,6.851212e-05
0,0.0044410294,5.971798e-06
1,0.03827087,5.8311212e-05
0,0.011057766,1.62088e-05
0,0.0016242792,1.6138983e-06
1,0.026289439,3.977429e-05
0,0.0024659734,2.916115e-06
0,0.010719581,1.568558e-05
1,0.01327461,1.9638563e-05
0,0.008021625,1.1511471e-05
1,0.011844271,1.7425631e-05
1,0.03577444,5.4448894e-05
1,0.5697102,0.00088052085
1,0.070086144,0.00010753381
1,0.017058834,2.5493277e-05
1,0.06387378,9.7922435e-05
0,0.0032577235,4.1410613e-06
0,0.011395693,1.673162e-05
1,0.1149238,0.00017690382
1,0.37135693,0.00057364115
0,0.0016416208,1.6407282e-06
1,0.08087274,0.00012422215
0,0.0058784205,8.19564e-06
1,0.019656198,2.9511755e-05
0,0.009505062,1.3806553e-05
1,0.07782403,0.00011950538
0,0.005832674,8.124864e-06
1,0.046195198,7.057124e-05
0,0.017495418,2.6168731e-05
0,0.0046190065,6.247153e-06
0,0.0013052257,1.1202787e-06
1,1.1782094,0.0018219529
1,4.1609197,0.0064366153
0,0.062800325,9.6261654e-05
0,0.0032155828,4.075864e-06
1,0.09037105,0.00013891734
0,0.05139421,7.861482e-05
1,0.081794664,0.0001256485
0,0.001830813,1.9334345e-06
0,0.007961514,1.1418472e-05
0,0.004500302,6.0635007e-06
0,0.024013521,3.6253132e-05
0,0.009018153,1.3053238e-05
0,0.0021066528,2.3601967e-06
0,0.0024371382,2.871503e-06
0,0.011098392,1.6271653e-05
0,0.03914199,5.9658956e-05
0,0.00505671,6.9243406e-06
0,0.002842393,3.498488e-06
1,3.5061734,0.0054236334
1,0.014964715,2.2253385e-05
0,0.002415815,2.838513e-06
0,0.0032787118,4.173533e-06
1,0.12095798,0.00018623953
1,0.09307092,0.00014309441
0,0.0063923444,8.990751e-06
1,0.016993372,2.5391997e-05
1,1.715225,0.0026527897
0,0.012595757,1.8588284e-05
1,0.05584519,8.55011e-05
1,5.7575974,0.008906895
0,0.007868505,1.1274574e-05
1,0.08239745,0.0001265811
0,0.047817543,7.308123e-05
0,0.008975991,1.2988007e-05
0,0.0073061595,1.0404548e-05
0,0.0194561,2.9202174e-05
1,0.07991317,0.00012273756
0,0.0030471412,3.815261e-06
0,0.0073798783,1.0518601e-05
1,0.012284097,1.8106102e-05
0,0.0032636405,4.150216e-06
0,0.002968309,3.693297e-06
0,0.0026118972,3.1418792e-06
1,0.037724767,5.7466317e-05
0,0.010844349,1.5878613e-05
0,0.011024645,1.6157557e-05
1,0.064445876,9.880754e-05
1,0.04043182,6.16545e-05
1,5.748947,0.008893512
0,0.0023884485,2.7961732e-06
1,0.071453586,0.00010964943
1,0.047739968,7.296121e-05
0,0.014572829,2.1647085e-05
0,0.0037943432,4.9712853e-06
1,0.02687646,4.0682495e-05
1,0.3277699,0.000506206
1,0.05579986,8.543097e-05
1,0.0716156,0.00010990009
1,0.0682065,0.00010462574
1,1.1528442,0.0017827093
0,0.014482511,2.150735e-05
1,2.3874831,0.0036928656
0,0.0075919395,1.0846689e-05
0,0.005008006,6.8489885e-06
1,0.10497,0.00016150394
1,0.07107038,0.00010905656
1,0.012343661,1.8198256e-05
0,0.077778436,0.000119434844
0,0.015973063,2.381344e-05
0,0.006211563,8.711057e-06
0,0.008404726,1.2104182e-05
1,0.024081716,3.635864e-05
0,0.004564845,6.1633577e-06
1,0.090433374,0.00013901378
0,0.0022558752,2.5910642e-06
0,0.0049224556,6.7166307e-06
1,0.018710114,2.8048033e-05
0,0.008724867,1.2599485e-05
0,0.007900937,1.13247515e-05
1,0.017652253,2.6411375e-05
1,0.0779848,0.00011975412
0,0.002024645,2.2333193e-06
0,0.029697517,4.5047054e-05
0,0.02828136,4.2856067e-05
1,0.07365727,0.00011305883
0,0.0056832987,7.893759e-06
0,0.005505024,7.617944e-06
0,0.008741042,1.2624509e-05
0,0.0041410485,5.507686e-06
1,0.04208728,6.4215725e-05
0,0.0029861853,3.720954e-06
1,0.08055777,0.00012373486
1,0.07616096,0.00011693239
0,0.019899393,2.988801e-05
0,0.0048727645,6.6397515e-06
1,0.08464172,0.00013005329
1,0.051326722,7.851041e-05
1,5.3032403,0.008203942
1,0.06107152,9.3586954e-05
1,0.06865359,0.00010531746
1,0.048040997,7.342694e-05
1,2.8542814,0.004415067
1,0.0140623525,2.0857307e-05
1,0.10959379,0.00016865756
0,0.0021871303,2.4847063e-06
1,1.95454,0.003023043
0,0.00488154,6.653328e-06
1,0.048228923,7.371769e-05
1,2.219372,0.0034327747
1,0.014515317,2.1558106e-05
1,0.043540254,6.6463675e-05
1,0.039128136,5.963752e-05
0,0.003067014,3.8460075e-06
0,0.008141316,1.1696649e-05
1,0.05664616,8.6740314e-05
1,4.343097,0.006718469
1,0.014755523,2.1929738e-05
0,0.027343992,4.140583e-05
0,0.007621929,1.0893087e-05
0,0.021772072,3.27853e-05
1,0.08388628,0.00012888452
1,0.06991956,0.00010727608
1,0.014990028,2.229255e-05
0,0.002643593,3.190917e-06
1,0.106379375,0.00016368442
0,0.0055199345,7.641012e-06
1,0.03769647,5.7422538e-05
1,2.4653265,0.0038133
1,0.93985075,0.0014531792
1,0.016440904,2.4537252e-05
0,0.023579502,3.5581645e-05
1,0.08855938,0.00013611445
0,0.0014621933,1.3631293e-06
1,0.8175603,0.0012639791
1,4.894759,0.007571966
1,0.13195607,0.00020325508
0,0.0071742274,1.0200431e-05
0,0.30702865,0.00047411647
0,0.009533296,1.38502355e-05
1,5.251369,0.00812369
0,0.00569438,7.910904e-06
0,0.006884288,9.751855e-06
0,0.0029530958,3.6697602e-06
0,0.0016053986,1.5846875e-06
1,1.4740353,0.002279636
0,0.0050973226,6.987174e-06
1,1.1589448,0.0017921479
1,0.06218268,9.530607e-05
1,0.24357909,0.00037595123
1,0.05498011,8.4162704e-05
1,0.07770772,0.00011932544
1,0.01441944,2.140977e-05
1,0.096265435,0.00014803678
0,0.0011986343,9.553672e-07
1,0.105924256,0.0001629803
0,0.004879318,6.649891e-06
1,1.1474063,0.0017742962
1,0.07042832,0.0001080632
1,0.045681506,6.9776484e-05
1,0.06940645,0.00010648223
1,0.018128743,2.7148571e-05
0,0.0035733457,4.6293726e-06
0,0.001326239,1.1527892e-06
1,0.07764909,0.00011923472
0,0.016163452,2.4107998e-05
1,0.048316434,7.385308e-05
0,0.0035519842,4.596323e-06
0,0.0017175633,1.7582216e-06
1,0.51477474,0.0007955282
0,0.003912473,5.1540487e-06
0,0.014275719,2.1187416e-05
0,0.00502385,6.8735017e-06
0,0.018687263,2.8012679e-05
1,0.09474289,0.00014568117
1,2.335584,0.0036125705
0,0.009032533,1.3075485e-05
0,0.002051367,2.274662e-06
0,0.002395043,2.8063757e-06
1,1.2468061,0.0019280814
1,0.06863724,0.00010529215
0,0.0037568978,4.9133528e-06
1,3.3814,0.0052305916
0,0.03128951,4.751009e-05
0,0.0023747599,2.7749952e-06
0,0.014876486,2.2116885e-05
1,0.11046441,0.00017000454
0,0.008777999,1.2681688e-05
1,0.022751853,3.430116e-05
0,0.008398299,1.2094239e-05
1,0.01699982,2.5401972e-05
1,0.103713736,0.00015956031
1,2.1616518,0.0033434737
0,0.006558408,9.247674e-06
1,0.06433469,9.863552e-05
1,0.015431452,2.2975493e-05
0,0.013030833,1.9261404e-05
0,0.002420466,2.8457087e-06
0,0.020465225,3.076343e-05
1,0.021008577,3.160407e-05
1,0.34201232,0.000528241
1,0.07302502,0.000112080656
0,0.008225646,1.182712e-05
1,2.202527,0.0034067133
0,0.0013484433,1.1871424e-06
1,2.0537229,0.0031764926
0,0.0017777298,1.8513076e-06
1,2.3083498,0.0035704356
0,0.07374976,0.000113201924
0,0.0018780018,2.0064422e-06
1,0.29465976,0.0004549801
1,0.115758166,0.0001781947
1,0.08826419,0.00013565774
1,6.308229,0.009758798
1,4.241884,0.0065618786
1,0.37494364,0.00057919027
0,0.016104491,2.4016777e-05
1,2.1109555,0.0032650393
1,0.07432704,0.000114095055
1,2.3107274,0.0035741138
1,0.035693806,5.432414e-05
1,0.07994623,0.00012278871
0,0.0019273909,2.0828538e-06
1,0.059213966,9.071306e-05
1,0.09555284,0.00014693428
1,0.093671285,0.00014402326
1,0.06255521,9.5882424e-05
1,0.51479435,0.0007955585
1,0.0136881005,2.0278289e-05
1,0.15888916,0.00024492427
1,0.082825996,0.00012724411
1,0.060784128,9.314232e-05
0,0.0092655765,1.3436036e-05
1,0.054164615,8.2901024e-05
1,0.064725496,9.924015e-05
0,0.0029266768,3.6288866e-06
0,0.014797567,2.1994787e-05
1,2.1246865,0.003286283
1,3.3945398,0.005250921
1,0.09976311,0.00015344816
0,0.0064607733,9.09662e-06
1,5.878626,0.009094143
1,0.39558437,0.0006111243
0,0.022162309,3.3389053e-05
0,0.0035307559,4.56348e-06
0,0.0038940506,5.1255465e-06
0,0.00491415,6.703781e-06
0,0.006504826,9.164774e-06
1,0.08056638,0.00012374816
0,0.0037857336,4.9579653e-06
0,0.0025467777,3.0411306e-06
0,0.055336557,8.471418e-05
0,0.0072841803,1.0370543e-05
1,0.15389913,0.00023720402
0,0.0023313703,2.7078654e-06
0,0.010384418,1.5167038e-05
1,0.015642649,2.3302244e-05
0,0.009090021,1.3164428e-05
1,5.89654,0.0091218585
1,0.057797793,8.852205e-05
1,0.09217463,0.00014170773
1,3.193807,0.0049403594
1,0.069204144,0.00010616924
0,0.005112587,7.01079e-06
1,0.08098394,0.0001243942
1,0.041572258,6.341891e-05
0,0.003469824,4.46921e-06
0,0.007058322,1.0021109e-05
1,0.12827332,0.00019755737
1,0.61354476,0.00094833894
1,0.074332066,0.00011410283
1,0.060074523,9.2044465e-05
0,0.036771443,5.5991393e-05
0,0.0034011267,4.3629257e-06
1,0.0517143,7.911005e-05
0,0.014661714,2.1784603e-05
0,0.007818684,1.1197494e-05
1,0.038374603,5.84717e-05
0,0.0030378627,3.8009066e-06
1,0.04838016,7.3951676e-05
1,0.09025352,0.00013873552
0,0.026371755,3.9901643e-05
0,0.0026586095,3.2141497e-06
1,0.014295581,2.1218144e-05
0,0.0032249216,4.0903124e-06
0,0.008449844,1.2173986e-05
1,0.07789763,0.00011961925
0,0.010536375,1.5402136e-05
1,0.08174272,0.00012556813
1,0.083743654,0.00012866386
1,5.2678065,0.008149122
1,0.07352465,0.000112853646
0,0.0023987703,2.8121426e-06
0,0.009070901,1.3134847e-05
0,0.000989723,6.3215276e-07
0,0.0054621003,7.551535e-06
1,0.08776009,0.00013487783
1,0.015889235,2.3683746e-05
1,2.1868832,0.00338251
0,0.0054903803,7.595288e-06
1,0.014736829,2.1900816e-05
0,0.0026660084,3.2255969e-06
1,0.048637737,7.435018e-05
0,0.015652854,2.3318033e-05
1,0.10540776,0.0001621812
1,0.01568863,2.3373383e-05
1,0.07160365,0.0001098816
1,0.057462778,8.800373e-05
0,0.0075713065,1.0814767e-05
0,0.0057896334,8.058274e-06
1,0.08105046,0.00012449712
1,0.15407814,0.00023748097
1,2.5269456,0.0039086333
0,0.0075629414,1.0801825e-05
1,2.3616343,0.003652874
0,0.004098204,5.4414e-06
0,0.0031727664,4.0096206e-06
1,0.082053125,0.00012604837
1,0.07591111,0.00011654584
0,0.0116408365,1.711089e-05
0,0.022855263,3.4461147e-05
0,0.0053405324,7.363453e-06
1,0.11525767,0.00017742037
0,0.008070778,1.1587518e-05
1,5.068089,0.007840131
0,0.010352846,1.5118192e-05
1,0.23469602,0.0003622079
0,0.0017777625,1.8513582e-06
1,0.0690773,0.000105972984
1,0.041959155,6.40175e-05
1,0.07092194,0.000108826905
1,0.07387778,0.0001134
0,0.0029344538,3.6409187e-06
1,0.22500695,0.0003472176
1,0.15405619,0.00023744702
1,3.482262,0.005386639
0,0.0046539563,6.3012253e-06
0,0.020079037,3.0165946e-05
1,0.44847855,0.0006929589
1,3.3050938,0.0051125353
1,0.0881081,0.00013541625
1,0.0140821505,2.088794e-05
1,0.051789932,7.922706e-05
1,4.808699,0.0074388194
0,0.117385626,0.00018071261
0,0.0057304213,7.966664e-06
1,0.071700454,0.00011003137
0,0.005364669,7.4007953e-06
0,0.020296382,3.0502208e-05
0,0.016901165,2.5249341e-05
1,4.82453,0.007463312
0,0.0067430586,9.5333535e-06
1,0.03747304,5.7076864e-05
0,0.0021001971,2.350209e-06
1,0.04337548,6.620875e-05
0,0.008750645,1.2639367e-05
1,0.11657152,0.00017945308
1,2.189349,0.0033863247
0,0.02569933,3.886131e-05
1,0.49366704,0.0007628717
1,0.32420763,0.00050069473
0,0.0104207825,1.5223299e-05
0,0.010579318,1.5468575e-05
0,0.0057466067,7.991705e-06
1,0.06880657,0.00010555413
1,2.4522917,0.0037931334
1,0.12434463,0.00019147915
1,0.05757698,8.818042e-05
1,0.06629598,0.00010166991
1,0.02466121,3.7255195e-05
1,0.051565222,7.8879406e-05
0,0.007868581,1.1274692e-05
0,0.012832534,1.895461e-05
1,0.079230316,0.0001216811
0,0.004636647,6.2744457e-06
1,2.3003986,0.003558134
0,0.0035028653,4.520329e-06
1,0.049029205,7.495584e-05
0,0.008551062,1.23305845e-05
1,2.444398,0.0037809208
0,0.033206243,5.047554e-05
0,0.006849062,9.697355e-06
1,0.08422365,0.00012940647
1,0.060214844,9.226156e-05
1,0.058452398,8.953481e-05
1,0.07297999,0.00011201098
0,0.013152874,1.9450219e-05
0,0.0071745766,1.0200972e-05
1,0.06361591,9.752347e-05
0,0.0024454563,2.8843724e-06
0,0.005319567,7.331016e-06
1,3.389735,0.005243487
0,0.007999315,1.1476955e-05
0,0.0058554234,8.16006e-06
0,0.0069550443,9.8613245e-06
1,0.08420504,0.00012937769
1,0.075123414,0.00011532716
1,0.016377058,2.4438474e-05
0,0.027973522,4.2379797e-05
0,0.010582724,1.5473845e-05
1,0.017361313,2.5961252e-05
1,0.062267844,9.5437834e-05
1,0.046133332,7.047552e-05
1,0.83449197,0.0012901747
0,0.00224197,2.569551e-06
0,0.0033313045,4.254901e-06
0,0.021105478,3.175399e-05
1,0.082528204,0.00012678339
0,0.004527469,6.105532e-06
1,0.06324993,9.695725e-05
0,0.0025798313,3.092269e-06
0,0.011395771,1.673174e-05
1,0.06764816,0.00010376191
0,0.0054016607,7.4580266e-06
0,0.008634362,1.2459461e-05
0,0.0047197365,6.402996e-06
1,5.2005167,0.008045015
1,0.015464351,2.3026392e-05
1,0.13674152,0.00021065884
0,0.004553614,6.1459823e-06
0,0.007933494,1.137512e-05
0,0.008604669,1.2413521e-05
0,0.010063868,1.4671103e-05
1,0.10747002,0.0001653718
1,0.07513288,0.0001153418
1,0.85077256,0.001315363
0,0.0065895533,9.29586e-06
1,0.019974984,3.0004961e-05
1,0.07308144,0.000112167945
0,0.004370666,5.862936e-06
1,2.437843,0.0037707794
0,0.0014655276,1.3682878e-06
1,0.016530134,2.4675304e-05
0,0.0043049897,5.761326e-06
0,0.002288436,2.6414402e-06
1,5.236271,0.008100332
1,0.0116707785,1.7157214e-05
0,0.0019985933,2.1930139e-06
0,0.022449857,3.3833927e-05
0,0.007162966,1.0183007e-05
0,0.028960196,4.390632e-05
0,0.0057670674,8.023361e-06
0,0.004572949,6.1758956e-06
1,0.10234077,0.00015743615
0,0.0047579384,6.4621e-06
0,0.025047915,3.7853482e-05
0,0.0043160208,5.7783923e-06
1,0.072778694,0.000111699555
1,0.3534585,0.0005459498
0,0.06722017,0.00010309975
0,0.0010144125,6.7035074e-07
0,0.029334493,4.448541e-05
1,0.05448104,8.339057e-05
1,0.05909256,9.052523e-05
1,0.053943858,8.2559476e-05
1,0.07232478,0.000110997295
1,0.090557896,0.00013920643
0,0.0029826597,3.7154996e-06
1,1.4122996,0.0021841226
1,0.05314087,8.131715e-05
0,0.007701759,1.1016596e-05
0,0.0015499528,1.4989052e-06
0,0.01598548,2.383265e-05
1,0.14653663,0.00022581323
0,0.012488161,1.8421817e-05
1,0.04538509,6.931789e-05
1,0.014251626,2.1150141e-05
1,0.059752256,9.154587e-05
1,0.073168345,0.0001123024
0,0.010136127,1.4782897e-05
1,0.037083957,5.6474895e-05
1,0.06054436,9.277136e-05
0,0.02073629,3.1182804e-05
1,0.054284737,8.308687e-05
1,0.064344324,9.8650424e-05
1,0.03351807,5.0957977e-05
0,0.046776872,7.147117e-05
1,0.0734493,0.00011273707
1,0.015361985,2.2868018e-05
1,0.037232965,5.6705434e-05
1,5.8787317,0.009094307
1,0.07354586,0.00011288646
0,0.0038461827,5.0514886e-06
0,0.003613796,4.6919545e-06
0,0.008225191,1.1826417e-05
0,0.017246222,2.578319e-05
1,1.1132201,0.0017214054
1,0.012136889,1.787835e-05
1,0.073459014,0.0001127521
0,0.004537095,6.1204246e-06
0,0.0009551164,5.7861155e-07
0,0.020894222,3.142715e-05
0,0.0013261334,1.1526258e-06
0,0.0050592506,6.928271e-06
0,0.009989713,1.4556375e-05
1,3.2227635,0.0049851593
1,0.08006236,0.00012296838
1,2.32732,0.0035997853
1,4.824812,0.007463748
1,0.08463306,0.00013003989
0,0.019279579,2.8929073e-05
0,0.009328089,1.3532751e-05
1,0.052229747,7.990751e-05
0,0.051823854,7.927954e-05
1,0.038845465,5.920019e-05
0,0.008449101,1.2172836e-05
0,0.0023709035,2.7690287e-06
0,0.0012631412,1.0551682e-06
0,0.008932541,1.2920785e-05
0,0.0038465231,5.0520152e-06
0,0.003992483,5.277835e-06
1,0.7538228,0.0011653684
1,0.06559294,0.0001005822
1,0.049933948,7.6355595e-05
0,0.009524614,1.3836802e-05
0,0.002500795,2.9699888e-06
0,0.003603913,4.6766636e-06
1,0.045799296,6.9958725e-05
1,0.07483583,0.00011488223
0,0.007838968,1.1228876e-05
0,0.022003045,3.314265e-05
1,5.0962563,0.00788371
1,0.06416477,9.8372635e-05
0,0.0029318482,3.6368872e-06
1,1.1862073,0.0018343267
0,0.013471903,1.9943802e-05
1,0.13683255,0.00021079967
0,0.0060617337,8.47925e-06
1,0.0126283355,1.8638686e-05
0,0.004662508,6.314456e-06
0,0.026545525,4.017049e-05
1,0.07451381,0.00011438401
1,0.08390284,0.00012891015
0,0.008566023,1.235373e-05
1,0.062249653,9.540969e-05
1,0.012269111,1.8082917e-05
1,120.9607,0.18714194
1,0.067271195,0.000103178696
0,0.011654487,1.713201e-05
1,0.050455112,7.716191e-05
1,0.056078777,8.586249e-05
1,1.010847,0.00156302
0,0.0029057912,3.5965734e-06
0,0.007404683,1.0556978e-05
1,3.3200796,0.0051357206
1,0.048939344,7.481681e-05
1,0.08785348,0.00013502232
0,0.0031281055,3.9405245e-06
1,2.6210036,0.004054154
0,0.01027392,1.4996082e-05
1,0.09415019,0.0001447642
1,0.020265784,3.0454868e-05
1,0.072043136,0.000110561545
0,0.018537723,2.778132e-05
1,0.012735903,1.8805109e-05
1,0.06885279,0.000105625644
1,0.012035682,1.772177e-05
1,0.013683665,2.0271425e-05
1,0.03819229,5.8189642e-05
0,0.004477797,6.0286825e-06
1,1.0953507,0.001693759
0,0.005174396,7.106417e-06
0,0.0043885433,5.890595e-06
0,0.014272313,2.1182144e-05
1,5.893565,0.009117256
1,0.0763842,0.00011727777
0,0.020098584,3.0196186e-05
1,0.1597279,0.00024622193
1,3.8973567,0.006028848
0,0.009090751,1.3165558e-05
0,0.009153728,1.3262992e-05
1,0.016810784,2.5109508e-05
0,0.018620191,2.7908909e-05
1,0.011852543,1.743843e-05
1,0.07583681,0.00011643088
0,0.0012792479,1.0800876e-06
0,0.03881721,5.9156475e-05
0,0.0009335125,5.451874e-07
1,0.44816482,0.0006924735
0,0.014961125,2.2247834e-05
0,0.0059352955,8.283633e-06
0,0.0035992644,4.669472e-06
0,0.006851899,9.701745e-06
0,0.0062791435,8.815613e-06
1,2.31907,0.0035870213
0,0.005970677,8.338373e-06
0,0.0068700775,9.729869e-06
0,0.007901416,1.1325492e-05
0,0.0055443184,7.678737e-06
0,0.006645263,9.382051e-06
0,0.005070654,6.9459143e-06
0,0.004200977,5.6004037e-06
1,0.06947763,0.00010659236
0,0.0054256697,7.4951718e-06
0,0.0035483078,4.590635e-06
0,0.0039776666,5.254912e-06
0,0.066769965,0.000102403224
0,0.0055224597,7.64492e-06
1,0.11899192,0.00018319777
0,0.009396686,1.3638881e-05
1,0.040142827,6.1207385e-05
1,0.10836432,0.00016675542
1,0.069808826,0.00010710476
1,0.080977306,0.00012438394
1,2.9793036,0.0046084933
1,0.0821478,0.00012619485
1,0.09216187,0.000141688
0,0.01158222,1.7020202e-05
1,0.011697146,1.7198008e-05
1,0.019343862,2.9028528e-05
0,0.020977832,3.1556505e-05
0,0.030580644,4.6413374e-05
1,0.07174933,0.00011010699
1,0.0822249,0.00012631413
1,2.333119,0.0036087567
1,1.26119,0.0019503352
0,0.002626585,3.1646036e-06
0,0.0043923757,5.896524e-06
0,0.0015807158,1.5464998e-06
1,0.0721448,0.00011071883
0,0.009071633,1.3135979e-05
1,0.0473505,7.235865e-05
1,3.8091266,0.0058923434
0,0.001764279,1.8304972e-06
0,0.03637037,5.537088e-05
0,0.01926858,2.8912056e-05
0,0.0050354456,6.8914414e-06
1,0.0967781,0.00014882993
1,1.2131928,0.0018760769
1,0.030125385,4.5709025e-05
0,0.09845814,0.0001514292
1,0.043407403,6.625814e-05
1,0.06846898,0.00010503184
1,0.01419898,2.106869e-05
1,0.03663819,5.5785233e-05
0,0.12653011,0.00019486039
1,0.06530781,0.00010014107
1,0.045829188,7.000497e-05
0,0.0125793815,1.8562949e-05
1,3.975314,0.0061494582
1,0.033552878,5.101183e-05
1,0.043684885,6.668744e-05
0,0.024863264,3.75678e-05
1,0.084984615,0.0001305838
1,0.042211145,6.440736e-05
1,0.012868523,1.901029e-05
0,0.0025995842,3.1228294e-06
0,0.0045442153,6.131441e-06
1,2.3089306,0.003571334
0,0.020164404,3.0298019e-05
1,0.0830324,0.00012756344
1,0.89470327,0.0013833299
0,0.0075338045,1.0756746e-05
0,0.0048352657,6.5817358e-06
0,0.0027293307,3.3235647e-06
0,0.0065606255,9.2511045e-06
1,0.078764424,0.0001209603
1,0.02091154,3.1453943e-05
0,0.006395401,8.995479e-06
1,0.1067395,0.00016424159
0,0.006369729,8.955762e-06
1,0.15129758,0.00023317907
1,0.022119788,3.3323267e-05
1,0.13825461,0.0002129998
0,0.0036986307,4.823205e-06
1,2.292485,0.0035458906
0,0.01952816,2.9313662e-05
0,0.0035769055,4.6348796e-06
1,0.044211082,6.750154e-05
1,0.013551371,2.006675e-05
1,2.4635487,0.0038105494
0,0.024524054,3.7042995e-05
1,0.086901106,0.00013354886
0,0.011370088,1.6692005e-05
1,0.88644594,0.0013705546
0,0.0060915365,8.52536e-06
1,0.07323903,0.000112411755
1,0.06298827,9.655242e-05
0,0.002844017,3.5010003e-06
0,0.0075852894,1.08364e-05
0,0.014223388,2.1106453e-05
1,0.101184085,0.0001556466
0,0.005048699,6.9119465e-06
1,0.08830278,0.00013571746
1,0.073537625,0.00011287373
0,0.002200902,2.506013e-06
1,0.0838229,0.00012878646
1,0.036566455,5.567425e-05
0,0.06233609,9.5543415e-05
0,0.0015465743,1.4936782e-06
0,0.0024098386,2.8292668e-06
0,0.04370304,6.6715525e-05
1,0.013734413,2.034994e-05
0,0.011567332,1.6997168e-05
1,0.1505809,0.00023207026
0,0.012193738,1.7966304e-05
0,0.008086478,1.1611809e-05
0,0.0025009892,2.9702894e-06
1,1.5029731,0.0023244068
0,0.007825582,1.1208166e-05
0,0.0043564755,5.8409814e-06
1,0.074315764,0.000114077615
1,0.8508215,0.0013154387
1,0.3516818,0.000543201
0,0.008185375,1.1764814e-05
1,0.049643915,7.590688e-05
0,0.016497431,2.462471e-05
1,0.20749807,0.00032012895
1,0.020417655,3.0689833e-05
1,0.045092415,6.886508e-05
0,0.010906845,1.5975305e-05
1,0.05089491,7.7842335e-05
0,0.0047118743,6.3908324e-06
0,0.0038683233,5.085743e-06
1,2.2152524,0.003426401
1,0.0509184,7.787868e-05
0,0.0018050228,1.8935336e-06
1,0.06852121,0.00010511264
0,0.008101372,1.1634851e-05
0,0.002183444,2.4790033e-06
0,0.017383303,2.5995274e-05
1,5.0763803,0.0078529585
1,0.17522803,0.00027020276
1,0.06503994,9.972664e-05
1,0.078809544,0.00012103011
0,0.0037969523,4.975322e-06
1,0.07246188,0.0001112094
1,0.039914668,6.0854396e-05
1,4.362516,0.0067485124
1,1.1153104,0.0017246394
0,0.018928722,2.8386248e-05
1,0.027691798,4.194393e-05
0,0.0016239681,1.6134171e-06
1,0.015518062,2.3109491e-05
1,0.041363645,6.3096166e-05
1,0.14191368,0.00021866089
1,0.036453076,5.5498836e-05
1,0.05548151,8.493844e-05
0,0.009880301,1.4387099e-05
0,0.0037174672,4.852348e-06
0,0.008893406,1.2860237e-05
1,0.45497757,0.0007030138
0,0.0045090215,6.076991e-06
1,0.015348579,2.2847276e-05
0,0.015307324,2.278345e-05
1,0.090511136,0.00013913408
0,0.012222224,1.8010376e-05
0,0.0014869451,1.4014237e-06
1,1.2143309,0.0018778377
0,0.013077451,1.9333529e-05
1,0.09750296,0.00014995139
1,0.07425127,0.00011397783
0,0.0076024295,1.0862918e-05
1,0.048089914,7.3502626e-05
1,0.05408258,8.27741e-05
0,0.0031140747,3.918817e-06
0,0.005225507,7.185493e-06
1,0.13840528,0.0002132329
1,0.09245353,0.00014213924
1,0.07023187,0.00010775927
0,0.006523104,9.193053e-06
0,0.004745899,6.4434726e-06
1,2.2997308,0.0035571007
1,0.01297895,1.9181134e-05
0,0.0063099284,8.863241e-06
1,0.02968123,4.5021858e-05
0,0.013695708,2.0290057e-05
1,0.05338988,8.1702405e-05
1,0.01992119,2.9921732e-05
0,0.001490332,1.4066636e-06
1,0.0209342,3.1489e-05
0,0.04226263,6.4487016e-05
0,0.014592035,2.1676798e-05
1,4.937908,0.0076387236
1,0.08921866,0.00013713444
0,0.024608264,3.7173282e-05
0,0.031488538,4.781801e-05
0,0.005922138,8.263277e-06
0,0.009419313,1.3673887e-05
1,0.02226524,3.3548302e-05
1,0.041421853,6.318622e-05
1,0.07572909,0.00011626422
1,0.111955285,0.00017231112
1,0.0557093,8.529086e-05
1,0.084962875,0.00013055015
0,0.007189159,1.0223532e-05
1,1.4290215,0.0022099935
1,0.09208166,0.0001415639
0,0.0043368754,5.8106575e-06
1,0.05586381,8.552991e-05
0,0.0026667872,3.2268015e-06
1,0.06026027,9.233184e-05
0,0.008600777,1.24075e-05
0,0.005128211,7.034962e-06
1,0.021598833,3.2517277e-05
0,0.0061608166,8.632545e-06
0,0.023583671,3.5588095e-05
1,0.89363325,0.0013816743
0,0.014701969,2.1846883e-05
1,0.022464238,3.3856177e-05
0,0.0033375067,4.2644965e-06
1,0.01879482,2.8179084e-05
1,0.06966684,0.00010688509
0,0.0057451697,7.989483e-06
0,0.004020545,5.321251e-06
1,0.0844388,0.00012973935
0,0.008183509,1.1761928e-05
0,0.0048990226,6.6803764e-06
1,2.3965645,0.0037069158
1,0.104668796,0.00016103793
1,0.080980346,0.00012438864
0,0.0026450658,3.1931957e-06
1,2.0685,0.003199355
0,0.0042666052,5.7019397e-06
0,0.007801222,1.1170478e-05
0,0.0025251652,3.0076928e-06
0,0.052574642,8.044112e-05
0,0.009529498,1.3844359e-05
1,0.080056794,0.00012295977
0,0.026828889,4.0608895e-05
1,0.077711076,0.00011933063
1,0.069652356,0.00010686268
1,0.050766107,7.764306e-05
1,0.67358977,0.0010412368
1,4.749918,0.0073478767
1,1.3775274,0.002130325
0,0.0047664694,6.4752985e-06
1,0.033978127,5.166975e-05
1,2.384104,0.0036876376
1,5.4919763,0.008495943
1,0.08910516,0.00013695884
0,0.013816755,2.0477335e-05
1,0.017508116,2.6188376e-05
1,0.1514892,0.00023347553
1,0.0825807,0.0001268646
0,0.0070074876,9.9424615e-06
0,0.043019943,6.5658685e-05
0,0.018548805,2.7798465e-05
1,3.252485,0.0050311424
0,0.004238676,5.658729e-06
0,0.004377043,5.872802e-06
1,2.787679,0.0043120235
1,0.15747388,0.00024273465
1,0.08805184,0.00013532922
1,1.6332035,0.0025258912
1,5.879634,0.009095702
1,2.856691,0.0044187945
0,0.0056853713,7.896966e-06
0,0.0036696072,4.7783024e-06
1,0.06673649,0.000102351434
1,0.030235456,4.5879322e-05
1,0.5267738,0.0008140924
0,0.014004134,2.0767235e-05
1,0.07416577,0.00011384555
1,0.09164671,0.00014089097
1,1.2625762,0.0019524798
0,0.036660302,5.5819444e-05
0,0.002169785,2.457871e-06
0,0.006219134,8.722771e-06
1,0.022728229,3.426461e-05
1,0.046222016,7.061273e-05
1,0.03951194,6.0231323e-05
0,0.025073564,3.7893165e-05
1,0.09661754,0.00014858153
0,0.009345284,1.3559355e-05
1,0.48629487,0.0007514659
0,0.0066438694,9.379894e-06
1,0.05171618,7.911296e-05
1,3.3745475,0.00521999
0,0.007078587,1.0052462e-05
1,0.061903488,9.487412e-05
0,0.0020692889,2.3023895e-06
0,0.0026370524,3.1807976e-06
1,0.071986176,0.00011047342
0,0.0054661375,7.5577814e-06
1,0.22752233,0.00035110922
1,0.049074158,7.502538e-05
0,0.007939374,1.1384218e-05
1,0.06539896,0.00010028209
1,0.054740906,8.379262e-05
1,0.06314875,9.680071e-05
1,1.0475537,0.0016198104
1,0.05810991,8.9004934e-05
1,2.3185635,0.0035862376
0,0.0050128824,6.856533e-06
0,0.005688218,7.90137e-06
0,0.005387906,7.4367463e-06
1,0.07954169,0.00012216283
0,0.017778182,2.6606207e-05
1,0.030127095,4.5711673e-05
1,0.017769972,2.6593503e-05
1,0.078332946,0.000120292745
1,0.05351616,8.189777e-05
0,0.0141210845,2.0948175e-05
1,0.3548409,0.0005480886
0,0.00659836,9.309485e-06
1,0.027016126,4.0898572e-05
0,0.011836946,1.7414299e-05
1,0.055942867,8.5652224e-05
1,0.072862975,0.00011182995
1,0.118712336,0.00018276522
1,2.292487,0.0035458934
1,0.014894575,2.214487e-05
1,0.016004564,2.3862176e-05
0,0.0052843424,7.276519e-06
1,0.055723038,8.531212e-05
1,0.06610979,0.00010138185
1,0.08011516,0.00012305008
0,0.006227116,8.73512e-06
0,0.0024679312,2.919144e-06
1,0.17036064,0.00026267223
0,0.008543226,1.2318461e-05
1,0.017480038,2.6144937e-05
0,0.0028335536,3.484812e-06
1,0.0855249,0.00013141969
0,0.0020310138,2.2431727e-06
0,0.002546384,3.040521e-06
0,0.008655499,1.2492162e-05
0,0.0026688005,3.2299167e-06
1,3.2325358,0.0050002784
1,0.07239228,0.00011110171
1,0.05868882,8.990059e-05
1,0.16585362,0.00025569927
0,0.002784418,3.4087923e-06
1,0.01427408,2.118488e-05
1,0.08300404,0.00012751957
0,0.009568426,1.3904586e-05
0,0.26626915,0.0004110559
1,5.1096983,0.007904506
1,0.062695034,9.609875e-05
1,0.013599459,2.0141148e-05
0,0.001961761,2.136029e-06
0,0.0026645798,3.2233866e-06
0,0.025596317,3.8701935e-05
1,0.07707179,0.000118341566
1,0.32921156,0.00050843647
0,0.026071452,3.9437033e-05
0,0.0065884273,9.294118e-06
0,0.0041894373,5.5825503e-06
0,0.013223952,1.9560186e-05
0,0.0017883719,1.8677724e-06
1,0.25195727,0.00038891347
1,0.102327935,0.00015741629
1,0.07109667,0.00010909724
1,0.014839957,2.2060369e-05
0,0.004328699,5.7980074e-06
0,0.0049283463,6.7257442e-06
0,0.015697775,2.3387533e-05
1,0.044852052,6.849321e-05
1,0.013158421,1.9458801e-05
1,0.039147787,5.9667924e-05
1,4.082501,0.006315291
0,0.0088413395,1.2779683e-05
1,0.14503421,0.00022348877
1,0.10226909,0.00015732525
1,0.40446565,0.0006248649
0,0.015827121,2.3587649e-05
0,0.008776183,1.2678877e-05
0,0.049088653,7.5047814e-05
1,0.39506847,0.0006103262
1,0.019311383,2.8978278e-05
0,0.0049497373,6.758839e-06
1,0.06076051,9.310578e-05
0,0.0023518158,2.7394976e-06
0,0.0020901603,2.3346804e-06
1,0.020682104,3.109897e-05
1,0.01624124,2.4228344e-05
1,0.08002329,0.00012290794
0,0.0019242963,2.078066e-06
0,0.009879853,1.4386405e-05
0,0.002269102,2.6115279e-06
1,0.06345555,9.727537e-05
1,0.015116392,2.2488051e-05
1,0.07963724,0.00012231067
0,0.007831026,1.1216588e-05
0,0.0017177417,1.7584978e-06
0,0.009580278,1.3922922e-05
0,0.00463744,6.2756726e-06
1,0.023476144,3.5421737e-05
1,0.24945572,0.0003850432
0,0.011139188,1.633477e-05
1,0.013159627,1.9460667e-05
0,0.001755138,1.816355e-06
1,0.08005326,0.00012295431
0,0.008269332,1.1894709e-05
0,0.06415671,9.8360164e-05
1,2.9788384,0.0046077734
1,0.06431905,9.861132e-05
1,0.07428152,0.00011402464
1,0.07337144,0.00011261662
1,0.0126068285,1.8605413e-05
1,0.060224116,9.22759e-05
1,0.07881588,0.000121039906
0,0.009390066,1.3628639e-05
0,0.021057658,3.1680007e-05
1,0.05134643,7.85409e-05
1,2.3107255,0.003574111
1,1.0115092,0.0015640446
1,2.3200803,0.0035885843
1,0.04529451,6.9177746e-05
1,0.07560043,0.00011606517
0,0.0036733588,4.784106e-06
0,0.00926885,1.3441101e-05
0,0.005052926,6.918486e-06
0,0.0042695594,5.7065104e-06
0,0.019007403,2.850798e-05
0,0.0030852763,3.874262e-06
0,0.002191973,2.4921985e-06
1,0.073386244,0.00011263952
1,0.019780217,2.9703628e-05
0,0.003834293,5.0330937e-06
0,0.009436279,1.3700136e-05
0,0.0113416845,1.664806e-05
1,0.08225434,0.00012635968
1,0.015002992,2.2312606e-05
1,5.294312,0.008190129
0,0.007876616,1.1287123e-05
1,0.0830127,0.00012753297
1,0.06170934,9.457375e-05
0,0.0028418906,3.4977106e-06
1,0.083195806,0.00012781625
1,0.06568317,0.00010072181
1,0.04412975,6.737571e-05
1,0.04825235,7.375394e-05
0,0.0018326604,1.9362928e-06
1,4.201953,0.0065000993
0,0.027863123,4.2208994e-05
1,3.3209627,0.005137087
0,0.0032867077,4.1859034e-06
0,0.007167174,1.0189518e-05
1,1.4086049,0.0021784063
0,0.008758686,1.2651806e-05
0,0.0021403555,2.4123394e-06
0,0.0017152452,1.7546353e-06
0,0.0026192504,3.1532559e-06
1,0.104599394,0.00016093055
1,0.012464949,1.8385905e-05
1,0.20078637,0.00030974502
1,0.037962206,5.7833666e-05
1,0.07002706,0.0001074424
0,0.0030896156,3.880975e-06
0,0.022131696,3.334169e-05
1,2.5228052,0.0039022276
1,0.01916586,2.8753135e-05
0,0.0135812,2.0112899e-05
1,0.47913274,0.00074038515
1,0.057078842,8.740973e-05
0,0.0065789004,9.279378e-06
0,0.0059381044,8.287979e-06
1,1.112759,0.001720692
1,2.123804,0.003284918
0,0.0020367554,2.2520558e-06
1,1.7264243,0.0026701167
1,0.098663576,0.00015174702
0,0.01012148,1.4760236e-05
0,0.001406934,1.2776355e-06
0,0.0051500043,7.0686797e-06
0,0.009799753,1.4262481e-05
1,0.04661132,7.1215036e-05
1,0.0338198,5.1424795e-05
1,1.4771641,0.0022844768
0,0.0035849116,4.647266e-06
1,0.5168742,0.00079877634
0,0.007646743,1.0931478e-05
0,0.006634525,9.365437e-06
0,0.0037650997,4.9260416e-06
1,0.12121488,0.000186637
0,0.0031343026,3.9501124e-06
0,0.016520437,2.4660301e-05
0,0.0029653625,3.6887388e-06
1,0.22723384,0.0003506629
1,0.07878731,0.00012099571
0,0.009238593,1.3394289e-05
0,0.0033207536,4.2385773e-06
0,0.0037366275,4.8819916e-06
0,0.003543468,4.5831475e-06
1,0.024745077,3.738495e-05
0,0.0045125093,6.0823872e-06
0,0.002784546,3.4089903e-06
1,0.06343586,9.7244905e-05
1,0.06583285,0.00010095339
0,0.003537437,4.573816e-06
0,0.035925966,5.4683325e-05
1,0.42787352,0.00066108006
1,0.06658012,0.0001021095
1,1.1846069,0.0018318506
0,0.006544679,9.226433e-06
1,0.051310606,7.848548e-05
1,0.060396675,9.2542876e-05
0,0.0052450695,7.2157586e-06
1,0.80735326,0.0012481874
0,0.0046271496,6.2597514e-06
0,0.007687685,1.09948205e-05
0,0.007655964,1.0945743e-05
0,0.0038122751,4.999029e-06
1,0.052876312,8.090784e-05
1,0.017967114,2.689851e-05
1,0.08169251,0.00012549045
1,0.0885747,0.00013613814
1,0.28250495,0.00043617492
1,0.21534161,0.000332264
0,0.005873578,8.188148e-06
1,0.026519392,4.0130057e-05
0,0.008214063,1.1809199e-05
0,0.016009672,2.3870078e-05
1,0.0731031,0.00011220146
0,0.011341853,1.6648322e-05
0,0.012790007,1.8888813e-05
1,0.021641387,3.2583113e-05
1,2.3401296,0.0036196033
0,0.0075576026,1.0793565e-05
1,0.056747727,8.689745e-05
0,0.007204014,1.0246515e-05
0,0.004657671,6.306972e-06
1,0.01800823,2.6962121e-05
0,0.011100603,1.6275075e-05
0,0.011074258,1.6234315e-05
0,0.0020602504,2.2884058e-06
0,0.0045029,6.06752e-06
1,0.012598728,1.859288e-05
1,0.07223728,0.00011086192
0,0.0567164,8.684899e-05
1,0.034432758,5.2373125e-05
0,0.007231851,1.0289583e-05
1,0.013320758,1.970996e-05
1,5.237243,0.008101836
0,0.031177215,4.733635e-05
0,0.0034345645,4.414658e-06
1,0.07471899,0.000114701455
1,0.03561217,5.4197837e-05
0,0.004676665,6.336359e-06
1,0.04545033,6.941883e-05
0,0.0077982773,1.1165922e-05
0,0.017623134,2.6366324e-05
1,2.3959177,0.003705915
1,0.099867634,0.00015360987
1,0.08615314,0.00013239167
1,0.08478394,0.00013027333
1,0.06279447,9.6252596e-05
1,0.01593336,2.3752014e-05
1,0.013431878,1.9881876e-05
1,0.017822053,2.667408e-05
1,0.08072897,0.00012399972
1,1.3100796,0.002025974
1,5.8808084,0.009097519
0,0.0043852385,5.8854816e-06
1,0.10754406,0.00016548634
1,2.3617518,0.0036530558
1,0.0780386,0.00011983736
1,5.9082127,0.009139918
0,0.0078181,1.119659e-05
1,0.11548192,0.00017776732
1,0.0113801295,1.670754e-05
0,0.0077553405,1.1099492e-05
0,0.005374889,7.416607e-06
0,0.003532916,4.566822e-06
1,0.08185297,0.0001257387
1,0.02935189,4.4512322e-05
0,0.0069448883,9.845612e-06
0,0.004730858,6.4202027e-06
1,0.08347831,0.00012825333
1,0.08658469,0.00013305932
0,0.009568796,1.3905158e-05
1,0.012488873,1.842292e-05
1,0.10241405,0.00015754953
1,0.0767113,0.000117783835
1,0.09193011,0.00014132942
1,0.07951022,0.00012211414
0,0.012503682,1.844583e-05
0,0.014619784,2.1719732e-05
0,0.0064541427,9.086361e-06
0,0.0034821425,4.488268e-06
0,0.0057794,8.042442e-06
1,2.1172948,0.003274847
0,0.007047287,1.0004037e-05
1,0.07753141,0.00011905266
1,0.015051911,2.238829e-05
1,5.8786836,0.009094233
1,0.14184353,0.00021855235
0,0.0100653935,1.4673463e-05
0,0.04047056,6.171443e-05
0,0.004135065,5.4984284e-06
0,0.0046722107,6.329467e-06
1,5.153333,0.007972015
0,0.0076021496,1.0862485e-05
0,0.0029350114,3.6417812e-06
0,0.003378332,4.327659e-06
0,0.0011915832,9.4445824e-07
1,0.08191663,0.00012583719
0,0.024049424,3.630868e-05
1,0.12459311,0.00019186358
1,2.0994227,0.0032471966
0,0.007933591,1.137527e-05
0,0.010216622,1.4907434e-05
1,1.246265,0.0019272442
1,0.09977898,0.0001534727
1,0.077468745,0.00011895571
0,0.009540361,1.3861166e-05
0,0.008609258,1.2420621e-05
0,0.024055196,3.6317608e-05
0,0.02864605,4.3420292e-05
1,0.02814437,4.2644126e-05
0,0.0023818351,2.7859414e-06
1,0.07422217,0.00011393281
0,0.004493574,6.053092e-06
1,3.046408,0.004712313
1,0.08111063,0.0001245902
0,0.0068034744,9.626825e-06
1,0.068555765,0.0001051661
1,0.07044952,0.00010809601
1,0.01421843,2.1098782e-05
0,0.0060489303,8.459442e-06
0,0.0029817584,3.7141056e-06
1,1.405279,0.0021732608
0,0.0026616077,3.218788e-06
0,0.0071992353,1.0239121e-05
1,0.050704196,7.754728e-05
1,0.0158515,2.3625364e-05
0,0.013233575,1.9575074e-05
0,0.006100124,8.5386455e-06
1,0.076684594,0.00011774252
1,0.07776705,0.00011941723
0,0.0029542085,3.671482e-06
1,1.8787931,0.0029058522
1,0.030368006,4.6084395e-05
1,0.076011576,0.00011670127
1,0.06439771,9.873302e-05
1,0.021489514,3.2348147e-05
0,0.0057744756,8.034823e-06
0,0.0063760714,8.965574e-06
0,0.020300267,3.0508218e-05
1,0.06572531,0.000100787
0,0.0013493571,1.1885561e-06
1,1.4867,0.0022992303
1,0.08814378,0.00013547146
1,0.049048845,7.498622e-05
1,0.03969699,6.051762e-05
1,0.015629217,2.3281464e-05
1,3.9854274,0.006165105
0,0.002331732,2.7084252e-06
0,0.004657255,6.3063285e-06
1,0.017338764,2.5926365e-05
1,0.078849524,0.000121091965
1,0.05684789,8.7052416e-05
0,0.0017037529,1.7368551e-06
0,0.004473455,6.0219645e-06
0,0.003696754,4.820302e-06
1,0.11661939,0.00017952714
0,0.010403431,1.5196453e-05
0,0.013849607,2.0528161e-05
0,0.0017449838,1.800645e-06
1,0.070728794,0.000108528075
0,0.004656049,6.3044627e-06
0,0.00463273,6.2683853e-06
1,0.07092634,0.00010883371
1,0.072422296,0.00011114816
1,0.073046036,0.00011211317
1,0.06576693,0.000100851394
1,0.11268384,0.0001734383
0,0.0027050546,3.2860066e-06
1,0.10543141,0.0001622178
1,0.09169828,0.00014097076
1,5.9258056,0.009167137
1,0.109816074,0.00016900148
0,0.002356063,2.7460687e-06
0,0.003038312,3.8016017e-06
0,0.008900176,1.2870711e-05
1,0.054279536,8.307882e-05
1,0.030572075,4.6400117e-05
1,0.015454475,2.3011113e-05
0,0.05496148,8.4133884e-05
1,1.209498,0.0018703606
0,0.011974079,1.7626462e-05
1,0.12854984,0.0001979852
0,0.014114826,2.0938493e-05
1,1.9955078,0.0030864258
0,0.029014083,4.3989687e-05
0,0.0027428,3.3444035e-06
1,0.048071798,7.34746e-05
0,0.0059840702,8.359094e-06
1,0.054119296,8.2830906e-05
1,0.06429711,9.857738e-05
1,0.035514094,5.40461e-05
1,0.82933617,0.0012821979
0,0.0020623573,2.2916654e-06
1,0.037400484,5.6964607e-05
0,0.0038223525,5.01462e-06
1,0.034557283,5.2565785e-05
0,0.06203216,9.507319e-05
1,0.7362319,0.0011381529
1,0.11717176,0.00018038173
1,0.07462403,0.00011455455
1,0.059963573,9.1872804e-05
1,0.044120055,6.736071e-05
0,0.008095494,1.1625756e-05
1,0.059146136,9.060812e-05
0,0.015751733,2.3471011e-05
1,0.15598154,0.0002404258
1,0.014803821,2.2004462e-05
0,0.02547544,3.851492e-05
1,0.065560885,0.00010053261
1,2.417011,0.0037385493
0,0.009193086,1.3323884e-05
1,0.13595548,0.00020944273
1,0.021891441,3.2969983e-05
1,0.03928742,5.9883958e-05
1,0.063288406,9.7016775e-05
0,0.0074957293,1.0697839e-05
0,0.0044472953,5.981492e-06
1,0.07031979,0.000107895285
1,5.9257727,0.009167085
0,0.15716706,0.00024225996
1,0.090870425,0.00013968995
1,0.06691632,0.00010262965
1,1.8846186,0.002914865
0,0.009071697,1.31360775e-05
1,0.1401045,0.00021586183
1,0.12948586,0.00019943334
0,0.004818138,6.555237e-06
0,0.022158708,3.3383483e-05
1,0.31883582,0.0004923838
1,0.11486374,0.0001768109
0,0.004982769,6.8099434e-06
1,0.06948676,0.00010660648
1,0.12430244,0.00019141387
1,0.062231414,9.538147e-05
0,0.0037562887,4.91241e-06
0,0.022045719,3.320867e-05
1,0.012943966,1.912701e-05
0,0.006068171,8.48921e-06
1,0.73551905,0.00113705
1,0.88630074,0.00137033
0,0.0017272978,1.7732823e-06
0,0.004195479,5.591898e-06
1,0.060392316,9.253613e-05
0,0.0030968313,3.892139e-06
1,0.04226931,6.4497355e-05
0,0.007830433,1.121567e-05
0,0.003958116,5.224664e-06
1,4.0598764,0.0062802876
1,0.08036256,0.00012343284
0,0.0025828585,3.0969525e-06
1,0.06420093,9.842857e-05
1,0.12814824,0.00019736386
1,0.0821848,0.0001262521
1,0.014841708,2.2063079e-05
1,0.21950762,0.00033870936
1,3.740919,0.005786817
0,0.006097144,8.534035e-06
1,0.067728065,0.00010388554
1,0.06237219,9.5599265e-05
1,0.16456625,0.00025370752
1,0.13330299,0.00020533896
1,0.078048244,0.00011985227
1,0.5071793,0.00078377704
0,0.0041502523,5.5219257e-06
0,0.003688663,4.807784e-06
0,0.0036446615,4.7397075e-06
1,5.1711965,0.007999652
0,0.0013733107,1.2256156e-06
0,0.0065644598,9.257036e-06
0,0.016802156,2.509616e-05
1,0.07794133,0.00011968686
0,0.012458958,1.8376635e-05
1,2.3917782,0.0036995108
1,1.2563431,0.0019428364
1,0.061329097,9.398546e-05
1,0.01593065,2.3747822e-05
1,0.04012796,6.1184386e-05
0,0.051834803,7.9296486e-05
1,0.078053914,0.00011986105
0,0.004978533,6.8033896e-06
0,0.01645015,2.4551557e-05
1,0.014799825,2.199828e-05
0,0.0063896887,8.986642e-06
0,0.010563386,1.5443926e-05
1,0.08358069,0.00012841172
1,0.13607432,0.00020962658
1,1.0241406,0.0015835871
0,0.0062752017,8.809515e-06
0,0.011006165,1.6128966e-05
1,0.07313821,0.00011225577
0,0.0018700497,1.9941392e-06
0,0.035544008,5.4092383e-05
1,0.07329192,0.00011249359
0,0.008327965,1.1985421e-05
1,0.053634867,8.208143e-05
0,0.0124185085,1.8314055e-05
0,0.004089069,5.427267e-06
1,0.067587025,0.00010366733
1,4.908552,0.007593306
0,0.008658977,1.2497544e-05
0,0.002288821,2.6420357e-06
0,0.0041273492,5.486492e-06
1,0.7101449,0.0010977926
1,0.079714246,0.0001224298
1,0.09206897,0.00014154427
1,0.050279878,7.68908e-05
0,0.028017787,4.2448282e-05
0,0.003938731,5.194673e-06
0,0.0024189143,2.8433083e-06
1,0.059835974,9.167539e-05
1,0.07308776,0.000112177724
0,0.007327426,1.043745e-05
0,0.01117159,1.63849e-05
0,0.0051349443,7.04538e-06
0,0.0065970067,9.307391e-06
1,0.036732513,5.5931163e-05
1,0.06779134,0.00010398344
1,0.19748221,0.00030463305
1,0.11810569,0.00018182665
0,0.022160137,3.338569e-05
0,0.0027466882,3.3504193e-06
1,0.07050437,0.00010818086
0,0.0064699515,9.1108195e-06
1,2.193026,0.003392014
1,0.052463148,8.026862e-05
1,2.2650747,0.003503483
0,0.0015861955,1.5549778e-06
0,0.009819125,1.4292452e-05
0,0.036537096,5.5628825e-05
1,2.255256,0.003488292
0,0.0027317412,3.3272945e-06
0,0.0012730544,1.0705054e-06
1,0.069219895,0.000106193605
0,0.04662991,7.12438e-05
0,0.0027358409,3.3336373e-06
0,0.011141992,1.6339109e-05
1,4.459644,0.0068987827
1,4.1799445,0.0064660492
1,0.03954977,6.028985e-05
1,0.03502754,5.3293337e-05
1,0.0616405,9.446724e-05
1,0.30029744,0.00046370234
0,0.021650668,3.2597472e-05
0,0.010772592,1.5767597e-05
1,0.08567181,0.00013164699
1,0.30609334,0.0004726694
1,0.0707157,0.000108507826
0,0.011102974,1.6278744e-05
1,0.07356122,0.00011291023
0,0.001754015,1.8146175e-06
0,0.022740215,3.428315e-05
1,1.4121389,0.002183874
0,0.0038190668,5.009537e-06
0,0.013458873,1.9923642e-05
1,0.04039581,6.159879e-05
0,0.003857062,5.06832e-06
1,0.09577622,0.00014727989
1,1.1081206,0.0017135157
1,0.07169865,0.00011002858
1,5.0413456,0.007798755
0,0.0020195558,2.2254455e-06
1,0.12511103,0.00019266487
1,0.012747651,1.8823284e-05
0,0.014636043,2.1744887e-05
0,0.0033484004,4.281351e-06
1,5.6547003,0.0087477
1,0.048533052,7.418822e-05
1,0.09698976,0.0001491574
0,0.004356701,5.84133e-06
0,0.0024201712,2.8452528e-06
1,0.28632358,0.00044208288
1,2.335825,0.0036129435
1,0.094121695,0.0001447201
0,0.0139020085,2.0609234e-05
1,0.11453914,0.0001763087
1,0.13103814,0.00020183493
1,3.5897183,0.005552889
1,0.061424274,9.413271e-05
0,0.0034577956,4.4506005e-06
1,0.0141739575,2.1029977e-05
0,0.007941653,1.1387744e-05
0,0.008443751,1.216456e-05
0,0.0028687739,3.5393025e-06
0,0.021814417,3.2850818e-05
0,0.0034319712,4.4106464e-06
0,0.009010131,1.3040826e-05
1,0.018678134,2.7998556e-05
0,0.0031323158,3.9470383e-06
0,0.0016132245,1.5967953e-06
1,0.051563937,7.887741e-05
0,0.016484747,2.4605084e-05
0,0.052373506,8.012993e-05
0,0.031098774,4.721499e-05
1,0.061822042,9.474812e-05
1,0.06889767,0.00010569508
1,2.3102427,0.003573364
0,0.0038755895,5.0969848e-06
0,0.039136104,5.964985e-05
1,0.09866384,0.00015174743
1,0.10754071,0.00016548118
0,0.017074397,2.5517353e-05
0,0.005443673,7.5230255e-06
0,0.0034998474,4.51566e-06
1,0.07370328,0.000113130016
0,0.006676656,9.43062e-06
0,0.021551628,3.2444244e-05
1,5.6548047,0.008747861
1,0.10527506,0.0001619759
1,4.6899066,0.007255031
0,0.046310235,7.0749215e-05
0,0.01165994,1.7140444e-05
0,0.0044916896,6.050176e-06
0,0.0015092822,1.4359822e-06
0,0.0022662058,2.6070472e-06
0,0.008772786,1.2673621e-05
1,0.050897807,7.7846824e-05
1,0.102061115,0.00015700348
1,5.222742,0.0080794
0,0.01372086,2.0328971e-05
1,0.0957004,0.00014716259
1,0.07402629,0.00011362975
0,0.023363184,3.5246972e-05
1,2.1440992,0.0033163172
0,0.00405452,5.3738145e-06
1,0.25355923,0.00039139192
0,0.008140214,1.1694945e-05
1,0.012605612,1.860353e-05
0,0.0052848887,7.277364e-06
1,0.013923314,2.0642197e-05
1,0.056990966,8.727377e-05
1,3.9777942,0.0061532953
0,0.0065975217,9.308188e-06
1,0.08751901,0.00013450485
1,3.136517,0.004851724
0,0.028924117,4.3850498e-05
1,0.45611715,0.00070477684
0,0.02526525,3.818973e-05
0,0.00748472,1.0680806e-05
0,0.012969758,1.9166915e-05
1,0.027382892,4.146601e-05
0,0.0056293383,7.810275e-06
0,0.017378917,2.5988487e-05
1,0.028482376,4.3167063e-05
0,0.0019387543,2.1004346e-06
0,0.0041388897,5.5043465e-06
1,0.08807497,0.00013536499
1,0.017277552,2.5831661e-05
0,0.008148224,1.1707338e-05
1,0.05958011,9.127954e-05
0,0.015168253,2.2568289e-05
1,0.07956485,0.00012219866
0,0.0038083638,4.992977e-06
1,0.021522118,3.2398588e-05
1,0.03300961,5.0171322e-05
0,0.02057589,3.0934643e-05
0,0.019212332,2.8825032e-05
0,0.009005706,1.303398e-05
1,0.037317768,5.6836634e-05
0,0.0045453003,6.1331193e-06
0,0.0102033885,1.488696e-05
1,1.1126391,0.0017205065
1,0.08385581,0.00012883738
0,0.0022770471,2.6238201e-06
0,0.0043712673,5.863866e-06
0,0.0021183346,2.37827e-06
1,0.060291536,9.2380214e-05
0,0.00301329,3.7628888e-06
1,2.0459223,0.003164424
0,0.0029559361,3.6741549e-06
0,0.0042191637,5.628541e-06
0,0.01686838,2.5198618e-05
1,0.5403965,0.0008351686
0,0.008718993,1.2590396e-05
1,0.052370034,8.0124555e-05
1,5.118701,0.007918435
1,0.045309152,6.92004e-05
0,0.006198658,8.691091e-06
1,0.02084767,3.1355128e-05
0,0.011035126,1.6173772e-05
0,0.028587446,4.3329623e-05
0,0.009285242,1.34664615e-05
0,0.030551666,4.6368543e-05
1,0.07813519,0.00011998679
1,0.018542266,2.7788348e-05
1,0.013721972,2.0330692e-05
1,0.090986185,0.00013986905
1,4.4888277,0.006943934
1,0.06572065,0.000100779784
1,0.83384657,0.0012891762
1,0.08413953,0.00012927633
0,0.017011749,2.5420428e-05
1,0.06593431,0.00010111035
1,0.80868304,0.0012502447
1,0.015256422,2.2704697e-05
1,4.215824,0.0065215603
0,0.0056850514,7.896471e-06
1,0.11554986,0.00017787243
0,0.013781325,2.042252e-05
1,0.03429568,5.2161045e-05
1,0.02516729,3.803817e-05
1,0.41107583,0.00063509174
0,0.008879617,1.2838904e-05
0,0.004489171,6.0462794e-06
1,3.3759801,0.0052222065
0,0.002071596,2.305959e-06
0,0.0038556044,5.0660656e-06
1,0.015496807,2.3076607e-05
1,3.5631485,0.0055117817
1,2.2931597,0.0035469343
1,0.054493017,8.3409104e-05
0,0.0146203,2.172053e-05
0,0.0020368479,2.2521988e-06
1,0.01843125,2.7616592e-05
0,0.00465398,6.3012617e-06
1,0.08716891,0.0001339632
1,4.317168,0.0066783535
1,4.8409095,0.007488653
1,0.017931148,2.6842865e-05
1,0.073545024,0.00011288517
0,0.024565028,3.710639e-05
0,0.0023267423,2.7007054e-06
1,5.2432346,0.008111105
1,0.08331163,0.00012799546
1,0.019477736,2.9235649e-05
1,0.5285881,0.00081689935
0,0.0022032815,2.5096945e-06
0,0.023664406,3.5713e-05
1,0.14116101,0.0002174964
0,0.0043424945,5.819351e-06
0,0.0032478648,4.1258086e-06
0,0.003024915,3.7808747e-06
1,0.089688,0.00013786058
1,0.02089248,3.1424453e-05
1,3.975346,0.006149508
1,0.073719986,0.00011315586
0,0.0013235337,1.1486038e-06
1,0.11968294,0.00018426687
0,0.0121452445,1.7891278e-05
1,1.045864,0.0016171962
0,0.010374372,1.5151495e-05
0,0.0071896273,1.0224257e-05
1,4.1972737,0.00649286
1,0.10395823,0.00015993857
0,0.015555995,2.3168177e-05
0,0.04037691,6.1569546e-05
1,0.08310967,0.000127683
0,0.0012257973,9.973921e-07
0,0.0035700204,4.6242276e-06
1,0.0136098415,2.0157211e-05
0,0.0070431987,9.9977115e-06
0,0.004197301,5.5947166e-06
1,0.014655074,2.1774329e-05
1,5.9083867,0.009140187
0,0.0061150226,8.561696e-06
1,2.2408931,0.0034660709
0,0.014663614,2.1787542e-05
1,0.06666923,0.00010224738
0,0.003309345,4.220927e-06
1,0.089780316,0.0001380034
0,0.0041592233,5.535805e-06
0,0.005450901,7.534208e-06
1,0.07483275,0.00011487747
0,0.0021425858,2.41579e-06
1,0.042003773,6.4086526e-05
1,0.093738556,0.00014412735
1,0.054882687,8.4011976e-05
0,0.014591762,2.1676376e-05
1,0.06490889,9.952389e-05
1,0.013563194,2.008504e-05
0,0.0077681025,1.1119238e-05
1,0.40488282,0.0006255103
0,0.0027601842,3.3712997e-06
1,5.298702,0.008196921
0,0.003102412,3.9007728e-06
1,1.3307499,0.002057954
1,0.033680726,5.120963e-05
0,0.003820787,5.012198e-06
1,0.06541149,0.000100301484
1,0.12462723,0.00019191638
0,0.009095561,1.31729985e-05
1,0.07108535,0.000109079716
1,0.2466948,0.00038077167
0,0.004006587,5.2996556e-06
0,0.00428695,5.733416e-06
0,0.0048772604,6.6467073e-06
1,0.081261404,0.00012482348
1,3.4557054,0.005345552
0,0.0055140234,7.631867e-06
0,0.0029373097,3.6453373e-06
0,0.0030184477,3.7708685e-06
1,0.04853197,7.4186544e-05
0,0.005892661,8.217671e-06
0,0.024091706,3.6374095e-05
1,0.01601936,2.3885066e-05
0,0.022577861,3.4031968e-05
0,0.0071408246,1.0148752e-05
0,0.0110032605,1.6124472e-05
1,0.024707982,3.7327558e-05
0,0.028912194,4.3832053e-05
1,3.5438688,0.0054819533
1,0.012981504,1.9185087e-05
0,0.0047512064,6.4516844e-06
1,1.3268511,0.002051922
1,0.014130541,2.0962805e-05
1,0.78641784,0.0012157974
1,0.03538555,5.3847227e-05
0,0.023521924,3.5492565e-05
1,0.019597339,2.9420691e-05
1,0.015778154,2.351189e-05
1,0.08133586,0.00012493867
1,2.3637655,0.0036561713
1,0.017108062,2.5569438e-05
0,0.0025222707,3.0032147e-06
1,0.06488488,9.948674e-05
0,0.008933856,1.2922819e-05
0,0.0040130564,5.309665e-06
1,0.08865395,0.00013626076
0,0.004760976,6.4667993e-06
1,0.038015556,5.7916208e-05
0,0.038243152,5.826833e-05
1,0.15750858,0.00024278834
0,0.007849789,1.1245618e-05
1,0.09876549,0.00015190471
1,3.8090453,0.0058922176
0,0.004347899,5.8277124e-06
1,0.018584484,2.7853666e-05
1,0.061492655,9.423851e-05
1,0.06071904,9.304161e-05
1,0.44876447,0.00069340126
1,0.07760071,0.00011915988
0,0.010190751,1.4867409e-05
1,0.015514001,2.3103208e-05
0,0.013706435,2.0306656e-05
1,0.017691137,2.6471535e-05
1,0.05097358,7.7964054e-05
1,0.050884433,7.782613e-05
0,0.001880923,2.0109617e-06
0,0.003310998,4.223484e-06
1,0.04763876,7.280463e-05
0,0.0027486258,3.353417e-06
1,0.03469184,5.277396e-05
0,0.017475802,2.6138383e-05
0,0.006202186,8.696549e-06
0,0.0074261776,1.0590233e-05
1,0.013138922,1.9428633e-05
1,4.8919497,0.0075676194
0,0.007963161,1.142102e-05
1,0.06541297,0.00010030376
1,0.18139058,0.00027973708
0,0.003593019,4.6598097e-06
0,0.012373262,1.8244053e-05
1,1.4134458,0.0021858958
0,0.009742058,1.4173218e-05
1,0.083672605,0.00012855393
1,5.045887,0.0078057814
0,0.004000023,5.2895e-06
0,0.0030437761,3.8100554e-06
1,0.08943465,0.00013746861
1,0.014493453,2.152428e-05
0,0.0020640388,2.2942668e-06
0,0.0075532305,1.0786801e-05
1,0.053368896,8.166993e-05
0,0.0070353313,9.98554e-06
1,2.915699,0.0045100884
1,5.2748194,0.008159971
1,0.09087975,0.00013970438
1,0.07271586,0.00011160235
1,0.038830094,5.917641e-05
0,0.0056321374,7.814606e-06
0,0.02107053,3.169992e-05
1,0.14223346,0.00021915563
1,0.0192006,2.8806882e-05
0,0.00676659,9.56976e-06
1,0.017076662,2.5520858e-05
0,0.031239105,4.7432106e-05
1,1.0818014,0.0016727963
1,0.069350295,0.00010639535
1,0.72713447,0.0011240778
1,0.042979784,6.559655e-05
1,0.033794727,5.1386007e-05
1,0.18963873,0.0002924981
0,0.0017320378,1.7806157e-06
0,0.0038589411,5.0712274e-06
0,0.005806611,8.08454e-06
1,5.045884,0.0078057772
0,0.0037000112,4.8253414e-06
1,0.10943547,0.00016841262
1,0.0766366,0.00011766826
1,0.013364721,1.9777975e-05
0,0.004670209,6.32637e-06
0,0.011232769,1.6479553e-05
1,0.28491837,0.00043990882
0,0.015076808,2.242681e-05
1,0.062364757,9.558777e-05
1,0.014772275,2.1955657e-05
0,0.0022624324,2.601209e-06
0,0.010272309,1.499359e-05
1,0.10020346,0.00015412945
0,0.010226656,1.4922958e-05
0,0.0032700575,4.1601434e-06
0,0.0030598205,3.8348785e-06
0,0.011574362,1.7008046e-05
1,0.030941214,4.6971225e-05
1,1.3169188,0.0020365554
1,0.05962759,9.1352995e-05
1,5.7489324,0.008893489
0,0.011334501,1.6636946e-05
0,0.03481894,5.2970605e-05
1,0.08846702,0.00013597155
0,0.007116238,1.0110713e-05
0,0.0017418212,1.7957519e-06
0,0.0023237725,2.6961106e-06
1,3.8053615,0.0058865184
0,0.007544257,1.0772918e-05
0,0.0021315794,2.3987616e-06
1,0.07999423,0.00012286298
0,0.0020255195,2.2346724e-06
1,0.27556777,0.00042544215
1,0.044651147,6.818238e-05
1,0.13928321,0.00021459119
1,0.017038524,2.5461854e-05
1,0.059508756,9.116914e-05
1,0.0770305,0.00011827768
1,0.067276545,0.000103186976
1,0.06311637,9.675061e-05
0,0.004743024,6.4390247e-06
0,0.011180109,1.6398082e-05
1,3.8163278,0.0059034848
1,0.07020199,0.000107713044
1,0.08728071,0.00013413618
1,0.07025401,0.00010779352
1,0.5498311,0.00084976514
1,0.078116946,0.00011995857
1,0.08846387,0.00013596668
1,0.120135605,0.00018496721
1,0.12543651,0.00019316844
1,0.022934327,3.458347e-05
1,2.1013727,0.0032502136
1,0.07287236,0.00011184447
0,0.0010364956,7.045163e-07
1,0.07946226,0.00012203995
1,0.069894105,0.0001072367
1,3.5631592,0.005511798
0,0.004295685,5.74693e-06
0,0.0025606025,3.062519e-06
0,0.002413097,2.8343081e-06
1,1.0165775,0.001571886
1,0.075405546,0.00011576366
1,2.195665,0.0033960964
0,0.0045302743,6.109872e-06
1,3.3735554,0.005218455
1,0.095266506,0.0001464913
1,0.06476003,9.929358e-05
0,0.0063376795,8.906176e-06
1,0.5896772,0.0009114126
0,0.024254294,3.6625643e-05
1,0.07558895,0.000116047406
1,0.04070544,6.207782e-05
0,0.0034806964,4.4860312e-06
1,0.05703111,8.733588e-05
1,0.118350856,0.00018220596
1,0.047444087,7.250344e-05
0,0.02999638,4.5509438e-05
0,0.005860755,8.168309e-06
1,5.9027944,0.009131535
1,0.10291664,0.00015832711
1,0.032725874,4.973234e-05
1,1.5410454,0.0023833099
1,0.08350747,0.00012829844
0,0.007500774,1.0705644e-05
0,0.005264208,7.2453686e-06
0,0.0011838325,9.3246683e-07
0,0.0016509704,1.6551934e-06
1,0.04323411,6.5990025e-05
1,5.9248543,0.009165665
1,0.049885437,7.628054e-05
0,0.007536365,1.07607075e-05
1,0.06558314,0.00010056704
1,0.50441825,0.00077950524
0,0.007491452,1.0691221e-05
1,0.070092544,0.00010754371
1,2.452777,0.003793884
1,0.072359264,0.00011105064
1,0.020934425,3.1489348e-05
0,0.025880594,3.914175e-05
1,0.0167227,2.497323e-05
0,0.014021578,2.0794225e-05
0,0.0040617576,5.385012e-06
0,0.0021514765,2.429545e-06
0,0.0025235412,3.0051804e-06
0,0.004859989,6.619986e-06
1,0.08385734,0.00012883975
0,0.002373104,2.7724332e-06
0,0.0027820743,3.4051664e-06
0,0.029422639,4.4621782e-05
0,0.0019285382,2.084629e-06
1,0.06710965,0.00010292877
1,0.6848305,0.0010586277
1,0.07993182,0.00012276642
1,0.0892729,0.00013721836
1,0.07111261,0.000109121895
0,0.021061236,3.168554e-05
0,0.0034879718,4.497287e-06
1,0.04554317,6.956246e-05
0,0.0045658164,6.1648607e-06
0,0.006693708,9.457001e-06
0,0.047273353,7.2239294e-05
0,0.0031257467,3.9368747e-06
0,0.005491651,7.5972544e-06
0,0.0068557593,9.707717e-06
0,0.0037881476,4.9617e-06
0,0.0041356576,5.4993457e-06
0,0.003881225,5.1057036e-06
0,0.028325919,4.2925003e-05
1,0.04842904,7.4027295e-05
0,0.0065372707,9.214971e-06
1,0.06472683,9.9242214e-05
1,0.073629595,0.000113016016
0,0.009901433,1.4419794e-05
0,0.0017442396,1.7994936e-06
0,0.0047523435,6.453444e-06
0,0.0076081497,1.0871769e-05
0,0.0035851684,4.647664e-06
0,0.0016414643,1.6404861e-06
0,0.0029072016,3.5987555e-06
1,0.024527803,3.7048798e-05
0,0.0018987083,2.038478e-06
1,0.09770125,0.00015025817
0,0.003369651,4.3142286e-06
1,0.092148826,0.00014166781
0,0.0023794142,2.782196e-06
1,0.07982403,0.00012259965
1,0.073313646,0.000112527196
1,0.056095216,8.588793e-05
1,0.022427144,3.3798788e-05
1,1.0817951,0.0016727865
1,0.08056133,0.00012374036
1,0.045845073,7.002955e-05
1,0.040032834,6.1037215e-05
1,0.09031541,0.00013883127
1,0.075546406,0.00011598159
0,0.018909924,2.8357166e-05
0,0.007222706,1.0275434e-05
1,0.015480419,2.305125e-05
1,4.8409014,0.0074886405
0,0.04686279,7.1604096e-05
1,3.377835,0.0052250763
0,0.0031031219,3.9018714e-06
1,0.066652015,0.00010222074
1,0.012309101,1.8144787e-05
0,0.034890126,5.3080737e-05
1,0.016262377,2.4261046e-05
0,0.0017782073,1.8520462e-06
0,0.001712475,1.7503494e-06
0,0.018731613,2.8081295e-05
0,0.079299,0.00012178737
1,0.091828786,0.00014117267
0,0.006206672,8.70349e-06
1,0.09467764,0.00014558024
0,0.0075683855,1.0810248e-05
0,0.013255431,1.960889e-05
1,0.091282405,0.00014032733
1,0.84414905,0.0013051155
1,0.07771179,0.00011933174
0,0.013326849,1.9719382e-05
0,0.0037875252,4.9607374e-06
1,0.13861427,0.00021355624
0,0.006651755,9.392094e-06
1,0.06807247,0.000104418374
0,0.014860495,2.2092145e-05
1,0.04497786,6.868785e-05
0,0.0077507175,1.109234e-05
0,0.0074172216,1.0576377e-05
0,0.0029958386,3.7358895e-06
0,0.002079184,2.3176985e-06
1,2.1305707,0.0032953867
1,0.068894684,0.00010569046
1,0.095062636,0.00014617588
0,0.009613093,1.3973692e-05
0,0.008156065,1.1719469e-05
1,0.07016187,0.00010765097
0,0.0066919927,9.4543475e-06
1,0.092697285,0.00014251635
1,4.3114443,0.0066694976
0,0.0037487017,4.900672e-06
0,0.0034140535,4.382925e-06
1,0.032193083,4.890804e-05
1,0.0452277,6.9074384e-05
1,0.096867785,0.00014896868
1,0.020004787,3.005107e-05
1,0.07938787,0.000121924866
1,0.07652136,0.00011748997
1,0.06502785,9.970793e-05
0,0.010135921,1.4782579e-05
0,0.0018699728,1.99402e-06
1,0.0868465,0.00013346439
1,0.054457624,8.3354345e-05
1,0.09240363,0.00014206202
1,0.22584292,0.00034851095
1,0.01846825,2.7673836e-05
0,0.0047172275,6.399114e-06
1,0.10970771,0.00016883382
1,0.067134984,0.00010296796
0,0.015807671,2.3557557e-05
0,0.0016743564,1.6913747e-06
0,0.02640159,3.9947805e-05
0,0.011760986,1.7296778e-05
0,0.0039864997,5.268578e-06
1,1.2645785,0.0019555776
0,0.08210981,0.00012613607
0,0.008591851,1.2393691e-05
0,0.0035757339,4.633067e-06
0,0.0070979362,1.0082398e-05
1,3.017847,0.0046681254
0,0.006481366,9.128479e-06
0,0.034238257,5.2072206e-05
0,0.003225297,4.090893e-06
1,0.063753486,9.7736316e-05
1,0.053340647,8.162623e-05
1,0.098140195,0.00015093728
0,0.006252416,8.774262e-06
1,1.1529956,0.0017829435
1,0.0901716,0.00013860877
1,0.07293909,0.00011194771
1,0.030151576,4.5749548e-05
1,0.071602136,0.000109879256
0,0.0023779625,2.77995e-06
1,0.1436732,0.00022138309
1,0.08748744,0.000134456
0,0.008695846,1.2554586e-05
0,0.004312015,5.772195e-06
0,0.021397484,3.2205764e-05
1,1.1654104,0.001802151
0,0.0077519706,1.1094279e-05
1,0.415124,0.0006413548
1,0.04288927,6.5456516e-05
0,0.16241872,0.000250385
0,0.051452294,7.870469e-05
0,0.016810682,2.510935e-05
0,0.012934877,1.9112947e-05
1,0.07501186,0.000115154566
0,0.002655712,3.2096664e-06
0,0.0037998024,4.979732e-06
0,0.003838411,5.0394647e-06
1,0.84550786,0.0013072178
1,0.06876948,0.00010549674
1,2.30826,0.0035702966
0,0.0031762174,4.01496e-06
0,0.0027935635,3.4229417e-06
1,0.08197255,0.0001259237
0,0.006640657,9.374924e-06
1,0.069746375,0.00010700814
0,0.0020340784,2.247914e-06
0,0.008401117,1.2098599e-05
0,0.0022414962,2.568818e-06
0,0.014651489,2.1768783e-05
1,3.7659228,0.0058255014
1,0.0126292845,1.8640156e-05
1,0.062295735,9.548098e-05
1,2.2818575,0.0035294483
0,0.0154351415,2.2981201e-05
0,0.002834135,3.4857117e-06
0,0.034340236,5.222998e-05
0,0.0056859944,7.89793e-06
1,2.3421118,0.00362267
1,0.1021099,0.00015707896
0,0.00835041,1.2020147e-05
1,0.07723413,0.000118592725
0,0.0040605846,5.3831977e-06
1,4.617206,0.007142553
1,98.93477,0.15306479
0,0.011326093,1.6623939e-05
1,0.07140351,0.000109571956
0,0.0018481059,1.9601891e-06
1,0.07086332,0.00010873621
1,1.4931844,0.0023092625
0,0.016765554,2.503953e-05
0,0.0055378126,7.668672e-06
0,0.003314238,4.228497e-06
0,0.0036816394,4.7969174e-06
0,0.0018121662,1.9045854e-06
1,0.09472084,0.00014564708
1,0.060725797,9.305207e-05
1,0.02002465,3.00818e-05
1,0.075729296,0.00011626454
1,0.046160024,7.051682e-05
1,0.019036286,2.8552664e-05
1,0.083055876,0.00012759976
1,0.04963416,7.589178e-05
1,0.06011107,9.2101e-05
0,0.007000905,9.932277e-06
1,0.0790065,0.00012133483
0,0.0034475878,4.4348076e-06
1,1.3743968,0.0021254816
1,0.04242898,6.474438e-05
1,0.35048804,0.0005413541
0,0.0047985427,6.52492e-06
0,0.023878686,3.6044523e-05
1,0.017369727,2.5974268e-05
1,1.5202055,0.0023510677
1,0.15160081,0.0002336482
1,0.014579352,2.1657177e-05
1,0.045881823,7.0086404e-05
1,0.054259505,8.304783e-05
1,0.0723905,0.00011109896
0,0.029430022,4.4633205e-05
1,0.080649175,0.00012387626
0,0.0066937367,9.457046e-06
0,0.017676814,2.6449374e-05
1,0.081272274,0.00012484028
0,0.020120716,3.0230427e-05
1,0.10114546,0.00015558684
0,0.003390719,4.3468235e-06
1,2.7955909,0.0043242644
0,0.0034737973,4.475357e-06
0,0.007115813,1.0110056e-05
1,0.015087262,2.2442984e-05
0,0.0051925485,7.134501e-06
0,0.00853556,1.2306601e-05
1,4.2789054,0.0066191554
1,0.16540495,0.00025500508
1,0.033754352,5.132354e-05
1,0.7966632,0.0012316484
1,0.054291308,8.309703e-05
1,5.9258065,0.009167138
1,0.050235406,7.6822e-05
0,0.005951244,8.308308e-06
1,0.06860074,0.00010523568
1,0.058938134,9.028631e-05
0,0.0063519794,8.9283e-06
0,0.007850052,1.1246024e-05
1,0.09370479,0.00014407511
1,2.6547515,0.0041063665
0,0.004489721,6.0471302e-06
1,1.8037294,0.0027897183
1,0.056431107,8.64076e-05
0,0.0018133542,1.9064234e-06
1,0.06951247,0.00010664626
0,0.006019347,8.413672e-06
1,0.023980381,3.6201858e-05
0,0.019000694,2.84976e-05
0,0.0031029,3.9015276e-06
0,0.0018397879,1.94732e-06
0,0.0020738442,2.3094371e-06
0,0.0017734654,1.84471e-06
1,0.011578043,1.701374e-05
1,0.059000466,9.0382746e-05
1,0.92182,0.0014252831
1,0.6620104,0.0010233219
0,0.01076225,1.5751595e-05
1,0.017258685,2.5802472e-05
0,0.010408687,1.5204586e-05
1,0.06734359,0.00010329071
0,0.003103719,3.902795e-06
0,0.019194566,2.8797545e-05
0,0.013697886,2.0293428e-05
0,0.012237648,1.803424e-05
1,0.06942814,0.000106515785
1,5.499376,0.008507391
0,0.004170395,5.553089e-06
1,1.1386569,0.0017607595
0,0.07482503,0.00011486552
1,5.1086783,0.007902929
0,0.0071939505,1.0230945e-05
1,1.5054334,0.0023282133
1,4.565341,0.007062311
0,0.0058779134,8.194855e-06
1,0.060781103,9.3137634e-05
1,0.06186926,9.482117e-05
1,5.914125,0.009149065
0,0.003647687,4.744388e-06
0,0.0025067225,2.9791595e-06
1,0.018578442,2.7844317e-05
1,0.08079123,0.00012409604
0,0.0073790327,1.0517293e-05
0,0.011000426,1.6120086e-05
1,1.8804338,0.0029083905
1,0.037396688,5.6958736e-05
1,0.10945694,0.00016844584
1,2.271611,0.0035135956
0,0.02452489,3.704429e-05
1,0.02137437,3.2170003e-05
1,0.08414984,0.00012929228
0,0.007278308,1.03614575e-05
0,0.001948127,2.1149356e-06
0,0.002053679,2.2782388e-06
0,0.017260147,2.5804735e-05
1,0.07554742,0.00011598315
1,3.9753613,0.0061495313
1,0.11932967,0.00018372032
0,0.0032332602,4.1032135e-06
0,0.032512493,4.9402213e-05
0,0.006730782,9.51436e-06
0,0.002206885,2.5152697e-06
0,0.008579857,1.2375133e-05
1,0.02478128,3.744096e-05
0,0.014977558,2.2273256e-05
0,0.05815577,8.907589e-05
0,0.0063339295,8.900374e-06
1,0.06548499,0.0001004152
0,0.0058479845,8.1485505e-06
0,0.0027811362,3.4037153e-06
0,0.01645798,2.4563673e-05
0,0.0038621314,5.0761632e-06
1,5.171997,0.008000891
1,0.086149216,0.00013238558
0,0.021430433,3.225674e-05
1,1.196227,0.0018498284
1,0.065041706,9.972937e-05
0,0.045584176,6.96259e-05
0,0.002670442,3.2324563e-06
1,0.057748362,8.844557e-05
0,0.0010783751,7.693098e-07
0,0.004099256,5.4430275e-06
1,0.04880007,7.460133e-05
0,0.012477866,1.840589e-05
1,0.05542781,8.485535e-05
0,0.015546617,2.3153669e-05
0,0.0073042824,1.04016435e-05
1,0.11987434,0.000184563
1,2.082157,0.003220484
1,0.015804933,2.355332e-05
0,0.0038299276,5.0263397e-06
0,0.036676705,5.5844823e-05
0,0.00308456,3.873153e-06
0,0.020751435,3.1206237e-05
1,0.04710627,7.1980794e-05
1,0.12426568,0.000191357
1,0.090404935,0.00013896977
0,0.001264861,1.057829e-06
0,0.008466242,1.2199355e-05
0,0.063341424,9.7098804e-05
1,0.04608961,7.040788e-05
1,0.045813337,6.9980444e-05
1,0.024061188,3.632688e-05
1,0.06448894,9.887417e-05
0,0.004491655,6.050123e-06
0,0.007608143,1.0871759e-05
1,0.04994627,7.6374665e-05
0,0.0013486991,1.187538e-06
1,5.1153193,0.007913203
0,0.0055804336,7.734613e-06
0,0.00784076,1.1231648e-05
1,0.084923044,0.00013048854
1,0.017175108,2.5673167e-05
1,0.045155253,6.89623e-05
0,0.001998423,2.1927501e-06
1,0.078348465,0.000120316756
1,0.05835809,8.938891e-05
1,0.08224504,0.00012634529
0,0.0043826257,5.8814394e-06
1,0.121886365,0.00018767588
0,0.0065570874,9.24563e-06
1,5.1355753,0.007944542
0,0.00815441,1.1716908e-05
0,0.0038891942,5.118033e-06
0,0.0023649228,2.7597757e-06
0,0.010878913,1.593209e-05
0,0.004229801,5.644998e-06
0,0.002934343,3.6407473e-06
0,0.0029350668,3.641867e-06
1,0.015176747,2.258143e-05
0,0.09746998,0.00014990037
1,0.1561101,0.00024062468
0,0.029455712,4.467295e-05
1,0.13246381,0.00020404064
0,0.0027333456,3.3297763e-06
0,0.008240087,1.1849462e-05
1,0.06954556,0.00010669745
1,0.058708068,8.993037e-05
0,0.18399572,0.0002837676
1,0.073349684,0.00011258296
1,0.5606831,0.0008665547
0,0.015571136,2.3191604e-05
1,2.379881,0.003681104
0,0.004595315,6.210499e-06
1,2.8651612,0.004431899
1,0.0759025,0.00011653251
1,0.08143148,0.0001250866
1,0.064588025,9.9027464e-05
1,0.07876385,0.00012095941
1,0.06667591,0.000102257705
0,0.0014910919,1.4078394e-06
0,0.0020892767,2.3333134e-06
1,0.068926565,0.00010573978
0,0.0052330284,7.1971294e-06
1,0.015242121,2.2682572e-05
1,0.05358979,8.201169e-05
1,0.08186737,0.00012576098
1,0.08283957,0.00012726511
1,0.15522154,0.00023924996
0,0.0049954723,6.829597e-06
0,0.0077662426,1.111636e-05
1,0.083052024,0.00012759381
0,0.005838427,8.133765e-06
1,0.08216318,0.00012621864
0,0.0016046454,1.5835222e-06
0,0.001786654,1.8651145e-06
0,0.0041012582,5.446125e-06
0,0.005217639,7.1733193e-06
1,0.14559935,0.00022436312
0,0.0072151925,1.026381e-05
1,0.07316071,0.00011229058
1,0.07554115,0.00011597346
1,0.050738104,7.759974e-05
0,0.0052231117,7.1817867e-06
0,0.0069778934,9.896676e-06
0,0.006389993,8.987112e-06
1,0.06288084,9.638621e-05
0,0.001724072,1.7682917e-06
0,0.0017773426,1.8507086e-06
1,1.9606452,0.0030324885
1,3.2090006,0.004963866
0,0.007215796,1.0264744e-05
0,0.005834956,8.128394e-06
1,0.016354693,2.4403873e-05
1,0.073932245,0.00011348426
1,0.06676663,0.00010239806
1,0.018320398,2.7445089e-05
1,0.04513718,6.8934336e-05
1,0.0677393,0.00010390292
0,0.009719142,1.4137764e-05
0,0.0037081027,4.8378597e-06
1,0.07705313,0.000118312695
1,0.3845921,0.00059411774
1,0.04517221,6.8988535e-05
1,0.041275304,6.295949e-05
0,0.009632826,1.4004221e-05
1,0.017754931,2.6570233e-05
1,0.08458395,0.00012996391
1,0.054926366,8.4079555e-05
1,0.012464095,1.8384584e-05
0,0.009795549,1.4255977e-05
0,0.005336776,7.3576407e-06
1,0.04665253,7.1278795e-05
1,0.033325184,5.0659557e-05
1,3.003613,0.0046461034
0,0.0021795975,2.473052e-06
1,0.038167834,5.8151803e-05
0,0.053851757,8.241699e-05
1,0.9213839,0.0014246084
1,2.3810225,0.0036828702
1,0.08350777,0.00012829891
0,0.0021418186,2.414603e-06
0,0.0071790484,1.0207889e-05
0,0.003639736,4.7320873e-06
0,0.0073164483,1.0420466e-05
1,0.15517798,0.00023918258
1,0.24268264,0.00037456432
0,0.0027402411,3.3404447e-06
0,0.020166839,3.0301786e-05
0,0.0040451847,5.3593717e-06
0,0.0036162601,4.695767e-06
1,2.4539096,0.0037956366
1,0.021151526,3.182523e-05
1,0.05591127,8.560334e-05
1,0.08361283,0.00012846146
1,0.18214472,0.00028090383
0,0.002782008,3.405064e-06
1,0.058181107,8.9115085e-05
1,0.055593252,8.511132e-05
1,0.09000802,0.0001383557
0,0.012829151,1.8949377e-05
1,0.07168337,0.000110004934
1,0.077549525,0.00011908069
0,0.0017572653,1.8196462e-06
1,0.09260753,0.00014237748
0,0.0025134534,2.989573e-06
0,0.007865898,1.1270541e-05
1,0.0737315,0.00011317367
1,3.302694,0.0051088226
1,0.086874135,0.00013350714
0,0.002561473,3.0638662e-06
0,0.0055987923,7.763017e-06
1,0.07582873,0.000116418385
0,0.01884716,2.8260061e-05
1,0.07404238,0.00011365465
1,0.0718586,0.00011027604
1,2.340148,0.0036196318
1,5.7486787,0.008893097
1,0.071016185,0.00010897271
1,0.08731769,0.00013419338
0,0.009414731,1.3666798e-05
1,0.087175556,0.00013397347
1,0.054184914,8.293243e-05
1,0.070695944,0.00010847725
1,0.06271386,9.612788e-05
0,0.010869295,1.591721e-05
1,2.1918433,0.003390184
1,0.03511407,5.3427208e-05
1,0.398153,0.00061509834
1,0.14209223,0.00021893712
1,0.088289686,0.00013569719
1,0.40143853,0.00062018156
0,0.006077481,8.503614e-06
1,0.033499226,5.0928826e-05
1,0.12258555,0.0001887576
1,5.094838,0.007881516
0,0.002792858,3.4218504e-06
0,0.0029364945,3.6440756e-06
0,0.0022038934,2.5106413e-06
1,0.07289154,0.00011187414
0,0.060485374,9.268011e-05
1,0.018100461,2.7104816e-05
1,2.3160062,0.003582281
1,0.018612096,2.7896385e-05
0,0.010806864,1.582062e-05
0,0.007665156,1.0959965e-05
1,0.19043572,0.00029373114
0,0.008669248,1.2513434e-05
1,0.043435566,6.6301705e-05
0,0.008724368,1.2598713e-05
1,0.11724583,0.00018049632
0,0.0025821282,3.0958222e-06
0,0.0014142942,1.2890227e-06
0,0.0053723482,7.412676e-06
1,0.03063367,4.649541e-05
0,0.010102503,1.47308765e-05
0,0.003704221,4.831854e-06
0,0.0054425937,7.5213557e-06
1,0.051636275,7.898933e-05
0,0.0027139212,3.2997245e-06
1,0.077407375,0.000118860764
1,2.2461133,0.003474147
1,0.06957123,0.00010673716
1,0.05931188,9.086455e-05
1,0.07059289,0.000108317814
0,0.00269651,3.2727864e-06
0,0.002813234,3.4533748e-06
1,0.06235672,9.5575335e-05
1,0.024640033,3.722243e-05
1,0.08467847,0.00013011014
1,5.11074,0.007906118
1,0.064727545,9.924332e-05
0,0.004949061,6.757793e-06
1,0.06501341,9.968559e-05
1,0.05570058,8.5277374e-05
1,0.22628556,0.0003491958
1,0.08828372,0.00013568795
1,0.07557764,0.00011602991
1,0.05625482,8.613485e-05
0,0.003095527,3.890121e-06
0,0.0117960265,1.735099e-05
0,0.05084351,7.7762816e-05
0,0.0036740382,4.785157e-06
1,7.373784,0.011407359
0,0.0022763757,2.6227813e-06
0,0.0075880783,1.0840715e-05
1,5.086856,0.007869166
1,2.629022,0.0040665595
1,1.1593589,0.0017927884
1,0.07495578,0.0001150678
1,0.013331609,1.9726747e-05
1,0.03798886,5.7874906e-05
1,0.016082942,2.3983439e-05
1,2.2387393,0.0034627384
1,0.018977782,2.8462151e-05
1,0.07801255,0.00011979705
1,1.902213,0.0029420857
1,0.12570044,0.00019357678
0,0.002875,3.5489356e-06
1,5.216907,0.008070373
1,0.08694686,0.00013361966
1,4.8261166,0.0074657663
0,0.0047895364,6.510986e-06
0,0.0037604321,4.9188207e-06
0,0.009031587,1.3074023e-05
0,0.049776368,7.61118e-05
0,0.010645319,1.5570688e-05
0,0.0020502023,2.27286e-06
1,0.0713456,0.00010948236
1,0.041723423,6.3652784e-05
1,0.088149406,0.00013548016
1,0.0794524,0.0001220247
1,1.0909404,0.0016869355
0,0.0023528128,2.74104e-06
0,0.15267958,0.0002353172
1,0.01657579,2.474594e-05
0,0.0074399738,1.0611577e-05
0,0.0015494773,1.4981696e-06
0,0.0027721722,3.3898468e-06
1,2.735173,0.00423079
1,0.055820167,8.546239e-05
0,0.024582792,3.7133872e-05
0,0.01207845,1.7787937e-05
1,0.07275546,0.00011166361
0,0.0035522592,4.5967486e-06
0,0.0041231927,5.4800607e-06
0,0.022694495,3.421242e-05
1,0.022263536,3.3545664e-05
1,0.018518109,2.7750973e-05
1,0.032429077,4.9273156e-05
1,2.876763,0.004449849
1,0.030650673,4.652172e-05
0,0.0020751841,2.3115103e-06
1,0.5169078,0.0007988283
1,0.09135324,0.00014043692
1,0.07496766,0.000115086186
0,0.013387623,1.981341e-05
0,0.01673269,2.4988687e-05
1,0.107630014,0.00016561933
0,0.0070060347,9.940214e-06
1,0.041092366,6.267645e-05
0,0.0035314541,4.56456e-06
1,1.0029318,0.0015507743
0,0.0049402695,6.744191e-06
0,0.015417215,2.2953467e-05
1,0.49515843,0.0007651791
1,0.09556528,0.00014695353
0,0.0019001608,2.0407251e-06
0,0.011423622,1.677483e-05
1,0.09723574,0.00014953797
1,1.7257708,0.0026691055
1,2.0681102,0.003198752
0,0.005818138,8.1023745e-06
1,2.0528893,0.003175203
1,0.8001135,0.0012369865
1,1.2075403,0.0018673317
0,0.015030843,2.2355696e-05
0,0.0019860696,2.1736378e-06
0,0.002427455,2.8565219e-06
0,0.006524,9.194439e-06
1,5.9239087,0.009164202
1,0.09896997,0.00015222107
1,1.3341931,0.0020632811
0,0.0014582798,1.3570744e-06
0,0.0140153915,2.0784653e-05
0,0.011485265,1.6870199e-05
1,0.073869884,0.000113387774
0,0.046641663,7.126198e-05
0,0.019073,2.8609467e-05
0,0.16209197,0.00024987946
1,0.04600461,7.027637e-05
0,0.0031578583,3.986556e-06
1,0.084802136,0.00013030147
1,3.1113114,0.0048127277
0,0.0065392572,9.218044e-06
1,1.1733835,0.0018144865
1,0.06764678,0.000103759776
1,3.3953447,0.005252166
1,0.092151046,0.00014167125
1,0.042987064,6.560781e-05
0,0.0032341967,4.1046624e-06
0,0.004982289,6.809201e-06
0,0.016652253,2.4864237e-05
0,0.0021006316,2.350881e-06
1,2.130587,0.0032954123
1,0.05542901,8.4857216e-05
0,0.013378543,1.9799361e-05
0,0.008590361,1.2391385e-05
1,0.047237482,7.218379e-05
0,0.0065986663,9.309959e-06
1,4.0654135,0.006288854
1,0.10522964,0.00016190563
0,0.018214924,2.7281905e-05
0,0.0097922925,1.4250938e-05
1,2.3358247,0.003612943
1,0.3011585,0.0004650345
0,0.004968878,6.788452e-06
0,0.025140291,3.79964e-05
1,0.066783726,0.000102424514
1,0.07855562,0.000120637254
0,0.009065731,1.3126848e-05
1,0.12295206,0.00018932465
0,0.003157598,3.986153e-06
1,0.09335283,0.00014353057
1,0.061771873,9.46705e-05
0,0.0058266134,8.115487e-06
1,3.1660564,0.0048974254
0,0.008532952,1.2302565e-05
0,0.0025970468,3.1189038e-06
0,0.002110036,2.365431e-06
0,0.0020920972,2.3376772e-06
1,0.33945516,0.0005242847
1,0.99335235,0.0015359535
0,0.0061940905,8.684025e-06
0,0.014548522,2.160948e-05
0,0.0057609864,8.0139525e-06
1,1.0029271,0.0015507669
1,0.07807292,0.00011989045
1,0.02638386,3.992037e-05
1,2.0675085,0.0031978209
1,0.069288425,0.00010629963
0,0.0050212387,6.8694617e-06
1,3.4556928,0.0053455327
1,0.08285695,0.000127292
0,0.0025338475,3.0211256e-06
0,0.0056121387,7.783665e-06
1,0.047266733,7.222905e-05
1,4.362335,0.006748233
0,0.023335716,3.5204474e-05
1,0.04185315,6.385349e-05
1,0.03690504,5.6198085e-05
1,0.084725074,0.00013018225
1,5.005919,0.0077439453
0,0.0011574824,8.9169953e-07
0,0.0041666287,5.5472624e-06
1,0.02922392,4.4314336e-05
1,0.15047781,0.00023191077
1,0.019143024,2.8717805e-05
0,0.06316224,9.6821575e-05
0,0.02603102,3.9374478e-05
1,2.1179574,0.0032758722
0,0.0032498327,4.128853e-06
0,0.0012639621,1.0564384e-06
1,0.04149579,6.3300606e-05
0,0.0030613274,3.8372095e-06
0,0.009175223,1.3296248e-05
1,0.022831853,3.442493e-05
0,0.0024188,2.8431314e-06
0,0.00665866,9.402777e-06
1,0.012995538,1.92068e-05
0,0.003963464,5.2329387e-06
1,1.160771,0.0017949732
1,0.056384206,8.6335036e-05
1,0.05689495,8.712523e-05
0,0.0030228375,3.7776601e-06
1,0.08309703,0.00012766344
1,0.31676248,0.000489176
1,0.073252045,0.000112431895
1,0.011254501,1.6513175e-05
1,0.07757828,0.00011912517
1,0.16071515,0.00024774933
0,0.004200367,5.5994597e-06
1,0.08821349,0.0001355793
1,0.092198044,0.00014174396
1,3.459735,0.0053517865
1,0.034714714,5.280935e-05
1,0.40654552,0.0006280827
0,0.005284737,7.2771295e-06
0,0.00353637,4.572166e-06
1,0.057748303,8.844548e-05
1,2.7556198,0.0042624236
0,0.017537931,2.6234504e-05
0,0.0030565113,3.829758e-06
0,0.010610766,1.551723e-05
0,0.006134601,8.5919855e-06
1,0.058582567,8.97362e-05
0,0.011123608,1.6310667e-05
0,0.003431218,4.4094813e-06
0,0.003201843,4.0546065e-06
0,0.007250485,1.0318412e-05
1,1.4523811,0.0022461342
1,0.0761802,0.00011696215
1,0.045291796,6.9173555e-05
1,0.102988526,0.00015843831
0,0.020802183,3.128475e-05
0,0.0058020684,8.077513e-06
1,0.5040467,0.0007789304
0,0.0060037943,8.38961e-06
0,0.0065234164,9.193537e-06
1,3.1943436,0.0049411897
1,0.04272697,6.5205415e-05
1,1.3957748,0.0021585564
0,0.0065218434,9.191103e-06
1,0.07402031,0.00011362051
1,0.051201753,7.831707e-05
1,3.4556863,0.005345523
1,0.21438177,0.00033077897
1,5.9257708,0.009167083
0,0.006884595,9.75233e-06
0,0.004540733,6.126053e-06
1,0.085392825,0.00013121535
0,0.010073669,1.4686267e-05
1,4.1800957,0.0064662835
0,0.008855567,1.2801695e-05
1,0.017259985,2.5804484e-05
1,0.059082277,9.050932e-05
0,0.0035139201,4.5374322e-06
0,0.0023092495,2.6736416e-06
0,0.0081126755,1.1652339e-05
0,0.01538483,2.2903361e-05
0,0.0031796913,4.0203345e-06
0,0.005532737,7.660819e-06
1,2.3157847,0.0035819383
0,0.004963783,6.78057e-06
1,0.019196052,2.8799846e-05
0,0.021167368,3.184974e-05
1,0.14449082,0.00022264807
1,0.068000115,0.00010430644
0,0.019020949,2.8528937e-05
1,0.049835987,7.6204036e-05
1,2.3163304,0.0035827826
0,0.0033194197,4.236514e-06
0,0.0029945273,3.7338607e-06
1,0.45497987,0.00070301734
0,0.0060186125,8.412536e-06
0,0.0022353071,2.5592426e-06
0,0.0035390984,4.576387e-06
1,0.014712718,2.1863514e-05
1,0.059714757,9.1487855e-05
1,0.05724996,8.7674474e-05
0,0.007738779,1.1073869e-05
0,0.013526391,2.0028103e-05
0,0.0031255563,3.93658e-06
1,4.6724353,0.0072280006
1,0.70145094,0.0010843419
1,0.08609165,0.00013229653
1,0.07139129,0.00010955305
1,0.12002869,0.00018480179
1,0.015951984,2.3780827e-05
1,1.4929501,0.0023088998
0,0.0014861255,1.4001556e-06
1,0.019020243,2.8527844e-05
1,0.05835334,8.938155e-05
1,4.7942724,0.0074164993
1,0.040204592,6.130295e-05
0,0.0539287,8.2536026e-05
0,0.0026663751,3.226164e-06
1,0.071902834,0.00011034448
1,0.07353606,0.000112871305
0,0.0012495529,1.0341454e-06
0,0.011191335,1.6415448e-05
1,0.06734548,0.00010329362
1,0.015619906,2.3267057e-05
0,0.0030381656,3.8013748e-06
1,5.3474326,0.008272314
1,0.07634536,0.00011721768
0,0.049267203,7.532405e-05
1,0.055615857,8.514629e-05
0,0.01490854,2.2166476e-05
0,0.011036159,1.617537e-05
0,0.077815846,0.00011949272
1,2.201284,0.0034047898
1,0.015755817,2.347733e-05
0,0.0038188042,5.0091303e-06
1,0.07277248,0.000111689944
0,0.0022611246,2.5991858e-06
1,0.012720658,1.8781522e-05
1,0.012494062,1.8430947e-05
1,0.06495471,9.959478e-05
1,1.3343767,0.002063565
0,0.017942956,2.6861133e-05
0,0.0026921327,3.2660143e-06
0,0.036089435,5.4936234e-05
0,0.003193032,4.0409745e-06
1,4.4441156,0.0068747583
0,0.032317743,4.910091e-05
1,0.055952225,8.56667e-05
0,0.019818066,2.9762186e-05
0,0.007242547,1.030613e-05
0,0.020608103,3.0984484e-05
1,0.027733117,4.2007858e-05
1,0.05452361,8.3456434e-05
1,0.14928208,0.00023006082
0,0.036172844,5.506528e-05
1,0.07213792,0.00011070819
1,5.407717,0.008365583
0,0.004553164,6.1452856e-06
0,0.0128662465,1.9006768e-05
0,0.011978354,1.7633076e-05
0,0.0128524,1.8985345e-05
1,0.015973499,2.3814115e-05
1,0.020962318,3.15325e-05
0,0.006552623,9.238724e-06
0,0.0011876638,9.383943e-07
1,0.037934598,5.7790952e-05
1,0.08868249,0.00013630491
0,0.0029784238,3.7089465e-06
1,0.35477582,0.0005479879
0,0.022224009,3.348451e-05
0,0.009353916,1.357271e-05
1,0.19486773,0.0003005881
0,0.010962634,1.6061618e-05
1,0.076682106,0.000117738666
1,0.03662887,5.577081e-05
0,0.041160516,6.2781895e-05
1,0.03781654,5.76083e-05
1,0.043811675,6.68836e-05
1,0.14165677,0.0002182634
1,0.026689729,4.0393592e-05
0,0.1657572,0.00025555008
1,0.07970508,0.00012241563
1,1.8969725,0.002933978
0,0.0015948123,1.568309e-06
0,0.0057808664,8.04471e-06
1,1.0046347,0.0015534089
1,0.06783491,0.000104050836
0,0.011849625,1.7433915e-05
1,4.834306,0.0074784365
0,0.0055495454,7.686825e-06
1,0.05085923,7.778714e-05
0,0.0058108093,8.091036e-06
1,0.110126704,0.00016948205
0,0.006361582,8.943157e-06
1,0.54983145,0.0008497657
1,0.031938564,4.8514266e-05
0,0.0047149896,6.395652e-06
1,0.09600289,0.00014763058
0,0.006860286,9.71472e-06
0,0.010476373,1.5309304e-05
1,0.015926907,2.374203e-05
1,5.127207,0.007931595
0,0.0073945564,1.054131e-05
1,0.62453043,0.0009653353
0,0.027710818,4.197336e-05
0,0.032174382,4.887911e-05
1,0.06721178,0.00010308677
0,0.0025343995,3.0219799e-06
1,0.07812837,0.000119976234
0,0.0030859234,3.875263e-06
1,0.07254592,0.000111339425
1,2.0619519,0.003189224
0,0.0015276045,1.4643293e-06
0,0.0068421955,9.686732e-06
1,0.06530518,0.000100137004
1,0.083141334,0.00012773198
1,0.123538025,0.00019023122
0,0.026236884,3.969298e-05
1,0.07927531,0.000121750716
1,0.018526932,2.7764625e-05
0,0.017408974,2.6034992e-05
0,0.013922093,2.0640307e-05
0,0.009823108,1.4298615e-05
1,0.05729603,8.774575e-05
0,0.012697285,1.874536e-05
1,0.25159132,0.0003883473
0,0.0044699684,6.0165703e-06
0,0.0047129258,6.392459e-06
1,0.07395261,0.00011351576
0,0.069717556,0.000106963555
0,0.033206385,5.047576e-05
0,0.15462056,0.00023832016
0,0.004809028,6.5411423e-06
1,0.05703485,8.734167e-05
1,4.530462,0.0070083477
1,3.3369625,0.0051618405
1,0.08909264,0.00013693947
1,0.41629788,0.00064317096
1,4.342942,0.0067182295
0,0.0028248096,3.4712841e-06
0,0.0034954117,4.5087977e-06
0,0.040651634,6.1994586e-05
1,1.0093582,0.0015607168
0,0.006712536,9.486131e-06
0,0.04947349,7.5643205e-05
0,0.0054991683,7.608884e-06
1,0.07544295,0.000115821524
1,0.040023703,6.102309e-05
1,0.2635047,0.00040677894
1,0.3244292,0.0005010375
0,0.0024496391,2.8908437e-06
1,0.07066514,0.0001084296
0,0.0099872,1.4552486e-05
0,0.004631067,6.2658123e-06
1,0.09088003,0.0001397048
1,4.62395,0.007152987
0,0.0048682806,6.6328143e-06
1,0.015939068,2.3760846e-05
1,0.017204937,2.5719317e-05
0,0.0017953548,1.8785757e-06
0,0.003048279,3.817022e-06
0,0.0064010574,9.00423e-06
0,0.00406762,5.394082e-06
1,0.077737786,0.00011937195
0,0.014157517,2.100454e-05
0,0.0050398135,6.898199e-06
1,1.5432497,0.0023867204
1,3.8966322,0.006027727
0,0.00746541,1.0650931e-05
1,0.10462724,0.00016097364
1,0.08938861,0.00013739738
0,0.004799819,6.526895e-06
0,0.0028752738,3.5493592e-06
0,0.007180628,1.0210333e-05
1,0.07531812,0.0001156284
1,0.09206245,0.00014153418
1,0.07193934,0.000110400964
1,0.08343196,0.00012818162
0,0.0062585226,8.78371e-06
1,0.016153354,2.4092375e-05
0,0.008785476,1.2693255e-05
1,4.886625,0.007559381
1,1.030447,0.001593344
0,0.0026376597,3.1817372e-06
0,0.00812972,1.1678709e-05
1,0.016594129,2.4774312e-05
1,0.1360635,0.00020960985
0,0.0017023074,1.7346186e-06
1,5.299372,0.008197958
0,0.0074056014,1.0558399e-05
0,0.021567188,3.246832e-05
1,0.07876475,0.00012096081
0,0.0050901766,6.9761177e-06
1,0.08642707,0.00013281548
0,0.001828218,1.9294198e-06
1,2.3048253,0.0035649827
0,0.0024715166,2.9246912e-06
1,2.809048,0.0043450845
0,0.0024634835,2.9122627e-06
1,0.079426795,0.00012198508
0,0.005485797,7.5881967e-06
1,3.1917994,0.0049372534
0,0.02707339,4.098717e-05
0,0.0068832454,9.750242e-06
1,0.01769151,2.6472111e-05
0,0.0074451626,1.0619605e-05
0,0.0129249655,1.9097613e-05
0,0.0049148253,6.7048254e-06
0,0.0013185851,1.1409477e-06
1,0.078931995,0.00012121956
1,0.13310722,0.00020503606
1,0.05361417,8.204941e-05
0,0.036322713,5.5297147e-05
1,2.3183424,0.0035858955
0,0.0029546523,3.6721685e-06
1,1.8080904,0.0027964653
0,0.0014150164,1.2901401e-06
1,0.10739234,0.00016525162
1,0.058952708,9.030886e-05
1,0.09394791,0.00014445125
1,0.24341553,0.0003756982
0,0.003341678,4.2709503e-06
0,0.009053809,1.31084025e-05
1,2.2650743,0.0035034823
0,0.0040868735,5.42387e-06
0,0.0062907147,8.8335155e-06
0,0.0026040813,3.1297868e-06
1,0.060722362,9.304676e-05
0,0.009653311,1.4035915e-05
1,5.8786354,0.009094158
1,0.075146414,0.000115362745
0,0.0023515609,2.7391031e-06
0,0.0093446,1.3558297e-05
0,0.0046353065,6.2723716e-06
1,0.15864953,0.00024455355
1,0.11061846,0.00017024287
1,0.08414123,0.00012927897
1,0.0969567,0.00014910626
1,0.03170375,4.8150974e-05
0,0.0011176462,8.3006756e-07
1,0.037423424,5.70001e-05
1,0.06543985,0.00010034536
0,0.0028000472,3.4329732e-06
0,0.0011778176,9.231609e-07
1,4.2857995,0.006629822
1,5.175369,0.008006108
1,0.08219867,0.00012627356
1,2.3298483,0.0036036966
0,0.0098196585,1.4293277e-05
0,0.0015279758,1.4649038e-06
1,0.07532976,0.0001156464
0,0.010407065,1.5202076e-05
0,0.0023391172,2.7198512e-06
1,0.19180273,0.00029584608
1,0.07330565,0.000112514834
0,0.0029636894,3.6861502e-06
0,0.0062299836,8.7395565e-06
1,0.6976558,0.0010784703
1,0.28048313,0.0004330469
1,0.06616495,0.00010146718
1,0.40894577,0.00063179625
1,0.04294292,6.553951e-05
1,0.10423036,0.0001603596
1,2.664082,0.004120802
0,0.0075998283,1.0858894e-05
1,0.08839115,0.00013585416
0,0.011929947,1.7558183e-05
1,0.06633971,0.00010173756
1,0.14342941,0.00022100593
0,0.002682402,3.25096e-06
1,4.328644,0.006696108
0,0.0073097995,1.041018e-05
1,0.07346207,0.00011275683
1,0.07870585,0.00012086968
1,0.054604564,8.358168e-05
1,0.051524576,7.881652e-05
0,0.0063663567,8.950544e-06
1,0.09143144,0.00014055791
0,0.012280582,1.8100665e-05
1,0.14452982,0.0002227084
1,0.07523456,0.00011549912
0,0.019703113,2.9584338e-05
1,0.093568794,0.0001438647
0,0.013140982,1.9431822e-05
1,0.08143337,0.00012508953
1,2.201276,0.0034047777
0,0.008446239,1.2168408e-05
1,0.1840167,0.00028380004
1,4.349727,0.0067287264
1,2.4239285,0.0037492516
1,0.286865,0.00044292051
1,0.05353569,8.192799e-05
0,0.015492373,2.3069746e-05
0,0.027906632,4.227631e-05
1,2.4492254,0.0037883895
1,0.07119275,0.00010924588
1,0.038571596,5.8776477e-05
0,0.0026471466,3.1964146e-06
1,0.039770853,6.0631894e-05
1,0.06383191,9.785765e-05
1,0.08554385,0.00013144901
1,0.07403329,0.000113640584
1,0.08790756,0.00013510599
0,0.0087743625,1.2676061e-05
1,1.4740443,0.0022796502
0,0.001709751,1.746135e-06
1,0.46160126,0.00071326154
1,0.067878336,0.00010411803
0,0.007615209,1.088269e-05
0,0.0035910888,4.6568234e-06
1,5.2631755,0.008141956
0,0.008185161,1.1764485e-05
1,0.08783648,0.00013499602
1,0.071507946,0.00010973353
1,0.042699065,6.516224e-05
1,4.492342,0.006949371
0,0.009609696,1.3968437e-05
1,2.0606465,0.0031872045
1,2.4215665,0.0037455973
0,0.009878827,1.4384819e-05
0,0.0068752547,9.737879e-06
0,0.0067985146,9.619152e-06
0,0.0061971247,8.6887185e-06
0,0.008600028,1.2406342e-05
1,0.05451534,8.344364e-05
1,1.8804353,0.0029083928
0,0.009577583,1.3918752e-05
1,0.42313844,0.0006537543
1,0.13478632,0.00020763389
0,0.023946382,3.614926e-05
1,0.034858197,5.303134e-05
1,0.011905237,1.7519955e-05
1,0.044169094,6.743658e-05
1,1.2793789,0.0019784758
0,0.004665652,6.3193197e-06
1,0.08682753,0.00013343504
1,0.089228295,0.00013714934
0,0.0058774925,8.1942035e-06
1,0.096981816,0.00014914511
1,0.08917406,0.00013706545
0,0.005124614,7.0293972e-06
1,2.1103914,0.0032641666
1,0.013776724,2.0415402e-05
1,5.7851124,0.008949465
0,0.0026425647,3.1893262e-06
0,0.008967055,1.2974182e-05
1,0.060644932,9.2926966e-05
0,0.00473319,6.4238106e-06
1,0.03570222,5.433716e-05
0,0.005583793,7.73981e-06
1,0.053919513,8.2521816e-05
0,0.0051875454,7.126761e-06
1,0.11786527,0.00018145468
0,0.00417,5.5524783e-06
1,0.07578861,0.00011635631
1,0.014680295,2.181335e-05
0,0.0060939738,8.52913e-06
1,0.10178153,0.00015657094
1,0.07427149,0.00011400912
1,0.064723715,9.92374e-05
0,0.004901652,6.6844445e-06
1,0.078028046,0.00011982102
1,0.05772808,8.841419e-05
0,0.0670456,0.00010282967
1,0.07067554,0.00010844568
1,0.05388351,8.246612e-05
0,0.0026581471,3.2134344e-06
0,0.008883048,1.2844212e-05
1,2.1890478,0.0033858588
1,0.014676025,2.1806743e-05
1,0.071016535,0.000108973254
0,0.0014946663,1.4133694e-06
1,0.057981443,8.880618e-05
1,0.028968412,4.391903e-05
1,0.044114403,6.735196e-05
1,0.066782944,0.000102423306
0,0.009856857,1.4350829e-05
1,0.085911535,0.00013201787
1,4.8945875,0.0075717005
0,0.0033605215,4.3001037e-06
1,0.083994836,0.00012905247
1,5.2361217,0.008100101
0,0.019570583,2.9379296e-05
0,0.0023214687,2.6925463e-06
1,0.080492236,0.00012363346
0,0.001608014,1.5887339e-06
1,0.08382914,0.00012879612
1,2.222021,0.0034368732
0,0.0022232833,2.54064e-06
1,0.047311857,7.229886e-05
0,0.0040743737,5.4045313e-06
1,0.040979322,6.250156e-05
1,0.07636636,0.000117250165
0,0.0029051781,3.5956252e-06
1,0.32455468,0.00050123164
0,0.008687565,1.2541773e-05
1,3.8153646,0.0059019946
1,0.11317289,0.00017419492
1,0.2800701,0.00043240786
1,0.07638532,0.0001172795
1,0.04637869,7.085512e-05
0,0.008359862,1.203477e-05
1,0.026816629,4.0589926e-05
1,0.07660352,0.000117617084
1,0.049678076,7.595973e-05
0,0.002089448,2.3335785e-06
1,0.0742554,0.00011398422
0,0.008423061,1.2132549e-05
1,0.68463993,0.001058333
0,0.0071636657,1.0184091e-05
0,0.0013574633,1.2010976e-06
1,0.016384002,2.4449217e-05
1,0.09806891,0.00015082699
0,0.0143807335,2.1349888e-05
0,0.030477498,4.6253794e-05
1,0.47940218,0.00074080203
1,5.2943053,0.008190119
1,0.035216164,5.3585165e-05
1,1.7706586,0.002738553
1,0.07738161,0.0001188209
1,0.07462206,0.00011455149
1,0.06107429,9.359124e-05
0,0.004571474,6.173614e-06
1,0.022198666,3.3445303e-05
1,5.625058,0.008701839
0,0.0019469307,2.1130845e-06
1,0.07544963,0.00011583186
1,0.087207764,0.00013402331
0,0.023318123,3.5177254e-05
0,0.0158672,2.3649654e-05
0,0.0060515795,8.46354e-06
1,0.12470759,0.0001920407
0,0.0025666305,3.0718452e-06
0,0.0010117082,6.661668e-07
1,0.06080572,9.3175724e-05
1,0.06779853,0.000103994564
0,0.002308661,2.672731e-06
1,0.08222149,0.00012630886
0,0.0063713007,8.958193e-06
0,0.016964711,2.5347654e-05
1,0.100475125,0.00015454974
1,0.09242619,0.00014209693
0,0.0018408676,1.9489903e-06
1,2.335631,0.003612643
1,0.09496193,0.00014602006
0,0.0021722135,2.4616281e-06
0,0.01197205,1.7623322e-05
0,0.016192958,2.4153647e-05
1,0.014118532,2.0944224e-05
1,0.08957012,0.0001376782
1,0.016741317,2.5002033e-05
1,0.064696416,9.919516e-05
0,0.016602106,2.4786656e-05
0,0.0032497835,4.1287767e-06
1,0.089571185,0.00013767985
1,0.20035808,0.0003090824
1,0.08073544,0.00012400973
1,0.27855587,0.00043006515
0,0.002400037,2.8141021e-06
0,0.004689253,6.3558336e-06
0,0.009246934,1.3407194e-05
1,0.09222222,0.00014178136
0,0.002080544,2.3198027e-06
0,0.012016,1.769132e-05
1,2.0821486,0.003220471
0,0.010150931,1.4805801e-05
0,0.0030766544,3.8609223e-06
0,1.8207375,0.0028160322
0,0.00717716,1.0204968e-05
1,0.07369173,0.00011311215
1,0.09084064,0.00013964386
1,0.07060799,0.00010834118
0,0.0025681832,3.0742478e-06
1,0.14731957,0.00022702453
0,0.0053368215,7.3577116e-06
1,0.085959315,0.0001320918
1,0.99075395,0.0015319334
1,0.9088925,0.0014052825
0,0.0037175342,4.8524516e-06
0,0.0046928795,6.361445e-06
1,0.07853929,0.000120611985
0,0.031206636,4.738187e-05
0,0.0046211947,6.2505383e-06
0,0.0030630478,3.839871e-06
1,0.14103131,0.00021729573
1,0.050338384,7.698132e-05
1,0.08780445,0.00013494647
0,0.025923626,3.9208328e-05
1,0.0736984,0.00011312247
1,0.014619909,2.1719925e-05
0,0.0007185766,2.1265197e-07
1,0.09190227,0.00014128636
0,0.005369832,7.408783e-06
1,0.042332437,6.459501e-05
0,0.008902266,1.2873945e-05
0,0.0028697022,3.540739e-06
1,0.020488964,3.0800158e-05
0,0.0036559352,4.7571493e-06
0,0.0025832846,3.0976119e-06
1,0.10211385,0.00015708507
1,0.013142311,1.9433877e-05
1,5.140718,0.007952498
0,0.002679993,3.2472324e-06
0,0.010412187,1.5210001e-05
0,0.0042681755,5.704369e-06
0,0.0018456434,1.9563793e-06
0,0.0015618345,1.5172878e-06
0,0.003621839,4.7043977e-06
0,0.008019439,1.1508089e-05
0,0.0027535318,3.3610077e-06
1,1.2151194,0.0018790576
0,0.007830834,1.1216292e-05
1,0.054736193,8.378533e-05
1,0.0822866,0.00012640959
1,0.06583438,0.000100955745
0,0.02851606,4.3219177e-05
0,0.007382529,1.0522702e-05
0,0.006357628,8.93704e-06
0,0.007647724,1.0932995e-05
1,0.09046148,0.00013905726
1,5.171187,0.007999638
1,0.07228599,0.00011093727
1,4.898629,0.0075779534
1,0.01159798,1.7044586e-05
0,0.017730083,2.653179e-05
0,0.0064174132,9.029535e-06
1,0.031063892,4.7161026e-05
0,0.0052783755,7.2672874e-06
1,0.07642927,0.000117347496
0,0.01517568,2.2579778e-05
1,0.016917361,2.5274398e-05
0,0.005954987,8.3140985e-06
0,0.0066413917,9.376061e-06
0,0.023150625,3.4918114e-05
1,2.3309317,0.0036053727
0,0.0045080297,6.0754564e-06
1,0.08548866,0.00013136362
0,0.0021186522,2.3787613e-06
1,0.07460089,0.00011451874
1,0.060382646,9.252117e-05
1,0.021499276,3.236325e-05
0,0.0022988426,2.6575408e-06
1,2.3874695,0.0036928446
1,0.71587807,0.0011066627
0,0.004087779,5.4252714e-06
1,2.3086512,0.003570902
0,0.0051941485,7.136977e-06
1,0.08988246,0.00013816144
1,0.07294875,0.00011196265
1,0.02616668,3.9584364e-05
0,0.003822321,5.014571e-06
0,0.0066365604,9.368586e-06
0,0.005365178,7.401583e-06
0,0.014295739,2.121839e-05
1,5.75042,0.008895791
1,2.338606,0.0036172462
0,0.0043954994,5.901357e-06
1,2.3105133,0.0035737827
0,0.0057126824,7.93922e-06
1,0.32535377,0.0005024679
1,0.04258235,6.498167e-05
1,5.109695,0.007904501
1,0.06772532,0.0001038813
1,0.09340169,0.00014360617
1,2.3004034,0.0035581412
0,0.0026829978,3.2518815e-06
1,0.079663165,0.00012235077
1,5.908492,0.00914035
0,0.056684308,8.679933e-05
1,5.763987,0.008916781
0,0.031720746,4.817727e-05
1,0.011438852,1.6798393e-05
0,0.0081174625,1.1659746e-05
0,0.007495,1.069671e-05
1,0.11012735,0.00016948306
0,0.009237264,1.3392233e-05
1,1.2280633,0.0018990837
1,0.1167616,0.00017974716
1,4.466839,0.0069099143
1,0.07424513,0.00011396834
0,0.0060965633,8.533137e-06
0,0.011594689,1.7039494e-05
1,0.071487136,0.00010970134
1,0.06775822,0.00010393219
1,0.0814387,0.00012509777
1,0.042645957,6.508007e-05
1,0.017632233,2.6380403e-05
1,0.091167055,0.00014014887
0,0.0038990262,5.1332445e-06
1,0.046623114,7.1233284e-05
0,0.0048291264,6.5722375e-06
0,0.03623938,5.5168217e-05
0,0.0048795836,6.6503017e-06
1,0.014377617,2.1345066e-05
0,0.0065619396,9.253137e-06
1,1.5639441,0.0024187374
1,0.06667648,0.00010225859
1,0.036540546,5.5634166e-05
1,0.15599002,0.00024043891
0,0.0031686013,4.0031773e-06
0,0.011251687,1.6508822e-05
0,0.027781302,4.2082407e-05
1,4.4651465,0.0069072964
1,0.076788135,0.00011790271
1,1.5820355,0.0024467274
1,0.13084115,0.00020153016
1,0.024880508,3.759448e-05
0,0.0047744345,6.4876212e-06
1,0.078751154,0.000120939774
1,0.086234346,0.00013251729
1,0.01812859,2.7148337e-05
0,0.0053684325,7.406618e-06
0,0.018340439,2.7476093e-05
0,0.035126533,5.3446493e-05
1,0.012699964,1.8749506e-05
1,0.07778439,0.000119444056
0,0.044969562,6.867501e-05
0,0.0044073923,5.919757e-06
0,0.006633724,9.364198e-06
0,0.005119415,7.0213537e-06
0,0.01060494,1.5508216e-05
1,0.09004947,0.00013841981
1,0.06080444,9.3173745e-05
0,0.0075478917,1.0778541e-05
1,1.0566152,0.0016338299
0,0.009147441,1.3253264e-05
0,0.012700302,1.8750028e-05
0,0.004984503,6.8126265e-06
0,0.008050578,1.1556265e-05
0,0.009722607,1.4143126e-05
1,0.012855217,1.8989704e-05
0,0.001697405,1.727034e-06
1,0.22633319,0.00034926945
1,0.18141353,0.0002797726
1,0.32782215,0.00050628686
1,0.4580288,0.00070773443
0,0.011524646,1.6931126e-05
1,0.086549714,0.00013300522
1,0.020852078,3.1361946e-05
0,0.004536948,6.1201977e-06
0,0.004974035,6.796431e-06
1,0.07530806,0.000115612835
1,0.032471962,4.9339505e-05
0,0.021562703,3.246138e-05
1,0.09190737,0.00014129424
0,0.03443621,5.237847e-05
1,0.09160417,0.00014082516
0,0.0012681861,1.0629735e-06
1,0.1568056,0.00024170073
0,0.004749898,6.44966e-06
0,0.008612721,1.242598e-05
1,0.042197544,6.438632e-05
0,0.012200443,1.7976678e-05
1,0.40905142,0.0006319597
1,0.05061139,7.7403696e-05
1,0.06783985,0.00010405849
0,0.007050208,1.0008555e-05
1,0.070248835,0.00010778551
1,0.09259699,0.00014236118
1,0.058838196,9.0131696e-05
0,0.0039136154,5.155816e-06
0,0.0070473403,1.0004119e-05
1,0.036562175,5.5667628e-05
0,0.0022591902,2.5961929e-06
1,0.027114175,4.105027e-05
0,0.021627583,3.256176e-05
1,0.013372972,1.9790741e-05
0,0.004145301,5.5142655e-06
0,0.0075653493,1.080555e-05
0,0.0031717948,4.008118e-06
1,3.1120176,0.00481382
1,3.165735,0.004896928
0,0.0067451643,9.536611e-06
1,0.01736273,2.5963445e-05
0,0.0058046016,8.081432e-06
1,0.079992615,0.00012286048
1,1.0593066,0.0016379938
1,4.3663044,0.0067543737
0,0.0069227675,9.811388e-06
0,0.002918145,3.6156866e-06
0,0.004655268,6.3032544e-06
0,0.0030395126,3.803459e-06
1,0.045145694,6.894751e-05
0,0.0025420117,3.033757e-06
0,0.24319768,0.00037536115
1,0.1427531,0.00021995958
1,2.3507733,0.0036360705
0,0.012130132,1.7867897e-05
0,0.0021385627,2.4095657e-06
1,0.06744429,0.000103446495
1,0.07332784,0.00011254916
1,0.015713781,2.3412294e-05
1,0.073853515,0.000113362454
1,0.08574735,0.00013176384
1,0.011751806,1.7282575e-05
0,0.029863514,4.5303874e-05
1,0.07855225,0.000120632045
0,0.0068859793,9.754472e-06
0,0.015074033,2.2422517e-05
0,0.0047673644,6.4766828e-06
0,0.008734774,1.2614812e-05
0,0.013262732,1.9620185e-05
1,0.014664463,2.1788856e-05
1,2.2427766,0.0034689847
1,1.3240494,0.0020475872
1,0.03165154,4.80702e-05
0,0.0064904257,9.142495e-06
0,0.0029067155,3.5980033e-06
1,0.34278825,0.00052944146
0,0.0051279957,7.034629e-06
0,0.014643382,2.1756241e-05
0,0.0040961476,5.4382185e-06
1,0.08474061,0.00013020629
1,0.034951586,5.3175827e-05
0,0.008251333,1.1866861e-05
0,0.0022785396,2.6261291e-06
0,0.009734161,1.4161001e-05
1,0.06791993,0.000104182385
1,0.06809492,0.00010445311
0,0.0044420543,5.973384e-06
1,0.038020737,5.7924226e-05
1,0.080366485,0.0001234389
1,0.08862142,0.00013621044
1,2.0395257,0.0031545279
0,0.055090733,8.433386e-05
1,0.0727028,0.00011158214
1,0.061347995,9.40147e-05
1,0.025573598,3.8666785e-05
0,0.038467262,5.861506e-05
1,0.0135480715,2.0061645e-05
1,0.02744153,4.1556734e-05
1,1.6474432,0.0025479218
0,0.0048698257,6.6352045e-06
1,0.08795003,0.0001351717
0,0.032332115,4.9123144e-05
1,0.065592706,0.00010058184
1,1.8020254,0.002787082
1,0.02932804,4.4475426e-05
1,0.28322145,0.00043728345
0,0.025092214,3.792202e-05
1,0.058498986,8.960689e-05
1,0.5035214,0.0007781177
1,0.1814148,0.00027977454
1,0.05608252,8.586828e-05
0,0.0055910805,7.751085e-06
1,0.10598682,0.00016307709
1,5.071147,0.0078448625
1,1.1479484,0.0017751348
0,0.010248813,1.4957238e-05
1,0.054131016,8.284904e-05
0,0.0040079905,5.301827e-06
0,0.01434403,2.1293103e-05
0,0.0058692503,8.181452e-06
1,0.039601456,6.0369814e-05
0,0.001963937,2.1393955e-06
0,0.0010169095,6.7421394e-07
1,0.052457962,8.0260594e-05
0,0.0037226593,4.8603806e-06
1,0.08751501,0.00013449867
1,0.0825777,0.00012685996
1,2.6722486,0.004133437
1,0.025791395,3.900375e-05
1,0.0591912,9.0677844e-05
0,0.005370453,7.409744e-06
1,0.057031583,8.7336615e-05
1,0.092562206,0.00014230737
1,0.02158359,3.2493695e-05
1,0.07779599,0.000119462
1,0.067805834,0.000104005856
1,0.047859136,7.314558e-05
0,0.08247785,0.00012670549
1,0.6737945,0.0010415536
1,0.055448372,8.488717e-05
0,0.016055012,2.3940227e-05
1,0.044178743,6.74515e-05
0,0.004541411,6.127102e-06
1,0.015340925,2.2835437e-05
0,0.0031296716,3.9429474e-06
1,0.07460335,0.00011452255
1,1.2419457,0.0019205617
1,0.068999164,0.0001058521
1,0.14222366,0.00021914046
1,2.2160573,0.0034276464
1,3.4277658,0.005302326
0,0.006334988,8.902012e-06
1,0.06567475,0.00010070878
1,0.067373164,0.00010333645
0,0.0048921113,6.6696834e-06
1,0.050780714,7.766566e-05
0,0.0013317125,1.1612574e-06
1,0.01510625,2.247236e-05
1,0.7617956,0.0011777034
1,0.24980378,0.0003855817
0,0.0022172423,2.5312938e-06
1,0.017400257,2.6021504e-05
0,0.0016989929,1.7294908e-06
1,0.01698321,2.5376274e-05
1,2.5280764,0.0039103827
0,0.01492343,2.2189513e-05
1,0.058933776,9.027957e-05
0,0.0039076456,5.14658e-06
0,0.004139254,5.5049095e-06
0,0.00436234,5.8500545e-06
1,0.02128337,3.2029213e-05
1,0.054882795,8.401214e-05
1,0.120537885,0.00018558958
1,0.06874467,0.00010545836
1,3.273219,0.005063221
1,0.08853968,0.00013608397
0,0.0066770106,9.431168e-06
0,0.0060773524,8.503414e-06
1,1.2122059,0.00187455
0,0.00234456,2.728272e-06
0,0.007771145,1.1123944e-05
1,0.016258376,2.4254856e-05
1,1.854869,0.0028688381
1,0.10149241,0.00015612363
0,0.0055992603,7.7637405e-06
0,0.0061304965,8.585635e-06
0,0.0046910085,6.35855e-06
0,0.004432735,5.9589656e-06
0,0.040333968,6.150311e-05
0,0.0076284236,1.0903135e-05
0,0.0038592948,5.071775e-06
1,0.03713928,5.656049e-05
0,0.0126331365,1.8646115e-05
0,0.004395774,5.9017816e-06
0,0.026727106,4.045142e-05
1,0.06129012,9.3925155e-05
1,2.2449791,0.0034723924
0,0.0031035154,3.9024803e-06
1,0.07958982,0.00012223731
0,0.0044543194,5.9923595e-06
1,0.08197992,0.00012593513
1,0.076868266,0.000118026685
1,0.37516466,0.00057953224
1,0.45287937,0.00069976755
1,2.3067358,0.0035679385
1,0.06022405,9.22758e-05
1,0.03715883,5.6590732e-05
1,0.01661736,2.4810253e-05
1,0.081992716,0.00012595492
1,0.020564614,3.09172e-05
0,0.016011585,2.3873037e-05
1,0.44600925,0.00068913854
1,0.04605076,7.034777e-05
1,0.051666994,7.903686e-05
0,0.006474099,9.117236e-06
0,0.0026786458,3.2451483e-06
0,0.0073513393,1.0474448e-05
0,0.004018964,5.3188046e-06
0,0.004910823,6.698633e-06
0,0.005798877,8.072575e-06
0,0.014584009,2.1664382e-05
0,0.016894396,2.5238867e-05
0,0.0057032914,7.924691e-06
1,0.015175352,2.2579272e-05
1,0.017117789,2.5584486e-05
0,0.004228536,5.6430417e-06
1,0.065604925,0.00010060075
0,0.0032360868,4.1075864e-06
0,0.0026861134,3.256702e-06
1,0.017846605,2.6712065e-05
0,0.014699924,2.1843718e-05
1,1.2415931,0.0019200161
1,0.08006148,0.00012296703
0,0.013043152,1.9280465e-05
1,0.083062895,0.00012761063
1,0.01274462,1.8818595e-05
1,0.036532715,5.5622048e-05
0,0.006199182,8.691902e-06
0,0.007831967,1.1218045e-05
1,1.4261374,0.0022055316
0,0.0036837617,4.8002007e-06
0,0.0027062546,3.2878631e-06
0,0.0024044306,2.8209e-06
1,5.897376,0.009123152
1,0.0891418,0.00013701554
1,0.07773157,0.00011936234
0,0.0059385863,8.2887245e-06
0,0.005297251,7.2964904e-06
0,0.0053898515,7.4397562e-06
1,0.5293283,0.00081804453
1,0.17482762,0.00026958328
1,0.05564866,8.519704e-05
0,0.0058528227,8.1560365e-06
0,0.018120019,2.7135075e-05
0,0.0038381466,5.0390554e-06
1,0.05914557,9.0607246e-05
0,0.0010232595,6.8403824e-07
0,0.00629458,8.839495e-06
0,0.005222658,7.181085e-06
0,0.0114696445,1.6846032e-05
0,0.0094247935,1.3682366e-05
0,0.06728708,0.000103203274
0,0.018970825,2.8451388e-05
0,0.0031011503,3.898821e-06
1,0.0140056,2.0769503e-05
0,0.08451057,0.00012985038
0,0.007756003,1.1100518e-05
1,0.05343235,8.176811e-05
0,0.009172164,1.3291514e-05
1,0.019555204,2.9355502e-05
1,0.06852947,0.00010512542
0,0.0036279198,4.713806e-06
0,0.024217675,3.6568985e-05
1,0.282639,0.0004363823
0,0.0064569954,9.090774e-06
1,0.019167613,2.8755847e-05
1,0.08397689,0.0001290247
1,0.13011864,0.00020041232
1,0.078366674,0.00012034493
0,0.010524619,1.5383948e-05
0,0.022584794,3.4042696e-05
0,0.027289443,4.1321433e-05
1,2.4186554,0.0037410934
1,0.08903071,0.00013684366
0,0.074362494,0.00011414991
1,0.073987514,0.00011356977
0,0.036156926,5.504065e-05
0,0.0037212677,4.858228e-06
1,3.260206,0.005043088
0,0.30287522,0.00046769052
0,0.003647697,4.744404e-06
0,0.002514268,2.9908335e-06
1,0.070506744,0.00010818453
1,0.02132791,3.209812e-05
1,0.08520019,0.00013091732
1,0.068339214,0.000104831066
1,0.06739849,0.000103375634
0,0.0071363514,1.0141832e-05
0,0.0007571394,2.7231394e-07
1,3.0543272,0.004724565
0,0.008853231,1.279808e-05
1,5.2668185,0.008147593
1,0.075548664,0.00011598508
0,0.005496587,7.604891e-06
0,0.0010418018,7.1272575e-07
1,0.014608671,2.1702537e-05
0,0.0030520991,3.822932e-06
1,0.07524738,0.000115518946
0,0.0025301438,3.0153956e-06
0,0.0033505226,4.2846345e-06
0,0.04787729,7.3173665e-05
0,0.004134034,5.4968336e-06
0,0.008749037,1.2636879e-05
0,0.004212397,5.6180725e-06
1,2.3790355,0.003679796
1,1.8913053,0.0029252102
1,0.07438628,0.0001141867
1,2.3820884,0.0036845193
0,0.006016787,8.409712e-06
1,0.016470734,2.4583404e-05
0,0.0068241144,9.658758e-06
1,2.7956,0.0043242783
1,5.125956,0.007929659
0,0.00699187,9.918299e-06
1,0.0904869,0.00013909658
0,0.019850546,2.9812438e-05
1,0.06969944,0.00010693552
1,0.08179162,0.00012564378
0,0.0039532473,5.217132e-06
1,0.04643565,7.094325e-05
1,0.062313013,9.550771e-05
1,1.6884078,0.0026112997
0,0.012132372,1.7871362e-05
1,5.8933086,0.009116859
0,0.004172442,5.5562564e-06
0,0.006399395,9.001658e-06
0,0.003978898,5.256817e-06
0,0.018836375,2.8243376e-05
1,0.08851954,0.00013605281
0,0.0048862845,6.6606685e-06
1,0.012557922,1.8529747e-05
1,0.013536543,2.0043808e-05
0,0.0083942115,1.2087915e-05
1,0.04025243,6.137696e-05
0,0.00886187,1.2811446e-05
1,0.04845524,7.406783e-05
0,0.0037810274,4.9506843e-06
0,0.008734977,1.2615125e-05
0,0.004648619,6.2929676e-06
0,0.002177852,2.4703515e-06
0,0.0070563736,1.0018095e-05
0,0.0072977394,1.0391521e-05
1,2.3384933,0.0036170718
1,0.08405636,0.00012914765
0,0.0007161438,2.0888811e-07
0,0.0112525,1.6510081e-05
0,0.08654489,0.00013299775
0,0.0038633714,5.078082e-06
1,0.118010946,0.00018168006
1,0.07620613,0.00011700227
1,0.018456705,2.7655973e-05
0,0.003361223,4.3011896e-06
1,0.01499918,2.2306709e-05
0,0.0076376097,1.0917347e-05
1,0.055739123,8.5337e-05
1,0.08318541,0.00012780017
1,0.072591685,0.00011141023
0,0.007830425,1.12156595e-05
1,0.035990458,5.4783104e-05
1,0.096182674,0.00014790872
0,0.0025510015,3.047665e-06
0,0.0039235144,5.1711313e-06
0,0.0063254666,8.887281e-06
0,0.028612467,4.3368334e-05
0,0.020921072,3.1468688e-05
0,0.010866716,1.5913218e-05
1,0.05356224,8.196906e-05
1,0.06665691,0.00010222831
1,0.04494378,6.863512e-05
1,0.097119875,0.0001493587
1,0.015885102,2.3677352e-05
1,0.054806415,8.3893974e-05
0,0.0023956194,2.8072677e-06
1,0.07360205,0.0001129734
1,0.10486735,0.00016134512
1,0.2434874,0.00037580938
0,0.0043579214,5.8432183e-06
0,0.0035940823,4.6614546e-06
1,0.079008944,0.000121338606
1,0.079368,0.00012189412
1,0.025186442,3.8067803e-05
1,0.09685936,0.00014895565
1,0.09071351,0.00013944718
1,0.06435529,9.866739e-05
1,1.4832492,0.0022938913
1,0.06772736,0.00010388444
1,0.089639135,0.00013778497
0,0.014577645,2.1654536e-05
0,0.0069504157,9.854163e-06
1,0.034346428,5.223956e-05
1,0.3812764,0.00058898795
0,0.0055968594,7.760026e-06
1,0.040739913,6.213116e-05
0,0.007332689,1.0445593e-05
1,3.1461613,0.004866645
0,0.0039532445,5.2171276e-06
1,0.043185078,6.5914166e-05
1,0.08959756,0.00013772065
0,0.003972463,5.2468613e-06
0,0.010747205,1.5728318e-05
0,0.0075445874,1.0773429e-05
1,0.15422261,0.00023770449
1,0.0202885,3.0490011e-05
1,0.48232266,0.0007453204
0,0.0015553122,1.507197e-06
0,0.008074139,1.1592719e-05
1,0.06864392,0.00010530249
1,0.061542306,9.431532e-05
0,0.004329917,5.799892e-06
0,0.011604044,1.7053966e-05
0,0.0662118,0.00010153966
0,0.010601331,1.5502632e-05
1,0.09260407,0.00014237214
0,0.0059964303,8.378217e-06
0,0.0040573645,5.3782155e-06
1,0.014071,2.0870686e-05
0,0.011490389,1.6878126e-05
0,0.001127156,8.447804e-07
1,0.3808198,0.0005882815
0,0.0070319176,9.980258e-06
0,0.041844405,6.3839965e-05
1,0.08651827,0.00013295657
1,0.064351164,9.866101e-05
0,0.0039339485,5.187274e-06
1,0.081905924,0.00012582063
1,5.1938972,0.008034774
1,0.07499765,0.000115132585
1,0.07216245,0.00011074614
1,0.075572684,0.000116022245
0,0.0068029687,9.626043e-06
0,0.019934991,2.9943087e-05
0,0.003539246,4.576615e-06
0,0.007828981,1.1213424e-05
0,0.0040156324,5.3136505e-06
1,0.055203963,8.450903e-05
0,0.0061459504,8.609545e-06
1,5.0471144,0.0078076804
1,3.0579498,0.0047301697
0,0.0037383805,4.8847037e-06
1,0.058198344,8.914176e-05
0,0.0035175262,4.5430115e-06
0,0.034435906,5.2377996e-05
0,0.009351735,1.3569335e-05
1,0.01170986,1.7217679e-05
1,0.045835327,7.001447e-05
1,0.047851823,7.3134266e-05
1,0.0788526,0.000121096724
0,0.0036798036,4.794077e-06
1,0.06886707,0.00010564774
1,5.0337033,0.0077869315
0,0.0021712875,2.4601954e-06
0,0.001941286,2.1043516e-06
1,4.8864594,0.007559125
1,0.082024515,0.00012600412
0,0.0050336127,6.8886056e-06
1,0.12001409,0.0001847792
0,0.025606548,3.8717764e-05
0,0.0026696797,3.2312769e-06
0,0.0027119936,3.2967419e-06
0,0.015837358,2.3603487e-05
1,0.078059845,0.00011987022
0,0.053345766,8.163415e-05
0,0.0101212105,1.4759819e-05
1,0.7339306,0.0011345923
0,0.013194254,1.951424e-05
0,0.010788944,1.5792895e-05
1,0.31477877,0.00048610696
1,0.07549664,0.000115904586
1,0.054290943,8.309647e-05
1,0.07930286,0.00012179334
1,0.13754772,0.00021190614
1,0.06912069,0.00010604012
1,0.07304854,0.00011211704
1,0.018147297,2.7177277e-05
0,0.011340865,1.6646793e-05
0,0.010772973,1.5768186e-05
0,0.010417851,1.5218763e-05
1,0.18571264,0.0002864239
1,0.06948959,0.00010661086
0,0.008186343,1.1766313e-05
0,0.019155627,2.8737302e-05
0,0.001452707,1.3484525e-06
0,0.0017033835,1.7362836e-06
1,0.07641508,0.00011732554
0,0.004624214,6.25521e-06
1,2.2094362,0.0034174025
1,1.4503539,0.0022429978
1,0.10006767,0.00015391935
1,0.06290271,9.642006e-05
0,0.003543483,4.5831703e-06
1,0.07223849,0.00011086379
1,0.070514955,0.00010819724
1,5.245192,0.008114134
0,0.0070608244,1.0024981e-05
1,0.09687208,0.00014897533
1,0.05104583,7.8075835e-05
0,0.0025775721,3.0887734e-06
1,3.9028897,0.006037408
1,0.018057263,2.7037982e-05
1,4.408431,0.0068195495
0,0.004607333,6.2290924e-06
1,0.64768976,0.001001166
1,0.022544635,3.3980563e-05
0,0.002752201,3.3589486e-06
1,5.75042,0.008895791
1,0.09710176,0.00014933069
1,0.074978106,0.000115102346
1,0.116104305,0.00017873023
1,2.4725268,0.0038244398
0,0.075132124,0.000115340634
1,0.11711405,0.00018029245
1,0.083159246,0.00012775969
0,0.006862502,9.718149e-06
0,0.004587321,6.1981314e-06
0,0.0077252947,1.1053008e-05
1,0.015559207,2.3173146e-05
1,1.398722,0.0021631161
0,0.009040855,1.3088361e-05
0,0.010631192,1.554883e-05
0,0.008554161,1.2335378e-05
0,0.008754345,1.26450905e-05
1,0.061339572,9.400167e-05
0,0.0014229114,1.3023547e-06
0,0.023367483,3.5253623e-05
1,1.1136129,0.0017220131
0,0.0027316017,3.3270783e-06
1,5.2767797,0.008163004
1,0.07479666,0.000114821625
1,0.052171666,7.9817655e-05
1,0.014473134,2.1492842e-05
0,0.004040953,5.3528242e-06
1,3.90281,0.0060372846
0,0.0053541968,7.3845936e-06
1,0.07399593,0.00011358279
1,0.0153522985,2.2853032e-05
0,0.0025235054,3.0051249e-06
1,0.07318064,0.00011232142
0,0.02369893,3.5766418e-05
1,0.10708625,0.00016477806
1,5.239024,0.008104592
0,0.0031527225,3.97861e-06
1,0.0874615,0.00013441588
1,0.07725567,0.000118626056
1,0.046895415,7.165457e-05
1,0.035206374,5.3570016e-05
0,0.0037237264,4.862032e-06
1,3.0355377,0.004695495
0,0.006717615,9.493989e-06
0,0.004063396,5.387547e-06
1,0.082061894,0.00012606195
0,0.002566382,3.0714612e-06
1,0.078533255,0.00012060265
1,4.565349,0.0070623234
1,4.622505,0.0071507515
0,0.019422803,2.915066e-05
0,0.04536478,6.928646e-05
0,0.017717637,2.6512535e-05
0,0.0099585755,1.4508201e-05
1,0.042819723,6.534892e-05
1,0.02148319,3.233836e-05
1,0.016895512,2.5240593e-05
1,0.016292496,2.4307645e-05
1,0.04725961,7.221803e-05
1,0.016653132,2.4865598e-05
0,0.0055258316,7.6501365e-06
1,0.13277383,0.00020452029
0,0.0070594065,1.0022787e-05
1,2.440218,0.0037744537
0,0.0036154403,4.6944983e-06
1,0.07317814,0.00011231755
0,0.020490075,3.0801875e-05
0,0.007711758,1.1032064e-05
0,0.008615976,1.2431015e-05
0,0.002906305,3.5973687e-06
0,0.0029208984,3.6199467e-06
0,0.005141561,7.0556166e-06
1,0.7029805,0.0010867084
0,0.012298844,1.8128918e-05
1,0.11395587,0.00017540631
1,0.10153972,0.00015619682
1,0.03685419,5.6119414e-05
1,0.07093978,0.0001088545
1,2.068494,0.0031993457
0,0.027257798,4.1272477e-05
0,0.005137736,7.049699e-06
1,0.025175208,3.805042e-05
1,0.038700137,5.897535e-05
0,0.010753383,1.5737878e-05
1,0.06761046,0.00010370358
0,0.0045470563,6.135836e-06
1,0.08084244,0.00012417528
1,0.07426018,0.00011399162
1,0.09247291,0.00014216921
0,0.0013852601,1.244103e-06
1,0.098950185,0.00015219045
1,2.184348,0.0033785878
1,0.049619276,7.586876e-05
0,0.0014918641,1.409034e-06
0,0.0073384293,1.0454474e-05
0,0.01255788,1.8529683e-05
1,0.07493436,0.00011503467
1,0.085768156,0.00013179604
1,0.014627743,2.1732045e-05
1,0.089618936,0.00013775373
0,0.005666011,7.867013e-06
0,0.0037510924,4.904371e-06
1,5.686243,0.0087965
1,0.07615834,0.00011692833
1,0.0764373,0.00011735992
1,0.04118221,6.281545e-05
1,0.0544597,8.3357554e-05
1,1.7932141,0.0027734495
0,0.0023572766,2.7479462e-06
1,0.06337949,9.7157696e-05
0,0.010420439,1.5222767e-05
1,0.090489745,0.00013910099
0,0.0013784465,1.2335613e-06
1,0.068944044,0.00010576683
1,0.06800489,0.000104313825
0,0.0023999945,2.8140366e-06
1,0.061281495,9.391181e-05
1,4.8677945,0.007530248
1,0.032041274,4.8673173e-05
0,0.007881441,1.1294588e-05
0,0.0070915823,1.0072567e-05
1,0.041354854,6.308256e-05
0,0.0029025888,3.591619e-06
0,0.0088865785,1.2849674e-05
1,0.060532,9.275224e-05
1,0.4983191,0.0007700691
1,0.114132166,0.00017567906
0,0.0029127775,3.607382e-06
1,0.47327033,0.0007313152
1,0.056415014,8.63827e-05
0,0.0007639417,2.8283796e-07
1,0.07760877,0.00011917235
0,0.0018362717,1.9418799e-06
0,0.0030255143,3.781802e-06
1,3.2225199,0.004984782
0,0.0022135968,2.5256538e-06
1,3.3723233,0.0052165487
0,0.0023031635,2.6642258e-06
0,0.003108279,3.9098504e-06
0,0.0023694767,2.7668214e-06
1,0.077693224,0.00011930301
1,0.17041558,0.00026275724
0,0.0076103252,1.0875135e-05
1,0.041779503,6.373955e-05
0,0.0043369047,5.810703e-06
0,0.0019004534,2.0411778e-06
0,0.02733774,4.1396153e-05
1,0.091401026,0.00014051086
0,0.0032539696,4.1352537e-06
1,0.3392406,0.00052395277
0,0.009889991,1.4402091e-05
0,0.008723865,1.2597934e-05
1,0.15351851,0.00023661515
0,0.04692471,7.169989e-05
0,0.009299225,1.3488096e-05
1,0.08940276,0.00013741927
0,0.0039724405,5.2468263e-06
0,0.007971067,1.14332515e-05
0,0.012650915,1.8673622e-05
0,0.0037192246,4.855067e-06
0,0.017729037,2.6530171e-05
1,3.349215,0.005180797
0,0.0039633275,5.2327273e-06
0,0.003805375,4.9883533e-06
1,0.34643778,0.0005350878
0,0.009640778,1.4016525e-05
1,0.05197645,7.951563e-05
0,0.040105663,6.114989e-05
0,0.027610958,4.181886e-05
0,0.0037027574,4.8295897e-06
1,0.09506504,0.0001461796
1,0.08467726,0.00013010827
0,0.0072901226,1.03797365e-05
1,0.021586077,3.2497544e-05
1,0.025512932,3.8572925e-05
0,0.0068255463,9.660973e-06
0,0.004678706,6.3395164e-06
0,0.0030320792,3.7919588e-06
1,0.068940245,0.00010576095
0,0.004820414,6.558758e-06
1,3.80712,0.0058892393
0,0.00772859,1.1058107e-05
0,0.006632958,9.363013e-06
1,4.828361,0.0074692387
0,0.010328865,1.5081089e-05
1,0.09854576,0.00015156475
1,0.13687688,0.00021086827
1,0.13578479,0.00020917864
0,0.025463598,3.84966e-05
1,0.014920609,2.218515e-05
0,0.0032034907,4.0571554e-06
0,0.0100988485,1.4725222e-05
1,1.3951705,0.0021576213
1,3.0126123,0.0046600266
1,0.050229978,7.6813594e-05
0,0.019212091,2.8824661e-05
0,0.0057090702,7.933631e-06
1,0.023725638,3.5807738e-05
0,0.0109618455,1.6060398e-05
1,0.35007155,0.00054070976
0,0.13954979,0.00021500362
0,0.0071950136,1.023259e-05
1,0.0722615,0.00011089938
1,0.13733687,0.00021157991
1,0.057416864,8.79327e-05
0,0.0059322077,8.278856e-06
1,0.016894147,2.5238482e-05
1,0.09011692,0.00013852418
0,0.0035224517,4.550632e-06
1,0.028024815,4.2459156e-05
1,1.1519691,0.0017813554
0,0.0077860206,1.1146959e-05
0,0.0029293403,3.6330075e-06
1,4.1401696,0.006404512
0,0.0100809345,1.4697507e-05
1,0.0515488,7.8854e-05
1,0.07542642,0.000115795956
1,0.07759127,0.00011914527
1,0.09679744,0.00014885985
1,0.03633987,5.5323693e-05
1,0.0698857,0.0001072237
1,2.0324545,0.0031435876
0,0.0073199626,1.0425903e-05
0,0.0025091094,2.9828525e-06
0,0.0021485265,2.424981e-06
1,0.050705854,7.754984e-05
1,0.44696227,0.000690613
0,0.0078046275,1.1175746e-05
1,0.35349077,0.00054599973
1,0.091253676,0.0001402829
0,0.0022262,2.5451525e-06
0,0.003927451,5.1772217e-06
0,0.0063612675,8.94267e-06
0,0.0027131853,3.2985856e-06
0,0.01056871,1.5452162e-05
0,0.005572195,7.7218665e-06
1,3.8163242,0.005903479
0,0.046355948,7.081994e-05
0,0.001909852,2.0557188e-06
1,0.045631744,6.96995e-05
1,0.09882078,0.00015199024
1,0.39625156,0.0006121566
0,0.01858341,2.7852004e-05
1,0.588875,0.0009101714
0,0.049262695,7.5317075e-05
1,0.029837482,4.52636e-05
1,0.016128365,2.4053714e-05
1,0.0898183,0.00013806217
0,0.008145353,1.1702896e-05
1,0.088503785,0.00013602844
0,0.014830534,2.2045791e-05
1,0.07849578,0.00012054467
1,0.06576075,0.000100841826
1,0.2663529,0.00041118547
0,0.0070259324,9.970999e-06
0,0.0027355566,3.3331971e-06
1,0.069397256,0.000106468004
1,0.0838049,0.0001287586
0,0.009212664,1.33541735e-05
0,0.00571758,7.946797e-06
1,0.078826964,0.00012105706
1,0.16079047,0.0002478659
1,1.0208166,0.0015784444
1,0.053135403,8.130869e-05
0,0.025558664,3.864368e-05
1,0.026569255,4.0207204e-05
0,0.0030111333,3.7595526e-06
0,0.004543901,6.1309543e-06
1,0.07125403,0.00010934069
1,0.20923325,0.00032281352
0,0.0075743278,1.0819441e-05
0,0.0028530732,3.5150115e-06
0,0.0038684553,5.0859476e-06
1,0.014300541,2.1225818e-05
1,0.07203427,0.00011054783
0,0.005290329,7.285781e-06
1,0.10605963,0.00016318975
0,0.0014226912,1.302014e-06
1,0.030047739,4.5588895e-05
0,0.0026214842,3.1567117e-06
1,2.8566842,0.0044187843
0,0.017474974,2.61371e-05
0,0.050799504,7.7694735e-05
0,0.012233714,1.8028153e-05
1,0.038038865,5.795227e-05
0,0.0064731836,9.11582e-06
1,0.048885178,7.4733005e-05
0,0.0061002215,8.5387965e-06
1,0.09235008,0.00014197918
0,0.008163376,1.1730779e-05
1,4.180163,0.0064663873
0,0.0071994737,1.0239491e-05
1,0.03845522,5.859643e-05
0,0.0066136117,9.333082e-06
1,0.09131823,0.00014038276
1,0.03523879,5.362017e-05
0,0.008370351,1.20509985e-05
1,0.07321452,0.00011237384
1,0.07735375,0.0001187778
0,0.0291758,4.4239885e-05
1,0.081285916,0.0001248614
1,0.0732768,0.000112470196
0,0.007935705,1.1378541e-05
0,0.004789548,6.511004e-06
1,0.79768014,0.0012332217
0,0.0114627695,1.6835396e-05
1,0.06512963,9.98654e-05
0,0.005234071,7.1987424e-06
0,0.0021446042,2.4189128e-06
1,0.066874236,0.00010256455
1,5.0694914,0.0078423
0,0.002740691,3.3411407e-06
0,0.00913316,1.323117e-05
0,0.0016232567,1.6123165e-06
1,0.44970548,0.00069485715
0,0.007492639,1.0693057e-05
0,0.015478806,2.3048755e-05
0,0.029749205,4.5127024e-05
1,0.061748084,9.463369e-05
1,0.39675668,0.0006129381
1,0.082813986,0.00012722553
1,0.39466912,0.0006097083
1,3.3373902,0.0051625026
0,0.012555017,1.8525254e-05
1,0.08067603,0.00012391781
0,0.004465872,6.010233e-06
1,0.06844927,0.000105001345
0,0.0072284117,1.0284261e-05
0,0.002977665,3.707772e-06
1,0.06511071,9.9836136e-05
0,0.0019322621,2.0903904e-06
0,0.06156061,9.434364e-05
0,0.0037818651,4.9519804e-06
0,0.0072089694,1.0254182e-05
0,0.0075064655,1.0714449e-05
1,0.08580166,0.00013184788
1,0.047973666,7.332277e-05
1,5.294531,0.008190468
1,0.05868131,8.988897e-05
1,0.075002156,0.000115139555
0,0.024356475,3.6783727e-05
0,0.015859086,2.3637102e-05
1,0.074795,0.00011481906
0,0.0048457566,6.5979666e-06
0,0.004421017,5.940836e-06
0,0.058481164,8.957932e-05
0,0.0016122955,1.595358e-06
0,0.0035983154,4.668004e-06
0,0.0114874,1.6873502e-05
0,0.002637193,3.1810152e-06
0,0.0049733943,6.7954397e-06
0,0.028029852,4.246695e-05
1,0.15587924,0.00024026753
0,0.005797608,8.070611e-06
0,0.0043019317,5.756595e-06
1,0.06474071,9.9263685e-05
1,0.07420693,0.000113909235
1,0.057945564,8.875067e-05
0,0.0022880794,2.6408884e-06
0,0.0024549451,2.8990528e-06
1,0.06657893,0.00010210767
1,0.09611455,0.00014780334
0,0.037082817,5.6473134e-05
1,0.075976,0.000116646224
1,0.086531736,0.0001329774
1,0.0723767,0.000111077614
1,0.061711084,9.457645e-05
1,0.10219542,0.00015721127
0,0.002969882,3.6957306e-06
1,0.08989746,0.00013818464
0,0.011344137,1.6651855e-05
0,0.00480109,6.528861e-06
1,0.08103871,0.00012447895
1,0.07140353,0.00010957199
1,0.07976535,0.00012250888
1,0.05093836,7.7909564e-05
1,0.1187305,0.00018279332
1,0.052372396,8.0128215e-05
1,0.06335201,9.711518e-05
1,0.014262389,2.1166792e-05
0,0.0025072983,2.9800503e-06
0,0.004848643,6.6024327e-06
0,0.0022616135,2.599942e-06
0,0.0024613433,2.9089517e-06
0,0.0012855708,1.0898699e-06
0,0.093467616,0.00014370817
0,0.0043764673,5.8719115e-06
0,0.026057405,3.9415303e-05
1,4.405921,0.006815666
1,2.43824,0.0037713936
1,1.5629294,0.0024171674
0,0.003268673,4.1580015e-06
0,0.02109435,3.1736774e-05
1,5.880748,0.009097426
1,0.0842274,0.00012941228
0,0.0017154017,1.7548773e-06
1,0.016314518,2.4341716e-05
0,0.035531558,5.407312e-05
1,0.92754155,0.0014341351
0,0.0063453093,8.917981e-06
1,0.42199123,0.00065197935
1,0.0145913875,2.1675798e-05
1,0.016064845,2.395544e-05
0,0.0046264958,6.25874e-06
0,0.0024353836,2.8687884e-06
1,0.06420842,9.844016e-05
0,0.0012014131,9.596664e-07
1,0.07407553,0.00011370594
1,0.05719195,8.7584725e-05
0,0.011562331,1.698943e-05
0,0.0055280537,7.653574e-06
1,0.06918828,0.0001061447
1,1.2395123,0.0019167968
0,0.0030221916,3.7766608e-06
0,0.0036597757,4.7630915e-06
1,5.1456537,0.007960134
1,0.09026429,0.00013875218
0,0.0060688467,8.490255e-06
0,0.0044050664,5.916158e-06
0,0.008876988,1.2834836e-05
0,0.0044029895,5.912945e-06
1,0.5121686,0.0007914961
0,0.0035252909,4.555025e-06
1,0.39910254,0.00061656744
0,0.0022570333,2.592856e-06
0,0.0032531503,4.133986e-06
0,0.00567096,7.87467e-06
1,0.049095802,7.505887e-05
1,0.016917262,2.5274245e-05
0,0.012626037,1.863513e-05
0,0.04562711,6.969233e-05
0,0.0023010282,2.660922e-06
0,0.008404332,1.2103573e-05
1,2.602091,0.0040248935
1,0.113502294,0.00017470456
1,5.151492,0.007969167
1,0.087156445,0.00013394392
1,5.2232804,0.008080234
1,0.49888086,0.0007709382
1,1.9818794,0.0030653407
1,5.896286,0.0091214655
1,0.011607494,1.7059305e-05
1,0.04914946,7.514189e-05
0,0.0033571601,4.2949036e-06
1,2.6548088,0.004106455
0,0.009125572,1.3219429e-05
1,0.08545258,0.0001313078
1,0.06584687,0.00010097507
0,0.030510506,4.630486e-05
0,0.0045900713,6.2023864e-06
0,0.020142766,3.0264542e-05
1,4.4921913,0.0069491384
1,0.062213775,9.5354175e-05
1,0.020634232,3.102491e-05
0,0.0046505798,6.296001e-06
0,0.00326603,4.1539124e-06
1,0.09363858,0.00014397266
0,0.010514938,1.536897e-05
0,0.026858192,4.0654228e-05
0,0.0021366985,2.4066815e-06
0,0.0033569592,4.294592e-06
1,0.5339828,0.0008252457
1,0.074987955,0.00011511759
0,0.011555458,1.6978798e-05
1,0.16854912,0.00025986956
1,0.044370178,6.774768e-05
0,0.008374135,1.2056853e-05
0,0.0056926184,7.908178e-06
0,0.0030216454,3.7758157e-06
1,0.019368337,2.9066394e-05
1,5.117352,0.007916348
1,0.081876986,0.00012577586
1,2.1920996,0.0033905804
0,0.03672248,5.5915643e-05
1,0.09251317,0.0001422315
0,0.0074787354,1.0671547e-05
0,0.007934607,1.1376842e-05
0,0.0027214463,3.311367e-06
1,2.1639123,0.0033469708
1,0.06530747,0.00010014054
0,0.0036838644,4.80036e-06
0,0.006009355,8.398213e-06
0,0.018617949,2.790544e-05
1,0.4479323,0.00069211377
0,0.005866615,8.177375e-06
1,0.08101043,0.00012443519
1,0.01914753,2.8724775e-05
1,0.043204967,6.594494e-05
0,0.0051725605,7.103577e-06
1,0.061010666,9.34928e-05
1,0.05517261,8.446053e-05
0,0.0048561916,6.614111e-06
0,0.006211307,8.710661e-06
0,0.0049461075,6.7532233e-06
1,0.08030017,0.00012333631
1,0.06273801,9.616524e-05
0,0.0104666175,1.5294212e-05
1,0.08439147,0.0001296661
1,0.023607194,3.562449e-05
0,0.0092610475,1.3429029e-05
0,0.0047019618,6.375496e-06
1,0.747766,0.0011559977
1,0.08715203,0.00013393708
1,0.06947603,0.00010658988
0,0.0022092704,2.5189602e-06
0,0.04469223,6.8245936e-05
1,0.045650713,6.972885e-05
0,0.0060933228,8.528123e-06
1,0.012188261,1.7957831e-05
1,0.07655385,0.00011754024
1,0.44555748,0.0006884396
1,0.0786944,0.00012085197
1,0.017175732,2.5674133e-05
1,0.05190757,7.940906e-05
0,0.015837654,2.3603945e-05
1,0.013600047,2.0142057e-05
1,0.06266204,9.604771e-05
1,2.3093004,0.0035719064
1,0.044989776,6.8706286e-05
1,0.07059788,0.000108325534
0,0.011349994,1.6660917e-05
0,0.013936039,2.0661884e-05
1,4.1792936,0.0064650425
1,1.8793511,0.0029067155
1,4.9894304,0.0077184355
0,0.0024195716,2.844325e-06
0,0.0025368175,3.0257204e-06
0,0.004593432,6.2075856e-06
1,0.016525323,2.466786e-05
0,0.004328376,5.797508e-06
0,0.0050987,6.989305e-06
1,0.058146603,8.906171e-05
1,0.04611395,7.044554e-05
1,0.07097101,0.00010890282
1,0.07033271,0.000107915286
0,0.010569706,1.5453703e-05
0,0.017266108,2.5813957e-05
1,2.3312216,0.0036058214
1,2.031773,0.0031425334
1,0.09918919,0.00015256023
1,0.070048735,0.000107475935
0,0.004729519,6.4181313e-06
1,0.082520775,0.00012677189
0,0.009936054,1.4473358e-05
0,0.004136388,5.500476e-06
1,0.077066,0.0001183326
1,0.07970012,0.00012240795
0,0.0034737804,4.475331e-06
1,0.16391388,0.0002526982
0,0.004340005,5.8154997e-06
1,0.8678389,0.001341767
0,0.007561803,1.0800063e-05
0,0.030019108,4.5544602e-05
0,0.0038260338,5.0203153e-06
1,0.019294849,2.8952698e-05
1,5.270526,0.008153329
1,0.041691948,6.360409e-05
1,4.95041,0.0076580653
1,0.046620745,7.122962e-05
0,0.0030313316,3.7908017e-06
0,0.0107816085,1.5781547e-05
1,0.020557394,3.090603e-05
1,0.084357865,0.00012961413
0,0.0051201684,7.022519e-06
0,0.03312467,5.0349336e-05
1,0.112154156,0.0001726188
0,0.0073717334,1.0506e-05
0,0.023674438,3.5728524e-05
0,0.011550565,1.6971228e-05
1,0.014049206,2.083697e-05
0,0.0069460347,9.847386e-06
1,0.13007133,0.00020033913
1,0.27061102,0.00041777338
0,0.0027034138,3.2834678e-06
1,0.048577778,7.425742e-05
0,0.0034896908,4.4999465e-06
1,0.073781274,0.00011325069
0,0.0027047773,3.2855773e-06
1,0.015234977,2.267152e-05
0,0.012235727,1.8031267e-05
0,0.0028060726,3.442295e-06
0,0.0012452083,1.0274237e-06
1,0.016117617,2.4037085e-05
1,0.077898085,0.00011961996
1,0.785859,0.0012149328
0,0.0061891065,8.676314e-06
1,3.3887563,0.005241973
1,2.2193124,0.0034326825
1,0.013130855,1.9416153e-05
0,0.013943311,2.0673135e-05
0,0.024297046,3.6691785e-05
1,1.2117863,0.0018739008
1,0.016207393,2.4175979e-05
0,0.008421933,1.2130804e-05
0,0.001608884,1.5900798e-06
1,0.07587645,0.000116492214
1,0.019701371,2.9581643e-05
1,2.1468165,0.0033205212
0,0.008259848,1.1880034e-05
1,0.09060744,0.00013928307
1,0.17480993,0.0002695559
0,0.0063090664,8.861908e-06
0,0.00548505,7.587041e-06
1,0.15536296,0.00023946878
0,0.010100256,1.47273995e-05
0,0.020707233,3.113785e-05
0,0.0033553797,4.292149e-06
1,0.03325532,5.055147e-05
0,0.0019341893,2.093372e-06
1,0.045081954,6.8848894e-05
1,1.3672829,0.0021144755
1,0.07720924,0.00011855422
1,0.088871546,0.0001365974
1,0.55920666,0.0008642705
1,0.21052344,0.0003248096
0,0.0109607885,1.6058762e-05
1,0.04938465,7.5505755e-05
1,0.09071863,0.00013945509
0,0.006721163,9.499478e-06
1,0.07520316,0.00011545054
1,0.09702519,0.00014921222
1,0.048313413,7.384841e-05
1,0.054125056,8.283982e-05
0,0.004127239,5.486321e-06
1,2.2438412,0.0034706318
1,0.060235456,9.229345e-05
0,0.0032672705,4.1558314e-06
1,0.088482425,0.00013599539
0,0.006975533,9.893023e-06
1,1.1660441,0.0018031314
1,3.2748466,0.0050657387
1,5.92571,0.009166989
1,0.019146092,2.872255e-05
1,0.07952165,0.00012213184
1,0.057089634,8.742643e-05
1,0.063656285,9.758594e-05
1,1.238952,0.00191593
1,0.046767488,7.145665e-05
1,5.1161375,0.007914469
1,2.0448766,0.0031628062
1,4.1494403,0.0064188554
1,0.07938091,0.00012191408
0,0.01238194,1.8257479e-05
1,0.07827936,0.00012020984
0,0.017952414,2.6875767e-05
0,0.008168146,1.173816e-05
1,0.096746035,0.00014878032
0,0.012325574,1.8170273e-05
0,0.0038672516,5.084085e-06
1,0.047970906,7.33185e-05
1,0.16550261,0.0002551562
1,0.034738027,5.284542e-05
1,0.05444503,8.333486e-05
0,0.0056406083,7.827712e-06
1,0.12846488,0.00019785373
1,0.055679236,8.524435e-05
1,0.06728089,0.00010319369
1,0.0535621,8.196885e-05
1,0.06794567,0.0001042222
1,0.017628837,2.6375148e-05
1,0.08434458,0.00012959357
1,0.07286914,0.00011183948
1,2.1944075,0.003394151
1,5.3864613,0.008332697
1,0.015116807,2.2488694e-05
1,1.4832731,0.0022939283
1,3.3376012,0.005162829
0,0.0044680536,6.013608e-06
0,0.0054103266,7.471434e-06
0,0.04002366,6.102302e-05
0,0.010076003,1.4689877e-05
1,5.096633,0.007884293
1,1.9908059,0.0030791513
1,0.14005469,0.00021578476
0,0.0068315514,9.670264e-06
0,0.030687949,4.657939e-05
0,0.0023256605,2.6990317e-06
0,0.0069788024,9.898082e-06
0,0.013220455,1.9554776e-05
0,0.0021864292,2.4836218e-06
0,0.010221916,1.4915625e-05
1,0.018886413,2.8320792e-05
0,0.0022120895,2.5233217e-06
1,0.04451674,6.797443e-05
0,0.012009112,1.7680662e-05
0,0.0037470683,4.8981447e-06
0,0.008311678,1.1960223e-05
1,0.054418005,8.329305e-05
0,0.0038727806,5.0926387e-06
0,0.019921008,2.9921453e-05
1,0.053582575,8.200053e-05
1,0.018259134,2.7350305e-05
0,0.004986451,6.81564e-06
0,0.003395278,4.3538766e-06
1,0.090020046,0.0001383743
0,0.005322383,7.3353726e-06
1,0.08554595,0.00013145225
1,0.04317676,6.5901295e-05
1,0.08198262,0.00012593929
0,0.010627697,1.5543425e-05
0,0.0031106686,3.913547e-06
0,0.0040804558,5.413941e-06
0,0.008665118,1.2507045e-05
1,0.11308893,0.00017406503
1,0.12023552,0.00018512178
1,0.07430304,0.000114057926
0,0.030569961,4.6396846e-05
1,0.069499165,0.000106625674
1,0.052464057,8.027002e-05
1,0.4132682,0.0006384837
1,0.094050504,0.00014460996
0,0.008085371,1.16100955e-05
1,0.061964326,9.496824e-05
1,0.073102206,0.000112200076
0,0.036238197,5.516639e-05
1,0.034920365,5.3127522e-05
0,0.038949788,5.936159e-05
1,0.06907465,0.000105968895
1,0.042520337,6.4885724e-05
0,0.02076775,3.1231477e-05
1,0.08265669,0.00012698217
0,0.010256354,1.4968905e-05
1,0.03509992,5.3405318e-05
0,0.0033565932,4.294026e-06
0,0.014731464,2.1892516e-05
1,0.15764998,0.0002430071
1,0.031923104,4.8490347e-05
1,0.022910213,3.4546163e-05
1,0.096892454,0.00014900685
0,0.0025216665,3.0022798e-06
0,0.0034899353,4.500325e-06
1,0.30683562,0.0004738178
0,0.0066108555,9.328817e-06
1,0.08027582,0.00012329864
0,0.0075160614,1.0729295e-05
1,0.13311435,0.00020504711
1,0.022768177,3.4326415e-05
1,0.16487473,0.0002541848
0,0.0021913308,2.4912051e-06
1,0.06856856,0.00010518589
0,0.0030371684,3.7998325e-06
1,0.07728958,0.000118678516
0,0.0023641651,2.7586036e-06
0,0.0048144273,6.549496e-06
1,0.064707436,9.921221e-05
1,1.6901449,0.0026139873
0,0.01778079,2.6610242e-05
0,0.0055940254,7.7556415e-06
1,2.3517354,0.003637559
1,0.02226762,3.3551984e-05
0,0.002831546,3.481706e-06
1,2.2562141,0.0034897744
1,1.3240429,0.0020475772
0,0.03820638,5.8211437e-05
0,0.0030076518,3.7541656e-06
1,0.063170254,9.683398e-05
0,0.0023460558,2.730586e-06
0,0.00496859,6.788007e-06
1,0.08021549,0.0001232053
0,0.0045185266,6.091697e-06
1,0.08134578,0.00012495402
1,0.05527554,8.461978e-05
0,0.03936447,6.000316e-05
0,0.023318348,3.5177603e-05
0,0.0018595312,1.9778654e-06
0,0.011441065,1.6801816e-05
0,0.005109729,7.006368e-06
0,0.0061647873,8.638688e-06
0,0.010640231,1.5562815e-05
0,0.010855528,1.5895908e-05
0,0.004483593,6.03765e-06
1,2.9207866,0.0045179594
1,0.6883509,0.0010640743
0,0.0027768984,3.3971587e-06
0,0.0017910367,1.8718952e-06
1,0.07496002,0.00011507437
1,0.04527655,6.914996e-05
1,0.04152563,6.334677e-05
0,0.0016653311,1.6774113e-06
1,5.303203,0.008203885
0,0.0139019145,2.0609088e-05
1,0.043636877,6.661317e-05
1,0.05700385,8.729371e-05
1,0.065325536,0.000100168494
0,0.04360965,6.657104e-05
0,0.0069056363,9.784883e-06
1,0.015984943,2.383182e-05
1,0.12974907,0.00019984056
0,0.0079886215,1.1460411e-05
1,0.08249178,0.00012672703
1,0.06675461,0.00010237947
0,0.010334627,1.5090004e-05
0,0.007998069,1.1475026e-05
0,0.0025927185,3.1122072e-06
1,0.01575666,2.3478633e-05
0,0.027233878,4.1235468e-05
1,0.015773576,2.3504806e-05
1,0.07142056,0.00010959833
0,0.0070564146,1.0018159e-05
0,0.005141958,7.056231e-06
1,0.07424999,0.00011397585
0,0.0040408457,5.3526587e-06
0,0.0050610844,6.931108e-06
1,0.033396475,5.0769853e-05
0,0.07315832,0.000112286885
0,0.0063429615,8.914349e-06
1,2.0459206,0.0031644215
0,0.0068522,9.70221e-06
1,0.012885418,1.9036428e-05
1,0.06849041,0.00010506499
1,0.08864431,0.00013624584
0,0.0067840493,9.596772e-06
0,0.046697915,7.134901e-05
0,0.003670985,4.7804338e-06
0,0.03276019,4.9785438e-05
0,0.0125271715,1.8482173e-05
0,0.00614011,8.600509e-06
1,0.013025939,1.9253834e-05
1,0.01586246,2.364232e-05
1,0.3774784,0.0005831119
1,5.1228576,0.007924866
1,0.095299214,0.00014654189
0,0.007890415,1.13084725e-05
1,0.019859869,2.9826862e-05
0,0.006228369,8.737058e-06
1,0.05658366,8.664362e-05
0,0.0015684058,1.5274545e-06
0,0.003654562,4.7550247e-06
0,0.04709828,7.196843e-05
1,0.133239,0.00020523996
0,0.002475037,2.9301377e-06
1,0.014041911,2.0825682e-05
1,1.8790905,0.0029063122
1,0.07789376,0.00011961326
0,0.0039831665,5.2634214e-06
0,0.013022262,1.9248144e-05
0,0.00413185,5.493455e-06
0,0.0021980791,2.5016457e-06
1,0.07619745,0.00011698884
0,0.026501793,4.010283e-05
1,5.407388,0.008365073
1,0.041173045,6.280128e-05
1,0.082573116,0.00012685287
1,0.06268136,9.60776e-05
1,0.01553727,2.3139208e-05
1,0.027886778,4.2245592e-05
0,0.009169978,1.3288132e-05
0,0.0029514176,3.6671638e-06
1,0.05999919,9.192791e-05
1,0.081156805,0.00012466164
1,0.096559815,0.00014849222
0,0.0021857976,2.4826445e-06
1,3.558533,0.0055046408
1,5.861297,0.009067333
1,0.059396982,9.099621e-05
1,0.07468244,0.00011464491
1,0.04342036,6.627818e-05
1,3.7409406,0.00578685
1,0.091054425,0.00013997463
0,0.008763543,1.2659322e-05
0,0.019604437,2.9431672e-05
1,0.13674329,0.00021066159
0,0.009730802,1.4155804e-05
1,0.18221697,0.00028101561
0,0.043435935,6.630228e-05
1,4.1371336,0.006399815
1,1.6384423,0.0025339962
1,0.07337071,0.00011261548
1,3.4159076,0.0052839797
1,0.019807497,2.9745835e-05
1,0.017988238,2.6931191e-05
1,0.42141756,0.00065109186
1,0.016573071,2.4741734e-05
0,0.0029510516,3.6665974e-06
0,0.008744431,1.2629752e-05
1,5.226384,0.008085036
0,0.00550525,7.6182932e-06
0,0.10185904,0.00015669085
0,0.0034465261,4.433165e-06
1,0.1514996,0.00023349162
0,0.011346016,1.6654762e-05
1,0.06834844,0.00010484534
1,2.3298721,0.0036037336
1,0.14433613,0.00022240875
0,0.0016862105,1.7097146e-06
0,0.019421471,2.91486e-05
1,1.9909256,0.0030793364
0,0.0043650097,5.854185e-06
0,0.0028994225,3.5867206e-06
1,0.024167165,3.649084e-05
1,0.08671736,0.00013326459
0,0.009721521,1.4141446e-05
0,0.020468354,3.076827e-05
0,0.006910897,9.793022e-06
1,0.10323699,0.00015882272
1,1.9987593,0.0030914561
0,0.0104384385,1.52506145e-05
1,0.072539516,0.000111329515
1,0.100613646,0.00015476406
1,0.09894876,0.00015218825
1,0.027423365,4.152863e-05
0,0.012386852,1.8265078e-05
1,0.018963054,2.8439365e-05
1,0.104821384,0.000161274
1,0.47987932,0.0007415402
0,0.0103393,1.5097235e-05
1,2.0388668,0.0031535083
0,0.0076464345,1.0931e-05
0,0.003995305,5.282201e-06
1,0.06204975,9.510041e-05
0,0.0034590068,4.4524745e-06
1,0.291458,0.00045002653
1,0.078497455,0.000120547265
0,0.0064256825,9.042329e-06
1,0.092537306,0.00014226885
1,0.4280451,0.00066134555
1,0.030675897,4.6560745e-05
0,0.014320797,2.1257158e-05
1,0.057498638,8.805921e-05
1,0.087392494,0.00013430911
1,0.078970216,0.00012127869
1,0.044608064,6.8115725e-05
1,0.06388646,9.794205e-05
0,0.059447408,9.107423e-05
1,0.2458997,0.00037954157
0,0.005692582,7.908122e-06
0,0.00435613,5.840447e-06
1,0.07856527,0.000120652185
0,0.0038396085,5.0413173e-06
1,0.27836698,0.00042977292
1,0.08271543,0.00012707306
1,2.3838005,0.0036871682
0,0.003514074,4.537671e-06
0,0.0077545927,1.1098336e-05
0,0.017017087,2.5428686e-05
1,0.31419447,0.00048520297
0,0.0038393964,5.040989e-06
0,0.008760598,1.2654765e-05
1,0.01696531,2.534858e-05
1,0.4476492,0.0006916758
1,0.8473008,0.0013099917
0,0.009840364,1.4325311e-05
0,0.01103791,1.617808e-05
1,0.14714183,0.00022674954
1,0.0754295,0.000115800714
1,0.06984574,0.000107161875
1,0.06721452,0.00010309101
0,0.0027434283,3.3453762e-06
1,1.1157886,0.0017253791
0,0.0027823532,3.405598e-06
1,0.022618724,3.409519e-05
1,0.07188406,0.00011031543
0,0.009404073,1.3650309e-05
1,0.02836966,4.2992677e-05
0,0.02366579,3.5715144e-05
1,0.04045401,6.1688836e-05
1,4.145775,0.006413184
0,0.0013618827,1.2079349e-06
1,0.08086075,0.00012420361
1,5.0745234,0.007850086
1,0.073483676,0.00011279026
1,0.111785844,0.00017204898
0,0.001871461,1.9963227e-06
1,0.07251745,0.00011129537
0,0.0034984048,4.513428e-06
1,0.08309513,0.0001276605
1,4.1847973,0.0064735576
1,0.047469392,7.254259e-05
1,0.021219885,3.1930995e-05
0,0.02208862,3.3275046e-05
0,0.010563498,1.54441e-05
1,0.021685,3.265059e-05
0,0.0029133665,3.6082936e-06
1,0.07753836,0.00011906342
1,0.06419733,9.842301e-05
1,0.03958053,6.033744e-05
1,1.7156165,0.0026533953
0,0.0047110915,6.3896214e-06
0,0.01045528,1.527667e-05
0,0.0061644516,8.638169e-06
0,0.08713196,0.00013390604
1,0.017416658,2.6046879e-05
1,0.017341299,2.5930287e-05
1,2.1442049,0.0033164807
1,0.05067052,7.749518e-05
0,0.0032400703,4.113749e-06
1,0.08059284,0.00012378911
1,0.028476456,4.3157906e-05
1,0.06335208,9.7115284e-05
1,0.17114776,0.00026389002
0,0.009659294,1.4045171e-05
1,0.022950707,3.4608813e-05
0,0.007868313,1.1274277e-05
0,0.008472582,1.2209165e-05
1,5.8965473,0.00912187
0,0.0050621885,6.9328166e-06
0,0.014201888,2.1073189e-05
1,0.032844417,4.9915743e-05
0,0.0060893213,8.521932e-06
1,5.0459003,0.007805802
0,0.0051721702,7.102973e-06
1,0.08111516,0.00012459721
1,4.31413,0.0066736527
0,0.0014520098,1.3473739e-06
1,0.06281758,9.628835e-05
1,0.040995784,6.252703e-05
0,0.0054267566,7.4968534e-06
0,0.0036491472,4.7466474e-06
1,0.093937516,0.00014443517
1,0.05639208,8.6347216e-05
0,0.009735869,1.4163644e-05
1,0.15595567,0.00024038578
0,0.021772264,3.27856e-05
0,0.0060427734,8.449916e-06
1,0.041039933,6.259533e-05
1,0.07391809,0.00011346235
0,0.0019738246,2.1546932e-06
1,0.52718467,0.00081472803
1,1.2596513,0.0019479546
1,0.079072505,0.00012143695
1,0.044437706,6.7852154e-05
0,0.02021117,3.0370371e-05
1,0.08731264,0.00013418557
1,5.1498675,0.007966653
0,0.012490894,1.8426046e-05
1,0.012402547,1.828936e-05
1,0.057265297,8.76982e-05
1,0.0753445,0.000115669216
0,0.022153368,3.337522e-05
0,0.00782515,1.1207498e-05
1,0.047784973,7.303084e-05
1,0.05673502,8.687779e-05
1,1.396911,0.0021603142
0,0.002952482,3.6688107e-06
1,2.11093,0.003265
0,0.013415403,1.9856388e-05
1,2.4172726,0.003738954
1,0.07255813,0.000111358306
1,0.019236216,2.8861985e-05
1,0.07901507,0.00012134809
1,0.08702544,0.00013374122
1,0.0874598,0.00013441325
1,0.01863365,2.7929733e-05
0,0.00188274,2.0137727e-06
1,0.012005035,1.7674354e-05
1,3.2732189,0.0050632204
1,0.048489705,7.4121155e-05
1,0.10804082,0.0001662549
1,0.0880917,0.00013539089
1,0.013555704,2.0073452e-05
0,0.0024857568,2.9467226e-06
1,0.070532516,0.000108224405
0,0.0061525954,8.619826e-06
1,0.15177824,0.0002339227
1,0.21327281,0.00032906327
1,0.89845246,0.0013891304
0,0.020965455,3.1537355e-05
0,0.001957241,2.129036e-06
0,0.0034296284,4.4070216e-06
1,0.051332403,7.85192e-05
0,0.0073383767,1.0454392e-05
1,0.12357543,0.00019028908
0,0.0020044546,2.202082e-06
0,0.0070408,9.994001e-06
1,0.072439395,0.00011117461
0,0.0030697256,3.850203e-06
1,0.08860935,0.00013619175
1,0.15027685,0.00023159986
1,0.078071356,0.00011988803
1,0.079013094,0.00012134503
0,0.0029857657,3.720305e-06
1,0.050463088,7.717425e-05
0,0.015731368,2.3439505e-05
0,0.0048775426,6.647144e-06
0,0.0047545712,6.4568903e-06
0,0.002811991,3.451452e-06
1,0.5334441,0.0008244123
0,0.0013345247,1.1656084e-06
0,0.00506542,6.937816e-06
1,0.09351682,0.00014378429
0,0.0070199277,9.961708e-06
0,0.039177947,5.9714584e-05
1,5.0084777,0.007747904
1,0.05154143,7.884259e-05
1,0.08897049,0.00013675049
0,0.007677796,1.097952e-05
0,0.0049779955,6.8025583e-06
1,2.3747945,0.0036732345
0,0.0063592037,8.939477e-06
0,0.0041809026,5.569346e-06
0,0.0056756847,7.881979e-06
1,5.0479627,0.0078089926
0,0.0039993403,5.2884443e-06
1,1.8713871,0.002894394
1,1.5598367,0.0024123827
0,0.0068109487,9.638389e-06
1,0.052212548,7.9880905e-05
1,0.10676162,0.00016427581
1,0.017825462,2.6679354e-05
0,0.008896203,1.2864564e-05
0,0.005843052,8.14092e-06
0,0.0031860918,4.030237e-06
1,0.013899006,2.0604588e-05
1,5.2720857,0.008155742
0,0.012120156,1.7852462e-05
1,1.702326,0.0026328333
1,0.10564967,0.00016255547
1,3.8120637,0.0058968877
0,0.0066865133,9.44587e-06
1,5.0790453,0.0078570815
1,0.06503575,9.9720164e-05
1,0.042068034,6.418595e-05
0,0.010898217,1.5961954e-05
1,0.97788024,0.001512016
1,5.4932904,0.008497976
1,5.184423,0.008020116
0,0.025804797,3.9024482e-05
1,0.07853433,0.00012060431
0,0.0024591414,2.905545e-06
0,0.0096415235,1.4017678e-05
1,0.015079889,2.2431577e-05
0,0.018165575,2.7205557e-05
0,0.004427704,5.9511817e-06
1,0.074341536,0.00011411749
1,1.9843444,0.0030691545
1,0.07070686,0.00010849414
1,0.08970294,0.00013788369
0,0.006817117,9.647932e-06
1,0.083198346,0.0001278202
0,0.012128246,1.7864979e-05
1,0.06575689,0.00010083585
1,0.1775221,0.000273752
0,0.00934211,1.3554443e-05
1,0.6226406,0.0009624115
1,0.016537555,2.4686784e-05
0,0.0023300154,2.7057692e-06
0,0.018624943,2.7916261e-05
0,0.011242835,1.6495127e-05
0,0.0032514464,4.1313497e-06
0,0.008342243,1.2007511e-05
1,0.9357603,0.0014468507
1,0.093931295,0.00014442553
1,0.08113039,0.00012462078
0,0.008571149,1.2361661e-05
1,0.05181956,7.92729e-05
0,0.0013108952,1.1290502e-06
0,0.008051254,1.1557311e-05
0,0.007916188,1.1348346e-05
0,0.0032365723,4.108337e-06
1,0.014508181,2.1547066e-05
1,0.0663146,0.000101698715
1,0.11019132,0.00016958204
0,0.0011129776,8.228446e-07
1,0.024767736,3.7420006e-05
1,0.082984716,0.00012748968
1,0.041071508,6.264418e-05
0,0.011316013,1.6608343e-05
0,0.18879583,0.000291194
1,0.0727245,0.00011161571
0,0.005551573,7.689961e-06
0,0.007239396,1.0301256e-05
1,0.018534698,2.777664e-05
1,0.09156601,0.00014076612
1,5.407712,0.008365574
0,0.009051113,1.31042325e-05
0,0.0015358209,1.4770412e-06
0,0.010784751,1.5786407e-05
1,5.1579742,0.007979196
0,0.007950855,1.1401981e-05
1,0.015638575,2.3295941e-05
1,0.013122532,1.9403276e-05
1,0.058421366,8.94868e-05
1,5.274847,0.008160014
1,0.05041913,7.710624e-05
1,0.1268832,0.00019540665
1,0.08133413,0.00012493599
0,0.0019566468,2.1281166e-06
1,0.11781953,0.00018138392
0,0.0065618195,9.252952e-06
1,3.5007315,0.0054152138
0,0.041210435,6.285912e-05
0,0.0017929961,1.8749266e-06
1,0.016251232,2.4243805e-05
1,0.11864753,0.00018266495
0,0.0060753976,8.50039e-06
1,0.09531455,0.00014656562
1,0.05392024,8.2522936e-05
1,0.013825521,2.0490897e-05
0,0.0057998295,8.074048e-06
0,0.027341029,4.1401243e-05
0,0.007543066,1.0771075e-05
1,0.013928244,2.0649824e-05
0,0.034099884,5.1858126e-05
1,0.089510866,0.00013758652
0,0.010814763,1.583284e-05
1,0.12227894,0.00018828324
0,0.0014473671,1.3401911e-06
0,0.022372799,3.371471e-05
1,0.152459,0.00023497593
1,0.05959752,9.130647e-05
1,0.055434886,8.4866304e-05
1,0.025943901,3.9239694e-05
1,0.033935692,5.1604096e-05
1,0.013239871,1.9584815e-05
1,0.09158257,0.00014079173
1,0.11541243,0.00017765981
1,1.0533413,0.0016287647
1,3.044881,0.0047099506
0,0.005643502,7.832188e-06
1,0.04102107,6.2566156e-05
0,0.0047992,6.5259374e-06
0,0.0059829988,8.357437e-06
0,0.006700108,9.466903e-06
0,0.015383885,2.29019e-05
1,0.17185801,0.0002649889
1,102.14122,0.15802561
0,0.05757819,8.818229e-05
0,0.007869945,1.1276801e-05
1,0.06486597,9.945748e-05
0,0.004068971,5.3961726e-06
0,0.0077711386,1.1123934e-05
0,0.0019117658,2.0586797e-06
1,5.1423,0.007954946
1,0.015979461,2.3823339e-05
1,2.28449,0.0035335212
1,0.014761305,2.1938684e-05
0,0.00149359,1.4117041e-06
1,5.7642365,0.008917167
1,5.748947,0.008893512
1,0.014189864,2.1054586e-05
1,0.012047691,1.774035e-05
0,0.04702712,7.185833e-05
0,0.024609812,3.7175676e-05
0,0.010501782,1.5348616e-05
1,0.081735894,0.00012555758
1,0.07926564,0.00012173575
1,0.087981135,0.00013521982
0,0.0025731628,3.0819515e-06
1,0.045943536,7.018188e-05
1,0.073831715,0.00011332872
1,0.07748485,0.00011898063
0,0.0068345023,9.67483e-06
1,0.075094804,0.0001152829
0,0.01553547,2.3136423e-05
0,0.004186702,5.5783185e-06
0,0.0021696656,2.4576862e-06
0,0.012136633,1.7877954e-05
1,0.060344916,9.24628e-05
1,0.1923624,0.00029671198
1,0.07331101,0.00011252312
0,0.0050524054,6.917681e-06
0,0.007611299,1.0876641e-05
1,0.07302239,0.00011207658
0,0.0061933235,8.682838e-06
1,0.036762565,5.597766e-05
1,0.015367825,2.2877053e-05
1,0.08054976,0.00012372246
1,0.1685461,0.0002598649
1,0.096373186,0.00014820347
1,0.014658412,2.1779493e-05
1,0.057915352,8.870393e-05
1,1.5828438,0.002447978
1,0.07653288,0.00011750779
0,0.012942576,1.912486e-05
0,0.0025455905,3.0392935e-06
1,0.10996091,0.00016922556
1,0.083331026,0.00012802547
0,0.002116239,2.3750276e-06
0,0.004488271,6.0448874e-06
1,0.033756483,5.132684e-05
1,0.14595488,0.00022491316
0,0.0031269118,3.9386773e-06
0,0.0018893989,2.024075e-06
0,0.005516319,7.635419e-06
1,0.16487065,0.00025417848
1,0.07730152,0.00011869698
0,0.0041495445,5.5208307e-06
1,5.922335,0.009161768
1,2.340152,0.003619638
0,0.005100293,6.9917696e-06
0,0.007859816,1.1261131e-05
1,0.03841926,5.8540794e-05
0,0.0025943764,3.114772e-06
1,0.44730985,0.0006911508
0,0.013501581,1.9989717e-05
0,0.002248819,2.5801473e-06
0,0.00907272,1.3137661e-05
1,0.078087695,0.00011991331
0,0.002441669,2.878513e-06
0,0.0048716944,6.638096e-06
0,0.0060612056,8.478433e-06
0,0.0024161576,2.8390432e-06
1,0.108433455,0.00016686237
0,0.007959787,1.1415799e-05
0,0.018371802,2.7524617e-05
0,0.0020350523,2.2494207e-06
1,0.54994655,0.0008499438
1,2.3062963,0.0035672586
0,0.024064263,3.6331636e-05
1,0.07717637,0.00011850336
0,0.0026474823,3.1969341e-06
1,4.278764,0.0066189365
1,3.42017,0.0052905744
0,0.002424644,2.8521729e-06
0,0.0072596553,1.0332599e-05
1,1.7037438,0.0026350268
0,0.08033676,0.00012339292
1,0.08218346,0.00012625002
0,0.007826564,1.1209685e-05
1,0.06687526,0.000102566126
1,0.045786306,6.993863e-05
0,0.0056890924,7.902723e-06
0,0.00568513,7.896593e-06
0,0.012553348,1.852267e-05
1,0.058131196,8.9037865e-05
1,0.021809002,3.284244e-05
0,0.015457772,2.3016213e-05
1,0.07998237,0.00012284463
1,0.089119144,0.00013698048
1,0.0704999,0.00010817394
0,0.007694598,1.1005515e-05
0,0.0062244735,8.731031e-06
1,0.0879922,0.00013523694
1,0.16898195,0.00026053924
0,0.007970473,1.1432332e-05
1,0.012042768,1.7732733e-05
1,0.02008922,3.01817e-05
1,0.015268955,2.2724089e-05
0,0.0023100604,2.6748962e-06
0,0.0032571673,4.140201e-06
0,0.0017993337,1.8847318e-06
0,0.004357668,5.8428263e-06
1,0.4426682,0.00068396947
0,0.0034502875,4.438984e-06
1,0.018189428,2.724246e-05
1,0.05379108,8.232311e-05
1,0.05532259,8.469257e-05
0,0.0040252656,5.3285544e-06
0,0.0054663047,7.5580397e-06
1,0.017107086,2.5567928e-05
0,0.0103383185,1.5095716e-05
1,2.314321,0.0035796738
1,0.09839609,0.0001513332
1,0.4066152,0.0006281905
1,0.08480072,0.00013029928
1,0.015798446,2.3543284e-05
0,0.0057165734,7.94524e-06
1,0.15075518,0.0002323399
1,3.138171,0.004854283
0,0.0051892255,7.1293603e-06
1,0.011574617,1.7008439e-05
0,0.10770409,0.00016573395
1,0.055696018,8.5270316e-05
0,0.004649729,6.294685e-06
0,0.0024083054,2.8268946e-06
1,0.808018,0.0012492158
0,0.020626586,3.1013078e-05
1,0.066428766,0.00010187535
1,0.040817436,6.22511e-05
1,0.08308708,0.00012764805
1,5.2265606,0.008085309
0,0.0067190668,9.496235e-06
0,0.0039098277,5.149956e-06
0,0.0012101118,9.731244e-07
0,0.0064817965,9.129145e-06
0,0.0029369735,3.644817e-06
1,0.5347815,0.0008264814
0,0.003098629,3.8949197e-06
1,5.101473,0.007891781
1,0.011868851,1.746366e-05
1,0.108812265,0.00016744844
1,2.771665,0.004287248
0,0.005598943,7.763249e-06
0,0.03851245,5.868497e-05
0,0.0063798022,8.971346e-06
1,0.071003094,0.00010895246
0,0.0029502087,3.6652934e-06
0,0.0034047798,4.3685773e-06
1,0.06553644,0.00010049479
0,0.0021913524,2.4912385e-06
1,0.21739252,0.000335437
0,0.0018230261,1.9213871e-06
0,0.004307936,5.765884e-06
0,0.0032415993,4.116115e-06
1,0.103458084,0.00015916479
0,0.010404582,1.5198235e-05
0,0.016185954,2.4142812e-05
1,0.058746863,8.999039e-05
1,0.018340468,2.747614e-05
1,0.030393776,4.6124263e-05
1,5.745926,0.008888838
0,0.009983841,1.454729e-05
1,0.05856429,8.970792e-05
1,0.0152893225,2.27556e-05
1,0.015022691,2.2343083e-05
1,0.04072734,6.211171e-05
0,0.004004204,5.2959695e-06
0,0.0074118036,1.0567994e-05
0,0.009681951,1.4080225e-05
0,0.0046024146,6.221483e-06
0,0.011828739,1.74016e-05
1,0.057743907,8.8438675e-05
0,0.007906488,1.1333339e-05
1,0.0610064,9.3486204e-05
0,0.00924441,1.3403289e-05
0,0.007832146,1.1218322e-05
1,0.070228025,0.00010775332
1,0.078871794,0.00012112642
1,0.074163154,0.0001138415
1,0.07432746,0.00011409571
0,0.01877143,2.8142898e-05
0,0.0011126271,8.2230224e-07
0,0.0067453226,9.536856e-06
1,0.08733311,0.00013421725
0,0.04393097,6.706817e-05
1,0.045853812,7.004307e-05
0,0.016217742,2.419199e-05
1,0.048815362,7.462499e-05
1,0.054836635,8.394073e-05
1,0.07043345,0.000108071144
1,0.074280925,0.000114023715
1,1.2196456,0.0018860603
0,0.0037389335,4.8855595e-06
1,0.01708626,2.5535706e-05
1,0.055761244,8.5371226e-05
1,0.05931194,9.086464e-05
1,0.014364837,2.1325293e-05
0,0.0068628155,9.718634e-06
0,0.0087309,1.2608817e-05
1,0.07482867,0.000114871145
1,0.016545203,2.4698616e-05
0,0.011321327,1.6616565e-05
0,0.0033207503,4.2385723e-06
0,0.0019011586,2.0422688e-06
1,0.06397517,9.807929e-05
1,0.09422136,0.00014487431
0,0.004241811,5.66358e-06
1,0.06597634,0.00010117537
0,0.0040910994,5.4304082e-06
0,0.004171492,5.5547866e-06
0,0.0010905862,7.8820193e-07
1,0.08390905,0.00012891974
1,0.013372319,1.9789732e-05
1,3.9947443,0.0061795195
0,0.007805085,1.1176454e-05
1,0.017219363,2.5741636e-05
1,0.053991366,8.2632985e-05
1,0.09634406,0.00014815842
1,0.5930242,0.00091659086
1,0.52862906,0.00081696274
0,5.25214,0.008124883
0,0.07364383,0.00011303805
1,2.3218582,0.003591335
0,0.004805679,6.535961e-06
1,327.5522,0.50676733
1,0.09599437,0.0001476174
1,0.06454363,9.895877e-05
0,0.002860141,3.5259463e-06
1,0.07174352,0.00011009799
0,0.03112413,4.725422e-05
0,0.09143184,0.00014055854
0,0.0021953657,2.4974477e-06
1,0.07447173,0.00011431891
0,0.0072472207,1.0313362e-05
1,0.07877337,0.000120974146
1,0.058312867,8.9318935e-05
1,0.08309031,0.00012765305
1,0.023639958,3.567518e-05
0,0.008243689,1.1855035e-05
1,0.033223048,5.0501538e-05
0,0.004650841,6.2964054e-06
1,0.064508654,9.890467e-05
1,0.049831126,7.619652e-05
0,0.002574056,3.0833332e-06
0,0.0023439946,2.727397e-06
1,0.078237996,0.00012014584
0,0.011646033,1.711893e-05
0,0.030549258,4.6364814e-05
1,4.7698317,0.0073786858
1,0.87591773,0.0013542661
1,0.0146404905,2.1751766e-05
0,0.001207302,9.687773e-07
1,0.36726102,0.0005673042
1,0.014646327,2.1760798e-05
0,0.006923226,9.812097e-06
1,0.019730886,2.9627308e-05
0,0.036970634,5.629957e-05
0,0.006084537,8.51453e-06
1,0.057672523,8.832824e-05
0,0.005646237,7.83642e-06
1,2.978781,0.004607685
1,4.9830804,0.007708611
0,0.00394963,5.2115356e-06
1,0.13912688,0.00021434932
1,0.027419994,4.1523414e-05
0,0.016034745,2.390887e-05
1,0.14044386,0.00021638686
1,0.98301065,0.0015199535
0,0.025337618,3.8301692e-05
1,0.061774075,9.46739e-05
0,0.024535753,3.7061098e-05
0,0.013637531,2.020005e-05
1,0.092214264,0.00014176905
1,0.07496428,0.000115080955
0,0.0068410616,9.684978e-06
1,0.04841571,7.4006675e-05
1,0.07437892,0.00011417533
0,0.0077867396,1.1148071e-05
1,0.08076722,0.0001240589
1,3.3523247,0.0051856083
0,0.0030118898,3.7607224e-06
0,0.00992285,1.4452929e-05
1,0.07235685,0.0001110469
1,0.18903679,0.0002915668
0,0.0031592788,3.988754e-06
1,1.280389,0.0019800386
1,0.016636983,2.4840614e-05
1,0.01833069,2.746101e-05
0,0.0029935383,3.7323305e-06
1,0.13611178,0.00020968454
0,0.003917411,5.1616885e-06
1,5.0572743,0.007823399
0,0.02006412,3.0142864e-05
1,0.036641613,5.579053e-05
1,0.10987774,0.00016909688
1,0.88994116,0.0013759622
1,0.06718944,0.00010305221
1,1.3949202,0.0021572341
1,0.06269086,9.60923e-05
1,0.089285985,0.0001372386
1,0.32857317,0.0005074488
1,0.085254915,0.00013100199
0,0.0033284596,4.2505e-06
1,0.06326755,9.698451e-05
1,0.0932433,0.00014336112
0,0.011769598,1.7310102e-05
1,0.05752509,8.810014e-05
0,0.003668041,4.7758786e-06
0,0.017968003,2.6899885e-05
1,2.2255208,0.0034422877
0,0.0016858024,1.7090832e-06
1,1.310051,0.0020259297
1,0.891624,0.0013785657
1,0.023645246,3.568336e-05
0,0.0030384336,3.8017897e-06
1,0.078563526,0.000120649485
1,0.017299945,2.5866306e-05
0,0.0028307403,3.4804598e-06
0,0.0045635393,6.1613378e-06
0,0.0060903328,8.523497e-06
1,0.013680049,2.0265832e-05
1,0.019585446,2.940229e-05
0,0.0044903937,6.048171e-06
1,3.1546106,0.0048797172
0,0.001324679,1.1503757e-06
1,2.1875858,0.0033835971
0,0.006944033,9.844288e-06
1,0.0952473,0.00014646158
0,0.029045071,4.403763e-05
0,0.0056145103,7.787334e-06
0,0.008663803,1.250501e-05
1,4.978716,0.0077018584
1,0.5941722,0.00091836695
1,3.7404938,0.005786159
0,0.011882991,1.7485536e-05
1,0.06632139,0.000101709215
1,0.084185936,0.00012934813
0,0.0014873022,1.4019762e-06
0,0.00424365,5.666425e-06
1,0.046170842,7.0533555e-05
1,0.1060671,0.00016320129
0,0.002055719,2.2813952e-06
1,4.403333,0.0068116626
0,0.021209203,3.1914467e-05
0,0.0065711453,9.26738e-06
0,0.0022133442,2.525263e-06
0,0.0038745352,5.0953536e-06
0,0.008469426,1.2204282e-05
1,0.016045762,2.3925915e-05
1,0.06350647,9.735415e-05
1,0.028742973,4.3570242e-05
1,5.2010036,0.008045768
1,0.25036898,0.00038645614
0,0.004918788,6.7109563e-06
1,0.05881599,9.009734e-05
1,0.07158303,0.0001098497
1,0.013345676,1.974851e-05
1,0.029755715,4.5137094e-05
0,0.012966832,1.9162388e-05
0,0.0076465476,1.0931175e-05
0,0.0045653875,6.164197e-06
1,0.083689086,0.00012857943
1,0.2232868,0.00034455626
0,0.0014454654,1.3372488e-06
1,0.01541992,2.295765e-05
1,0.13011864,0.00020041232
1,0.016439585,2.4535211e-05
1,0.06420219,9.843052e-05
1,0.18402067,0.00028380618
0,0.022577683,3.403169e-05
1,0.07903316,0.00012137607
0,0.0017568736,1.8190401e-06
1,0.08648269,0.00013290152
1,0.079548314,0.00012217309
0,0.0028867288,3.5670814e-06
1,2.0092537,0.0031076928
0,0.003543667,4.583455e-06
1,0.25132212,0.0003879308
1,0.14532538,0.00022393925
1,0.44785056,0.0006919873
0,0.016180018,2.4133627e-05
1,0.014397175,2.1375325e-05
1,0.049325608,7.541441e-05
0,0.010099267,1.472587e-05
0,0.0025357732,3.0241051e-06
1,3.7879496,0.00585958
1,0.0130317975,1.9262898e-05
1,1.4526112,0.00224649
0,0.06081898,9.319624e-05
1,0.055944387,8.5654574e-05
1,0.04513885,6.8936926e-05
0,0.003226462,4.0926957e-06
0,0.003808066,4.992517e-06
1,2.0092337,0.0031076618
0,0.029350804,4.451064e-05
1,5.925067,0.009165994
0,0.0096096,1.3968287e-05
0,0.010330109,1.5083014e-05
1,5.4991293,0.00850701
1,0.02877097,4.361356e-05
0,0.037048016,5.641929e-05
0,0.0083386665,1.2001979e-05
0,0.0051529654,7.073261e-06
1,0.015260565,2.2711107e-05
1,3.7674863,0.0058279205
0,0.006251935,8.773518e-06
0,0.004283326,5.7278094e-06
1,0.076433845,0.000117354575
0,0.010484031,1.5321153e-05
0,0.003625706,4.710381e-06
1,0.068863474,0.00010564217
0,0.0057004956,7.9203655e-06
1,0.0832747,0.00012793831
0,0.015534014,2.3134171e-05
1,0.087152615,0.00013393798
1,0.06863591,0.0001052901
1,4.1460867,0.0064136665
0,0.016184319,2.4140281e-05
1,0.014102619,2.0919606e-05
1,0.07638964,0.00011728619
0,0.0041035693,5.449701e-06
1,0.052522767,8.036086e-05
0,0.0042106058,5.615301e-06
0,0.009845565,1.4333358e-05
1,0.07400807,0.00011360157
1,0.0488927,7.474465e-05
1,0.07446778,0.0001143128
0,0.007958141,1.1413254e-05
0,0.05937408,9.096078e-05
1,0.015291536,2.2759024e-05
1,0.89758056,0.0013877813
1,0.07840089,0.00012039786
0,0.0071535995,1.0168516e-05
1,0.085495576,0.00013137433
0,0.008161816,1.1728366e-05
0,0.007585087,1.0836087e-05
1,0.029564736,4.4841625e-05
0,0.012703686,1.8755265e-05
0,0.00946159,1.3739296e-05
1,2.31461,0.0035801209
1,0.091775656,0.00014109047
0,0.011197427,1.6424874e-05
1,0.013872579,2.0563702e-05
0,0.0026817636,3.2499722e-06
1,0.08527319,0.00013103026
0,0.010311547,1.5054296e-05
1,0.015889127,2.3683579e-05
0,0.006289152,8.831097e-06
0,0.0061298176,8.584585e-06
0,0.0038985733,5.132544e-06
0,0.020852929,3.1363263e-05
1,0.07031486,0.00010788767
1,0.34889328,0.0005388868
0,0.019711118,2.9596724e-05
0,0.048329383,7.387312e-05
1,0.072804354,0.00011173925
1,5.4919033,0.00849583
1,0.020510854,3.0834024e-05
0,0.004546783,6.135413e-06
0,0.0065851877,9.289106e-06
1,0.059525866,9.1195616e-05
1,0.11528067,0.00017745596
0,0.010412491,1.521047e-05
0,0.0035657322,4.6175933e-06
1,0.040460743,6.169925e-05
1,0.023479125,3.5426347e-05
0,0.0051162955,7.0165274e-06
1,2.375121,0.00367374
1,0.7696896,0.0011899165
1,0.06078503,9.314371e-05
0,0.0012171769,9.840552e-07
1,0.6182507,0.00095561973
0,0.0048111,6.5443483e-06
1,0.073535845,0.00011287097
0,0.025821183,3.904983e-05
0,0.0034049908,4.368904e-06
0,0.004903826,6.687808e-06
1,6.2246737,0.009629526
0,0.0032997623,4.206101e-06
0,0.0022513524,2.5840668e-06
1,0.05417597,8.291859e-05
0,0.0032662877,4.1543117e-06
1,0.054425817,8.330514e-05
1,2.6552436,0.004107128
0,0.01704038,2.5464724e-05
1,0.076856844,0.00011800901
1,3.388169,0.0052410644
1,0.11762284,0.00018107961
1,5.049152,0.007810833
1,0.055535004,8.50212e-05
0,0.0029984713,3.7399623e-06
1,0.11299885,0.00017392567
1,0.01642223,2.4508363e-05
0,0.009148351,1.3254672e-05
1,0.07043983,0.00010808101
1,0.054971837,8.4149906e-05
0,0.015365823,2.2873955e-05
0,0.013188936,1.9506013e-05
0,0.038625248,5.8859485e-05
0,0.0034974762,4.5119914e-06
1,0.0754932,0.000115899275
0,0.0031930902,4.0410646e-06
0,0.005639419,7.825872e-06
1,2.046717,0.0031656534
0,0.009325494,1.3528737e-05
0,0.008285424,1.1919605e-05
1,5.1711917,0.007999645
1,0.34989253,0.00054043275
1,0.07350366,0.00011282117
1,0.0671736,0.000103027705
0,0.005303138,7.3055985e-06
0,0.0072479155,1.0314437e-05
0,0.005097534,6.987501e-06
0,0.050219674,7.679765e-05
1,1.5550439,0.0024049676
0,0.02014921,3.0274512e-05
0,0.0050561866,6.9235307e-06
1,0.044033643,6.722702e-05
1,0.06705376,0.00010284229
1,0.09221392,0.00014176853
0,0.0060542235,8.467631e-06
0,0.006805771,9.630378e-06
1,0.01687324,2.5206136e-05
1,2.057219,0.0031819018
1,0.020652752,3.105356e-05
1,0.03058934,4.6426827e-05
1,0.8216509,0.0012703078
1,0.047381226,7.240619e-05
1,0.047099717,7.197065e-05
1,0.098639816,0.00015171026
1,0.062077194,9.514287e-05
0,0.013351688,1.9757812e-05
1,0.043591823,6.6543456e-05
0,0.0036680226,4.7758504e-06
1,0.05455855,8.3510495e-05
0,0.003739342,4.886191e-06
1,2.8769834,0.00445019
1,0.072791636,0.00011171958
1,5.7848473,0.008949054
1,0.020880142,3.1405365e-05
0,0.0066790567,9.434334e-06
0,0.0032289324,4.0965174e-06
1,0.22061719,0.00034042602
0,0.0287069,4.3514436e-05
0,0.0027051542,3.2861608e-06
1,0.073154986,0.00011228173
1,5.202674,0.008048353
1,0.066106126,0.00010137617
0,0.0013656724,1.2137982e-06
1,0.016295977,2.431303e-05
1,0.024575043,3.7121885e-05
1,0.06668692,0.000102274746
1,0.042510275,6.487015e-05
0,0.10973421,0.00016887482
0,0.03192986,4.8500802e-05
0,0.012473678,1.839941e-05
0,0.008444049,1.2165021e-05
1,0.023489082,3.5441753e-05
0,0.0118024815,1.7360977e-05
1,3.1942627,0.0049410644
0,0.00412912,5.4892316e-06
0,0.0113328,1.6634314e-05
0,0.0026059118,3.1326188e-06
0,0.0029754885,3.704405e-06
0,0.022023262,3.317393e-05
0,0.0017020507,1.7342215e-06
1,1.8226908,0.002819054
0,0.01140849,1.6751419e-05
1,1.5367228,0.0023766223
1,0.01685654,2.51803e-05
1,0.13108645,0.00020190967
0,0.0029173787,3.6145009e-06
1,0.05703271,8.733836e-05
1,0.08722531,0.00013405045
1,1.1195946,0.0017312675
1,0.06740508,0.00010338584
1,0.332938,0.00051420176
0,0.0073379553,1.045374e-05
1,0.051292658,7.8457706e-05
1,0.013322215,1.9712214e-05
0,0.006426423,9.043474e-06
0,0.0043798145,5.87709e-06
1,0.046077237,7.0388734e-05
1,0.015881037,2.3671064e-05
1,0.069401674,0.00010647484
1,0.03367091,5.119444e-05
0,0.0020981012,2.346966e-06
0,0.011265728,1.6530545e-05
0,0.013869766,2.055935e-05
1,0.12157254,0.00018719034
0,0.003360411,4.299933e-06
0,0.0020274906,2.237722e-06
1,1.9607428,0.0030326396
1,0.08190207,0.00012581468
1,0.13733193,0.00021157229
1,5.242905,0.008110596
1,0.081921846,0.00012584527
1,1.5398669,0.0023814866
1,0.022296371,3.3596465e-05
0,0.0057295277,7.965282e-06
0,0.014261071,2.1164753e-05
1,2.3890066,0.0036952228
1,1.5363908,0.0023761087
1,0.025344178,3.8311842e-05
0,0.002468903,2.9206476e-06
1,0.026276968,3.9754996e-05
0,0.0035249863,4.554554e-06
1,4.8967276,0.0075750113
1,5.961925,0.009223018
0,0.010831855,1.5859285e-05
1,0.08338959,0.00012811607
1,0.09458073,0.0001454303
1,0.07122725,0.00010929926
1,2.3839874,0.0036874574
1,0.057109106,8.745655e-05
1,0.07387994,0.00011340334
1,0.08511286,0.00013078221
1,0.08706054,0.00013379553
0,0.0052354294,7.200844e-06
1,0.0761128,0.000116857875
0,0.008788061,1.26972545e-05
1,3.1292644,0.004840503
1,0.8856624,0.0013693423
1,5.440388,0.008416129
1,0.1025932,0.0001578267
1,0.11327078,0.00017434638
0,0.0016523503,1.6573282e-06
0,0.032164644,4.8864043e-05
0,0.0053186477,7.329594e-06
0,0.0036885785,4.807653e-06
0,0.009919236,1.4447338e-05
0,0.0013521719,1.192911e-06
1,1.0006065,0.0015471767
0,0.0037491203,4.9013197e-06
1,0.0161823,2.4137158e-05
0,0.009428312,1.3687811e-05
0,0.0057570226,8.007821e-06
1,0.0481278,7.356124e-05
1,0.054702062,8.373253e-05
1,0.07698226,0.00011820305
1,4.065372,0.00628879
0,0.009590793,1.3939191e-05
1,0.07504193,0.00011520109
0,0.00738864,1.0532157e-05
0,0.0049322112,6.7317237e-06
0,0.008405319,1.21051e-05
1,0.01647487,2.45898e-05
0,0.0024425648,2.8798986e-06
0,0.00506701,6.940276e-06
0,0.007754848,1.109873e-05
1,0.063048385,9.664543e-05
1,2.3205276,0.0035892762
1,1.3133793,0.0020310793
0,0.010489378,1.5329426e-05
1,0.014302999,2.1229622e-05
0,0.009069522,1.3132712e-05
1,0.094148085,0.00014476094
1,0.122060366,0.00018794507
1,0.060073026,9.2042144e-05
1,0.03541789,5.389726e-05
1,0.044697296,6.825378e-05
0,0.017555974,2.626242e-05
0,0.0039097695,5.149866e-06
1,0.016068477,2.3961058e-05
1,0.090768784,0.0001395327
1,0.021441475,3.2273823e-05
0,0.04811446,7.35406e-05
0,0.007465388,1.0650897e-05
1,0.1617404,0.00024933554
1,0.121763736,0.00018748615
0,0.002126838,2.391426e-06
0,0.008535056,1.2305821e-05
1,0.105611525,0.00016249646
1,0.3045586,0.00047029497
1,2.3254116,0.0035968325
1,0.10026419,0.0001542234
0,0.0010190792,6.775709e-07
0,0.009811284,1.4280321e-05
1,2.8786266,0.004452732
0,0.0028007973,3.4341338e-06
1,2.3098779,0.0035727997
0,0.0055672033,7.714144e-06
0,0.004853729,6.610301e-06
0,0.0014820774,1.3938927e-06
1,0.08715957,0.00013394874
1,0.076532945,0.000117507894
0,0.0020892217,2.3332284e-06
0,0.010456373,1.5278361e-05
1,0.034374375,5.22828e-05
0,0.033113457,5.0331986e-05
0,0.0014214147,1.3000391e-06
0,0.0025545908,3.053218e-06
0,0.005252174,7.2267503e-06
1,2.833027,0.0043821833
1,0.1172169,0.00018045156
0,0.0039038658,5.140732e-06
1,0.016760146,2.5031164e-05
0,0.0041307695,5.491783e-06
0,0.010579867,1.5469424e-05
1,1.1482399,0.0017755858
1,0.05708728,8.7422784e-05
1,0.18214673,0.00028090694
0,0.0026060895,3.1328939e-06
1,0.08144215,0.0001251031
1,0.07625636,0.00011707998
1,0.014560735,2.1628373e-05
1,0.062887184,9.6396034e-05
0,0.007831695,1.1217623e-05
1,0.046312645,7.075295e-05
1,0.0746642,0.00011461669
1,0.032579277,4.9505536e-05
0,0.0013195076,1.1423748e-06
1,0.090233,0.00013870376
1,0.01622616,2.4205014e-05
1,2.3903239,0.0036972607
1,0.15469746,0.00023843916
0,0.009542692,1.3864773e-05
0,0.007747427,1.108725e-05
0,0.011653068,1.7129812e-05
1,3.8053896,0.0058865617
1,0.019130994,2.869919e-05
0,0.0025215314,3.0020708e-06
1,0.13716383,0.00021131222
0,0.010320395,1.5067986e-05
1,0.043206748,6.5947694e-05
1,3.5438647,0.0054819467
1,0.24678981,0.00038091867
0,0.003912547,5.1541633e-06
1,0.016289346,2.4302772e-05
0,0.027698735,4.1954663e-05
1,0.013057973,1.9303396e-05
1,0.071254216,0.00010934098
1,0.01858304,2.7851433e-05
0,0.0067705833,9.575938e-06
0,0.0043659164,5.855588e-06
0,0.0027149739,3.3013528e-06
0,0.0016919489,1.7185927e-06
1,0.43355578,0.00066987134
1,0.31002304,0.0004787492
0,0.004738354,6.4318e-06
0,0.0027016106,3.2806784e-06
0,0.006847947,9.69563e-06
1,0.059005547,9.039061e-05
1,4.4209657,0.0068389424
1,0.085422285,0.00013126092
1,0.07518819,0.00011542738
1,4.672435,0.0072279996
0,0.0031124018,3.9162283e-06
1,0.51245713,0.0007919425
0,0.0022378305,2.5631466e-06
0,0.004803684,6.5328745e-06
1,0.033978976,5.1671064e-05
1,0.021096852,3.1740645e-05
1,0.09078119,0.00013955189
1,0.11254656,0.00017322591
0,0.004531596,6.1119167e-06
1,2.6189709,0.004051009
0,0.0017682563,1.8366508e-06
0,0.014424317,2.1417316e-05
0,0.008481872,1.2223538e-05
1,0.39176494,0.00060521514
0,0.02351695,3.5484867e-05
0,0.011994262,1.7657689e-05
1,0.029913297,4.5380897e-05
0,0.01359877,2.0140082e-05
0,0.020674594,3.108735e-05
1,0.061990354,9.5008516e-05
1,0.08276015,0.00012714224
0,0.0020479194,2.269328e-06
0,0.0063555907,8.933887e-06
0,0.0031701492,4.005572e-06
1,0.012046653,1.7738743e-05
0,0.0046493635,6.2941194e-06
0,0.013007936,1.9225981e-05
0,0.018350197,2.749119e-05
1,0.08278563,0.00012718166
0,0.0023953672,2.8068775e-06
0,0.016258813,2.4255534e-05
1,0.0647403,9.926305e-05
0,0.010807193,1.5821128e-05
0,0.007971047,1.1433221e-05
1,0.058928277,9.027106e-05
1,0.017048553,2.547737e-05
1,0.07743034,0.000118896285
0,0.009128268,1.3223601e-05
0,0.017138513,2.561655e-05
0,0.010580844,1.5470936e-05
1,0.03407503,5.1819672e-05
0,0.0034059328,4.3703612e-06
0,0.0035227516,4.5510965e-06
0,0.010452725,1.5272719e-05
1,3.4469614,0.0053320243
1,0.04780063,7.305506e-05
1,2.3936553,0.003702415
0,0.018291948,2.7401073e-05
1,1.2555174,0.0019415588
0,0.0054705623,7.5646267e-06
1,0.06671713,0.000102321486
1,0.016873982,2.5207284e-05
1,0.07556057,0.0001160035
0,0.01604748,2.3928573e-05
1,0.01538632,2.2905668e-05
1,5.2782354,0.008165256
1,0.073120415,0.00011222824
1,0.26691413,0.00041205378
0,0.014506893,2.1545073e-05
1,0.01778578,2.6617961e-05
1,0.0600194,9.195918e-05
0,0.0090775695,1.3145163e-05
0,0.020947622,3.1509764e-05
1,0.08021737,0.00012320821
0,0.0077550593,1.1099058e-05
1,0.14170516,0.00021833826
1,0.057923958,8.871724e-05
1,0.06899733,0.00010584926
0,0.011969774,1.7619801e-05
1,0.06287399,9.6375625e-05
0,0.0069593946,9.868055e-06
0,0.0191501,2.8728753e-05
1,0.01636068,2.4413135e-05
0,0.0017561412,1.817907e-06
1,0.088810556,0.00013650305
1,0.0662583,0.0001016116
0,0.006074997,8.499771e-06
0,0.009716432,1.4133571e-05
0,0.0025147977,2.991653e-06
1,0.04543837,6.9400325e-05
1,0.012988948,1.9196605e-05
0,0.0037789366,4.9474497e-06
0,0.0029930205,3.7315294e-06
1,2.2003791,0.00340339
1,5.261547,0.008139437
0,0.014157324,2.1004242e-05
0,0.021613142,3.2539414e-05
0,0.0027101585,3.2939026e-06
1,2.2098374,0.0034180232
1,0.3107177,0.00047982394
1,0.08529173,0.00013105894
0,0.012123382,1.7857454e-05
1,0.08589702,0.00013199542
0,0.0028733094,3.5463197e-06
1,0.49832004,0.00077007053
0,0.05496745,8.414312e-05
0,0.008438665,1.2156691e-05
0,0.004964287,6.7813494e-06
0,0.06435458,9.86663e-05
0,0.005099857,6.9910952e-06
1,0.05421371,8.297698e-05
1,0.014554382,2.1618545e-05
1,0.17163296,0.0002646407
1,0.03633082,5.5309687e-05
0,0.0043166094,5.779303e-06
1,0.15886992,0.00024489453
1,1.0957814,0.0016944254
1,0.011493101,1.6882323e-05
0,0.022506902,3.3922184e-05
1,0.071219265,0.000109286906
1,0.39191282,0.00060544396
1,0.07183005,0.00011023187
0,0.019675085,2.9540975e-05
0,0.0022550644,2.5898098e-06
1,0.06856059,0.000105173574
0,0.0019315437,2.0892787e-06
1,0.09026059,0.00013874644
0,0.009927069,1.4459456e-05
0,0.0029935979,3.7324228e-06
1,0.07122001,0.000109288056
1,0.05374955,8.225886e-05
0,0.005991176,8.370087e-06
1,0.080869466,0.0001242171
1,0.083394945,0.00012812436
0,0.0117296735,1.7248332e-05
0,0.006929255,9.821425e-06
1,0.070478216,0.0001081404
0,0.003846937,5.052656e-06
0,0.005695785,7.913077e-06
1,2.6626618,0.004118605
1,2.2247095,0.0034410325
0,0.054253783,8.3038976e-05
0,0.0055862432,7.743602e-06
1,0.09295637,0.0001429172
1,0.6678252,0.0010323183
0,0.0022179119,2.5323297e-06
1,0.058786485,9.005169e-05
1,0.054644935,8.364414e-05
1,0.0223745,3.371734e-05
0,0.0034518861,4.4414573e-06
0,0.0027817679,3.4046923e-06
0,0.0036579769,4.7603085e-06
0,0.0019145547,2.0629946e-06
1,0.05867113,8.9873225e-05
1,3.5631506,0.005511785
1,0.0719622,0.000110436325
1,2.7583282,0.004266614
0,0.0063169175,8.874054e-06
0,0.0041895905,5.5827873e-06
1,0.012162987,1.7918728e-05
1,0.09985591,0.00015359173
1,0.13105871,0.00020186674
1,0.049128458,7.51094e-05
1,0.07942813,0.00012198715
1,0.06156252,9.43466e-05
0,0.0017665972,1.8340838e-06
1,0.056647547,8.674246e-05
0,0.007332643,1.0445522e-05
1,0.07600671,0.00011669374
1,0.047466226,7.2537696e-05
1,0.038109038,5.8060836e-05
0,0.010487659,1.5326767e-05
1,0.05996389,9.18733e-05
1,0.383423,0.000592309
1,0.12534778,0.00019303116
0,0.0046876366,6.353333e-06
1,0.043633442,6.660785e-05
1,0.062943764,9.648357e-05
1,0.024667416,3.7264796e-05
1,2.4161236,0.0037371765
1,1.219025,0.0018851002
1,0.07884484,0.00012108471
1,0.091724,0.00014101055
1,0.069511704,0.00010664507
1,5.8798585,0.00909605
1,0.06290695,9.6426615e-05
1,0.015901057,2.3702036e-05
1,5.1867433,0.008023705
0,0.005172563,7.1035806e-06
0,0.008798734,1.2713767e-05
1,2.3820844,0.003684513
1,0.0907924,0.00013956924
0,0.01252059,1.847199e-05
0,0.0038632988,5.0779695e-06
1,0.016449444,2.4550465e-05
1,0.040723767,6.2106184e-05
0,0.004678057,6.3385123e-06
0,0.0025694882,3.0762665e-06
1,4.2140646,0.006518838
0,0.0029722943,3.6994634e-06
1,0.08713437,0.00013390975
0,0.0029737547,3.7017226e-06
1,2.0382998,0.003152631
1,0.05165761,7.902234e-05
0,0.009367142,1.3593171e-05
1,0.07076679,0.000108586864
1,0.069885656,0.00010722363
0,0.006812748,9.641172e-06
1,0.13406394,0.00020651626
1,0.12778579,0.00019680308
0,0.0066844895,9.44274e-06
1,0.015482399,2.3054316e-05
1,2.618107,0.0040496727
0,0.0022259941,2.5448342e-06
0,0.006810104,9.637082e-06
0,0.005470437,7.564433e-06
1,5.14398,0.007957545
1,0.123251855,0.00018978848
1,0.098886564,0.00015209202
0,0.007421067,1.0582326e-05
1,2.444547,0.0037811513
1,2.145826,0.003318989
0,0.0260396,3.9387756e-05
0,0.0050740484,6.9511652e-06
1,0.053668976,8.21342e-05
1,0.425057,0.0006567225
1,4.8965573,0.007574748
1,0.09762062,0.00015013343
0,0.0074145123,1.0572185e-05
0,0.0040401905,5.351645e-06
0,0.0028178974,3.4605898e-06
0,0.016395522,2.4467041e-05
1,0.047845513,7.31245e-05
1,1.0660932,0.0016484936
0,0.004620521,6.249496e-06
1,0.0119117005,1.7529954e-05
1,0.017253838,2.5794974e-05
1,1.7552342,0.0027146896
0,0.009028534,1.30693e-05
0,0.005722467,7.954358e-06
1,0.062758625,9.619714e-05
0,0.006071513,8.49438e-06
1,0.064744055,9.9268866e-05
0,0.009127092,1.3221781e-05
0,0.0057946723,8.066069e-06
1,0.019775052,2.9695637e-05
0,0.3389934,0.00052357034
1,0.068910524,0.000105714964
0,0.009347389,1.3562612e-05
1,0.09181675,0.00014115404
1,6.277328,0.00971099
1,0.07156199,0.00010981715
1,3.3894935,0.0052431133
0,0.002517193,2.995359e-06
1,0.13926278,0.00021455958
0,0.0063532474,8.930262e-06
1,3.3805783,0.0052293204
1,0.06010726,9.209511e-05
0,0.009839787,1.4324419e-05
1,1.3291261,0.0020554417
1,0.063397005,9.718479e-05
0,0.008732165,1.2610775e-05
0,0.012124079,1.7858532e-05
0,0.0035649762,4.616423e-06
1,0.067953065,0.000104233644
1,0.057989325,8.881837e-05
0,0.009307275,1.3500548e-05
0,0.023633724,3.5665533e-05
0,0.010834039,1.5862664e-05
1,5.2707314,0.008153647
1,0.11680478,0.00017981396
1,4.8425674,0.0074912184
1,0.048141226,7.3582014e-05
0,0.008490771,1.2237306e-05
0,0.002982892,3.715859e-06
0,0.004325241,5.7926572e-06
0,0.005720318,7.951033e-06
1,1.2035495,0.0018611574
1,0.07537746,0.0001157202
1,0.063018456,9.659913e-05
1,0.96628976,0.001494084
0,0.005252964,7.227972e-06
0,0.0015382327,1.4807725e-06
1,0.078057855,0.000119867145
0,0.00069409277,1.7477213e-07
0,0.005075128,6.9528355e-06
0,0.004844443,6.5959343e-06
0,0.00215402,2.43348e-06
0,0.0015509817,1.500497e-06
1,5.8973765,0.009123153
0,0.039755348,6.0607905e-05
1,0.01623588,2.4220053e-05
0,0.06018497,9.221534e-05
0,0.0030210784,3.774939e-06
1,0.017890295,2.677966e-05
0,0.010136709,1.4783797e-05
1,5.293362,0.008188659
1,0.09310121,0.00014314128
0,0.009845406,1.4333112e-05
1,0.093956284,0.0001444642
1,1.7706547,0.002738547
1,4.3718853,0.0067630084
0,0.008646708,1.2478561e-05
0,0.0010286674,6.9240514e-07
1,0.09275205,0.00014260107
0,0.004025346,5.328679e-06
0,0.007393829,1.0540185e-05
1,0.047223575,7.216228e-05
0,0.009506251,1.3808392e-05
0,0.0019110224,2.0575294e-06
0,0.0016771987,1.6957721e-06
1,0.05307076,8.120868e-05
0,0.008440023,1.2158792e-05
0,0.003037775,3.8007704e-06
0,0.043239042,6.599766e-05
0,0.0015251826,1.4605823e-06
0,0.002262069,2.6006467e-06
0,0.002910056,3.603172e-06
1,0.09361205,0.00014393163
1,0.055072036,8.430493e-05
0,0.0015483949,1.496495e-06
1,0.067207284,0.000103079816
0,0.0044109304,5.9252307e-06
0,0.0030011602,3.7441228e-06
1,0.0869519,0.00013362744
1,3.8054097,0.005886593
1,0.15791683,0.00024341996
1,0.039252825,5.9830432e-05
1,0.034858726,5.303216e-05
0,0.0035422042,4.581192e-06
1,4.9109216,0.0075969715
1,0.09121718,0.00014022643
1,0.050922953,7.788572e-05
1,0.08228042,0.00012640003
0,0.0029363127,3.6437948e-06
1,0.07021496,0.0001077331
1,0.037440684,5.7026802e-05
1,0.07120458,0.00010926418
0,0.004244626,5.667935e-06
1,0.064399086,9.873515e-05
1,5.278231,0.00816525
1,0.034427784,5.236543e-05
0,0.0073153065,1.0418699e-05
0,0.003408286,4.3740024e-06
1,0.061012227,9.349522e-05
1,0.02336886,3.525575e-05
0,0.0031180992,3.925043e-06
1,0.036070302,5.490663e-05
1,0.048239067,7.373338e-05
1,3.3745465,0.0052199885
1,0.09112184,0.00014007892
1,0.04639208,7.087584e-05
0,0.004737394,6.4303144e-06
1,0.05769651,8.836535e-05
0,0.0052925344,7.289193e-06
0,0.002092158,2.337771e-06
1,0.073027276,0.00011208415
0,0.005202115,7.149302e-06
0,0.0023323095,2.7093186e-06
0,0.011309211,1.659782e-05
1,0.048247445,7.374635e-05
1,2.3083453,0.0035704286
0,0.017211258,2.5729098e-05
0,0.008655059,1.2491482e-05
0,0.0038466016,5.052136e-06
1,0.041619625,6.3492196e-05
1,0.08690262,0.0001335512
1,0.08810145,0.00013540596
1,0.110696875,0.00017036419
0,0.0035416896,4.580396e-06
0,0.004679128,6.3401694e-06
1,0.07991502,0.00012274043
1,0.077217326,0.00011856673
0,0.0030623728,3.838827e-06
1,0.04248591,6.4832464e-05
0,0.004035932,5.3450567e-06
1,5.0462537,0.0078063486
1,0.06836317,0.00010486813
0,0.010655484,1.5586415e-05
0,0.01540568,2.2935621e-05
1,0.04053143,6.180861e-05
1,5.303857,0.008204896
1,0.07288902,0.00011187025
1,0.109893695,0.00016912156
1,5.7451596,0.008887652
0,0.0024991308,2.967414e-06
1,0.046440195,7.0950286e-05
0,0.0073634214,1.049314e-05
1,0.015115013,2.248592e-05
1,0.04558106,6.9621085e-05
1,0.088426754,0.00013590926
1,3.146161,0.0048666447
1,1.7070943,0.0026402103
1,0.058652118,8.984381e-05
1,4.3909,0.0067924266
1,0.08375545,0.0001286821
0,0.0022448525,2.5740105e-06
0,0.0069887834,9.913523e-06
1,0.09543196,0.00014674728
0,0.0013263619,1.1529794e-06
0,0.008924939,1.2909023e-05
1,0.029084345,4.4098393e-05
0,0.00136889,1.2187762e-06
0,0.0033707337,4.315904e-06
0,0.0023366883,2.7160931e-06
1,0.088158175,0.00013549373
0,0.006530393,9.20433e-06
1,0.23020796,0.0003552643
1,0.015741182,2.345469e-05
1,5.014087,0.007756583
0,0.010591725,1.548777e-05
0,0.010619763,1.553115e-05
0,0.008504003,1.2257778e-05
0,0.0026563501,3.210654e-06
1,0.04163055,6.3509106e-05
0,0.0023571954,2.7478204e-06
0,0.00852979,1.2297673e-05
1,1.2398924,0.0019173848
1,0.016545633,2.4699282e-05
1,0.09218559,0.00014172468
0,0.013310186,1.9693602e-05
0,0.004662519,6.3144726e-06
0,0.0049650157,6.7824767e-06
1,2.3083467,0.0035704307
1,0.037451375,5.7043344e-05
1,0.090278395,0.00013877399
0,0.043914262,6.704232e-05
1,0.04643986,7.094976e-05
1,0.09469642,0.00014560929
1,0.08207861,0.0001260878
1,0.019301737,2.8963354e-05
0,0.0027897477,3.4170384e-06
0,0.0045458833,6.134021e-06
0,0.0030821918,3.86949e-06
0,0.0030485706,3.817473e-06
0,0.0021368153,2.4068622e-06
0,0.0065920283,9.299689e-06
0,0.04107033,6.2642364e-05
0,0.06563807,0.00010065203
0,0.00156437,1.5212106e-06
1,5.2429094,0.008110602
0,0.0065027294,9.161531e-06
0,0.007963761,1.1421947e-05
1,0.079156764,0.000121567304
0,0.0050349818,6.890724e-06
0,0.0036606612,4.764461e-06
1,0.013398504,1.9830242e-05
1,0.16629095,0.00025637588
1,0.06658965,0.00010212426
0,0.002986471,3.7213965e-06
1,0.03803235,5.794219e-05
0,0.008777025,1.268018e-05
1,0.036227897,5.5150453e-05
1,5.9171805,0.009153793
1,0.07187422,0.000110300214
1,0.03492127,5.3128922e-05
0,0.0031007023,3.898128e-06
1,0.014856558,2.2086053e-05
1,0.07702707,0.00011827237
1,0.07995498,0.00012280226
0,0.0040924856,5.432553e-06
0,0.0023065838,2.6695175e-06
1,0.077847384,0.00011954152
0,0.0051062903,7.001048e-06
0,0.0038475879,5.0536623e-06
0,0.007524493,1.074234e-05
1,1.3919574,0.0021526504
1,0.060880408,9.329127e-05
0,0.022597697,3.4062658e-05
1,5.893449,0.009117076
1,5.925805,0.009167136
0,0.006392772,8.991412e-06
1,0.15613756,0.00024066717
1,0.07480927,0.00011484113
0,0.005028408,6.8805534e-06
0,0.0053705084,7.40983e-06
1,0.073369965,0.00011261433
0,0.0015995797,1.5756849e-06
1,0.08036774,0.00012344084
0,0.0017106867,1.7475827e-06
1,0.016107133,2.4020865e-05
1,0.04985431,7.623238e-05
0,0.004859345,6.6189896e-06
0,0.003973709,5.248789e-06
0,0.025042353,3.784488e-05
0,0.0054532546,7.5378493e-06
1,0.01692288,2.5282936e-05
1,5.6546917,0.008747686
0,0.012185397,1.79534e-05
0,0.0024648067,2.91431e-06
0,0.036343575,5.5329423e-05
1,5.304224,0.008205464
0,0.009278839,1.3456556e-05
0,0.0039188783,5.1639586e-06
1,0.4998807,0.0007724851
0,0.0015294391,1.4671677e-06
0,0.0027580403,3.3679828e-06
1,0.044462305,6.7890214e-05
1,0.015378487,2.289355e-05
1,3.8163211,0.0059034745
0,0.010282551,1.5009436e-05
0,0.005111173,7.008602e-06
1,0.08311531,0.00012769172
1,5.1983995,0.008041739
0,0.0041130036,5.464297e-06
1,0.057978872,8.8802204e-05
1,0.045879915,7.008345e-05
0,0.03460588,5.2640968e-05
1,5.908388,0.00914019
1,0.14476125,0.00022306647
1,2.979642,0.0046090167
0,0.0023563905,2.746575e-06
1,0.07394367,0.00011350193
1,0.072510295,0.0001112843
1,0.051222656,7.83494e-05
1,0.15750773,0.00024278702
0,0.0025070962,2.9797375e-06
0,0.013555126,2.0072559e-05
1,2.040844,0.0031565672
1,0.03156457,4.7935646e-05
1,0.026149169,3.955727e-05
0,0.021551626,3.244424e-05
1,0.06043558,9.260306e-05
1,0.011365769,1.6685324e-05
1,0.09190944,0.00014129745
0,0.008601495,1.2408611e-05
0,0.011567569,1.6997536e-05
0,0.006068368,8.489515e-06
1,0.18011254,0.00027775977
1,0.062136292,9.52343e-05
1,0.06855401,0.00010516338
1,2.7688506,0.0042828936
0,0.005731023,7.967596e-06
1,2.1161234,0.003273035
1,0.11260867,0.000173322
0,0.00658881,9.29471e-06
1,5.7848477,0.008949055
0,0.010617851,1.552819e-05
0,0.0017831804,1.8597403e-06
1,0.07131154,0.00010942967
1,0.02554943,3.8629394e-05
1,0.07588308,0.00011650247
1,0.09395752,0.00014446612
1,0.14478502,0.00022310323
0,0.008556392,1.233883e-05
1,0.5240695,0.00080990844
1,0.048904523,7.476294e-05
1,0.0676427,0.000103753475
0,0.0054533314,7.5379685e-06
1,0.09251737,0.000142238
1,0.101855636,0.00015668558
1,5.293724,0.008189219
1,0.024302611,3.6700396e-05
1,0.088077195,0.00013536843
0,0.0071496977,1.016248e-05
1,5.608416,0.008676091
1,0.08076353,0.0001240532
0,0.018808562,2.8200346e-05
1,0.075606704,0.00011607487
0,0.018422863,2.7603615e-05
0,0.011856134,1.7443985e-05
0,0.0070191035,9.960433e-06
1,5.8786826,0.009094231
0,0.013549379,2.0063668e-05
1,0.63856524,0.0009870491
0,0.0054411083,7.5190574e-06
1,0.3068601,0.00047385567
0,0.015255613,2.2703447e-05
0,0.027251475,4.126269e-05
0,0.0021213274,2.3829004e-06
1,0.110163264,0.00016953862
1,0.06219139,9.531955e-05
0,0.010839141,1.5870557e-05
0,0.01896895,2.8448487e-05
0,0.0016027628,1.5806096e-06
1,0.07354383,0.000112883325
1,0.08467894,0.00013011087
0,0.014492763,2.1523212e-05
1,0.013029849,1.9259884e-05
1,0.015089268,2.2446087e-05
1,0.0692814,0.00010628876
0,0.00876088,1.2655201e-05
0,0.010277871,1.5002195e-05
0,0.0018591014,1.9772006e-06
1,0.07686702,0.00011802476
0,0.009458866,1.3735082e-05
0,0.008215996,1.1812191e-05
1,0.08051133,0.000123663
1,0.014444777,2.144897e-05
0,0.0062382943,8.752414e-06
1,0.047646053,7.2815914e-05
1,0.058544014,8.9676556e-05
1,0.064390644,9.872209e-05
0,0.008362856,1.20394025e-05
0,0.0022880367,2.6408225e-06
0,0.0029635637,3.6859558e-06
0,0.009950542,1.4495772e-05
1,0.20583287,0.00031755265
0,0.023910468,3.6093697e-05
1,0.07319058,0.0001123368
0,0.0041225497,5.479066e-06
0,0.0108687105,1.5916305e-05
0,0.00449582,6.0565667e-06
0,0.015368817,2.2878588e-05
1,0.01778153,2.6611384e-05
1,2.0822065,0.0032205607
0,0.0032507947,4.1303415e-06
1,0.07202595,0.00011053495
0,0.008377025,1.2061324e-05
1,2.377401,0.0036772673
1,0.07303034,0.000112088885
0,0.02813653,4.2631997e-05
1,0.09811027,0.00015089099
0,0.0018951761,2.033013e-06
1,0.055324193,8.469505e-05
0,0.033949785,5.1625902e-05
0,0.061965637,9.497027e-05
1,0.07148244,0.000109694076
0,0.00863965,1.2467643e-05
0,0.0014883728,1.4036325e-06
1,0.06904967,0.000105930245
0,0.0063256235,8.887524e-06
0,0.0039634374,5.2328974e-06
1,0.0930665,0.00014308757
1,0.076931,0.000118123746
1,4.08424,0.0063179815
1,1.2256575,0.0018953615
1,6.418024,0.009928666
1,0.0740539,0.000113672475
1,0.016976945,2.5366582e-05
1,0.020549053,3.0893123e-05
1,0.021071864,3.1701984e-05
0,0.062371463,9.5598145e-05
1,0.06327637,9.6998156e-05
1,0.034990843,5.3236563e-05
1,0.017980028,2.691849e-05
0,0.0015391432,1.4821812e-06
0,0.0056608357,7.859006e-06
1,0.0143466825,2.1297206e-05
1,0.051307786,7.848111e-05
1,0.036673725,5.584021e-05
0,0.0052070273,7.156902e-06
0,0.0025218576,3.0025756e-06
0,0.0035284888,4.5599722e-06
1,1.2652439,0.001956607
1,0.29162404,0.0004502834
0,0.001448407,1.3417998e-06
0,0.0084424615,1.2162564e-05
1,0.756381,0.0011693262
0,0.004740016,6.4343712e-06
0,0.014295621,2.1218206e-05
1,0.059717935,9.149277e-05
0,0.003422828,4.3965e-06
1,0.023884147,3.6052974e-05
0,0.02736559,4.143924e-05
1,0.011457163,1.6826722e-05
1,0.064445645,9.8807184e-05
0,0.004520728,6.0951024e-06
0,0.12021012,0.00018508249
0,0.0018448613,1.9551692e-06
0,0.0013992939,1.2658152e-06
1,0.31945965,0.0004933489
1,4.498777,0.006959327
0,0.0035496105,4.592651e-06
0,0.025536077,3.8608734e-05
0,0.0046523544,6.298747e-06
0,0.0035806112,4.6406126e-06
1,2.2701278,0.0035113008
1,0.0119628655,1.7609113e-05
1,0.026170108,3.9589668e-05
0,0.03385413,5.147791e-05
0,0.007079714,1.0054206e-05
1,0.07762316,0.00011919461
1,3.5585349,0.0055046435
1,0.08146827,0.00012514352
0,0.016195515,2.4157604e-05
1,0.054035354,8.270104e-05
1,1.4360982,0.0022209422
1,1.7107317,0.002645838
1,0.05467163,8.3685445e-05
1,0.06991631,0.00010727105
1,0.21292052,0.00032851822
0,0.0018662876,1.9883187e-06
0,0.009651075,1.40324555e-05
0,0.0021180108,2.377769e-06
0,0.0019769217,2.159485e-06
0,0.028793013,4.3647662e-05
0,0.0038784181,5.1013612e-06
1,0.39427704,0.0006091017
0,0.003187437,4.0323184e-06
1,0.095122814,0.00014626898
1,0.06058972,9.284154e-05
0,0.009342213,1.3554603e-05
1,0.04989021,7.628793e-05
0,0.0015732901,1.5350113e-06
1,9.068902,0.01402994
1,0.81825924,0.0012650604
0,0.017289305,2.5849846e-05
1,0.092924945,0.00014286858
1,2.110658,0.003264579
1,0.08731421,0.000134188
1,0.07557705,0.000116029
1,0.015181992,2.2589544e-05
0,0.009262393,1.3431111e-05
0,0.0023335281,2.711204e-06
1,2.1304445,0.0032951916
1,0.017895518,2.678774e-05
0,0.008152773,1.1714375e-05
0,0.005547048,7.682961e-06
0,0.0075414935,1.0768642e-05
1,5.6082897,0.008675896
0,0.0057285265,7.963733e-06
1,0.09129012,0.00014033927
0,0.0056178225,7.792459e-06
1,0.034039035,5.1763986e-05
1,0.078061424,0.00011987267
0,0.013920684,2.0638128e-05
1,2.160531,0.0033417395
1,0.062369436,9.559501e-05
1,0.08000446,0.00012287882
1,0.13703535,0.00021111344
0,0.004123869,5.481107e-06
1,0.07207462,0.00011061026
0,0.016623652,2.4819989e-05
1,2.8571098,0.0044194427
1,0.062080663,9.5148236e-05
1,0.018468816,2.767471e-05
1,0.22420038,0.00034596972
0,0.007830177,1.1215276e-05
0,0.0053695305,7.408317e-06
1,2.4175363,0.003739362
0,0.0035233216,4.5519782e-06
1,0.11937467,0.00018378993
0,0.0046498445,6.2948634e-06
0,0.0970003,0.0001491737
1,5.7645316,0.008917623
0,0.008198264,1.1784757e-05
1,2.355775,0.003643809
0,0.008243455,1.1854672e-05
0,0.0013527349,1.1937819e-06
0,0.005731331,7.968072e-06
0,0.005153933,7.074758e-06
0,0.003436908,4.4182843e-06
1,0.0733891,0.00011264393
0,0.0030793787,3.8651374e-06
0,0.005660309,7.858191e-06
0,0.0048126597,6.546761e-06
0,0.0074847466,1.0680847e-05
1,4.7958045,0.0074188695
1,0.012895048,1.9051327e-05
1,0.1377772,0.00021226116
1,0.079303935,0.000121795
1,0.086827226,0.00013343456
1,0.08297581,0.0001274759
0,0.0053128554,7.3206324e-06
1,2.285225,0.003534658
1,0.04274455,6.523261e-05
1,0.07989477,0.00012270911
0,0.0048280973,6.5706454e-06
1,0.07641255,0.00011732163
1,0.08924136,0.00013716957
0,0.009922653,1.4452625e-05
1,0.029701438,4.5053122e-05
1,0.014418003,2.1407548e-05
0,0.0027588003,3.3691585e-06
1,3.1543336,0.004879289
1,0.059794184,9.161074e-05
0,0.0010832229,7.7680994e-07
0,0.011939885,1.7573559e-05
1,0.0846422,0.00013005403
1,0.019928508,2.9933055e-05
1,0.074193284,0.00011388812
1,5.2897654,0.008183095
0,0.027377212,4.1457224e-05
1,0.13601896,0.00020954094
0,0.029024009,4.4005046e-05
1,0.076079845,0.00011680689
1,4.910946,0.007597009
0,0.0073990934,1.054833e-05
0,0.0030192593,3.7721243e-06
1,0.073227614,0.0001123941
0,0.007561046,1.0798893e-05
1,3.3897657,0.0052435347
0,0.009154158,1.3263656e-05
0,0.011538974,1.6953294e-05
1,0.020589897,3.0956315e-05
0,0.0062578223,8.7826265e-06
0,0.005782617,8.047418e-06
1,0.0656194,0.00010062315
0,0.007758568,1.11044865e-05
1,0.015405534,2.2935394e-05
0,0.009223022,1.3370198e-05
1,0.069589674,0.00010676571
1,0.100265235,0.00015422501
0,0.0041614287,5.539217e-06
0,0.0055385223,7.669771e-06
0,0.0033264612,4.2474076e-06
1,5.1940317,0.008034982
1,0.08382503,0.00012878976
1,0.54953027,0.0008492998
0,0.00202373,2.2319036e-06
0,0.004545699,6.133736e-06
1,0.31284377,0.00048311325
1,4.1371217,0.006399797
0,0.0015459646,1.492735e-06
1,4.38277,0.0067798486
0,0.007468027,1.065498e-05
0,0.06015088,9.21626e-05
0,0.014802008,2.2001657e-05
0,0.0068360697,9.677255e-06
0,0.0034539895,4.4447115e-06
0,0.0030689577,3.849015e-06
1,0.05767821,8.833704e-05
1,0.12775505,0.00019675553
1,0.04855884,7.422811e-05
1,0.08033833,0.00012339535
1,0.08818716,0.00013553856
0,0.0017789819,1.8532447e-06
1,2.3810778,0.0036829556
1,0.08112654,0.00012461482
1,0.17437479,0.00026888266
1,0.08026285,0.00012327857
1,0.013454073,1.9916217e-05
1,1.1135647,0.0017219386
1,0.080958664,0.0001243551
1,0.07692252,0.00011811063
1,0.14131615,0.00021773641
0,0.0036718387,4.7817543e-06
1,4.894598,0.007571717
1,0.38456023,0.0005940685
1,0.07206538,0.00011059597
0,0.019405337,2.9123637e-05
0,0.010689263,1.5638676e-05
0,0.0029138108,3.6089807e-06
1,0.09878876,0.00015194071
0,0.0019731212,2.153605e-06
1,1.246811,0.001928089
1,0.13765503,0.00021207218
0,0.0029574672,3.6765236e-06
1,0.06797687,0.000104270475
0,0.014118876,2.0944759e-05
0,0.0012588216,1.0484852e-06
0,0.0049673836,6.78614e-06
0,0.028174212,4.269029e-05
1,0.12775648,0.00019675774
1,0.07175174,0.00011011072
0,0.0045005647,6.063907e-06
1,4.3171663,0.0066783503
1,2.2039094,0.0034088518
1,0.17371285,0.00026785856
0,0.0070935967,1.0075684e-05
1,0.08528546,0.00013104925
1,2.2085118,0.0034159725
1,0.08813071,0.00013545124
0,0.01482661,2.203972e-05
1,0.2272748,0.00035072627
1,0.08422817,0.00012941347
0,0.01038045,1.5160898e-05
1,0.081719406,0.00012553207
1,0.081731945,0.00012555147
1,0.024027843,3.627529e-05
1,0.04765706,7.283294e-05
0,0.0023634003,2.7574204e-06
1,0.020137668,3.0256655e-05
0,0.0067628087,9.56391e-06
1,0.08028298,0.00012330971
0,0.0054555787,7.541445e-06
0,0.011323646,1.6620152e-05
0,0.005968305,8.334703e-06
1,0.0150301745,2.2354661e-05
0,0.008282503,1.1915085e-05
0,0.0056795967,7.888032e-06
1,0.024851723,3.7549944e-05
0,0.003227199,4.0938353e-06
0,0.0040521123,5.3700896e-06
1,0.15535828,0.00023946153
0,0.01778748,2.6620592e-05
1,0.06999665,0.000107395346
0,0.0049385964,6.7416026e-06
1,0.015104085,2.2469012e-05
1,0.26615354,0.00041087705
1,0.12190161,0.00018769945
1,0.14534806,0.00022397433
1,0.017072765,2.5514828e-05
0,0.014306678,2.1235313e-05
1,0.08674879,0.00013331322
0,0.0035581868,4.605919e-06
0,0.020098861,3.0196616e-05
1,0.50362515,0.0007782782
0,0.002517112,2.9952334e-06
1,0.07893517,0.00012122447
1,0.07657125,0.00011756716
0,0.0020146908,2.2179188e-06
1,2.3516586,0.00363744
1,0.07096709,0.00010889676
1,0.04597685,7.023343e-05
0,0.006545214,9.22726e-06
1,0.10464738,0.00016100479
0,0.0031020122,3.9001548e-06
1,0.03863335,5.887202e-05
1,0.011596745,1.7042674e-05
0,0.04322158,6.597064e-05
1,0.14222917,0.00021914899
0,0.0025768522,3.0876597e-06
1,0.03425003,5.2090418e-05
1,0.16189203,0.00024957012
0,0.0028921322,3.5754413e-06
1,0.13617358,0.00020978015
0,0.005448896,7.531106e-06
1,0.030922402,4.694212e-05
1,2.784167,0.00430659
1,0.015901515,2.3702745e-05
0,0.003610765,4.687265e-06
0,0.010581025,1.5471216e-05
1,0.247877,0.0003826007
0,0.017594183,2.6321533e-05
1,0.052482326,8.029829e-05
0,0.009561938,1.3894549e-05
0,0.0074334224,1.0601441e-05
0,0.0031971294,4.0473137e-06
1,0.04006316,6.108414e-05
0,0.017240595,2.5774485e-05
0,0.024664627,3.7260485e-05
1,1.2162963,0.0018808785
0,0.020932859,3.1486925e-05
1,1.6379722,0.002533269
0,0.004033348,5.341059e-06
0,0.002717595,3.3054082e-06
0,0.017771877,2.6596452e-05
1,0.06944367,0.00010653982
1,0.035851777,5.4568543e-05
0,0.0040642684,5.388897e-06
1,0.06254357,9.5864416e-05
1,0.014358927,2.131615e-05
0,0.006619932,9.34286e-06
1,0.4670776,0.0007217342
1,0.060489554,9.268657e-05
0,0.010194752,1.4873599e-05
0,0.006303332,8.853036e-06
0,0.004671728,6.3287202e-06
1,0.7166294,0.0011078251
1,0.061183613,9.3760376e-05
0,0.0014973087,1.4174576e-06
1,0.07154535,0.0001097914
0,0.005992096,8.371511e-06
0,0.0010734217,7.616461e-07
0,0.002472992,2.9269738e-06
1,0.078059174,0.00011986918
1,0.15330379,0.00023628294
1,0.16470568,0.00025392324
1,0.058177657,8.910975e-05
0,0.008724071,1.2598253e-05
0,0.009492706,1.3787436e-05
0,0.026577644,4.0220184e-05
1,0.061777424,9.467908e-05
0,0.010055506,1.4658165e-05
1,0.0618554,9.4799725e-05
0,0.011117359,1.6300997e-05
0,0.024009619,3.6247096e-05
0,0.001864609,1.9857216e-06
0,0.0031442738,3.9655392e-06
0,0.010757849,1.5744787e-05
0,0.0027356604,3.3333577e-06
1,0.13533579,0.00020848398
0,0.0060008154,8.385001e-06
0,0.0045050257,6.070809e-06
0,0.05092655,7.7891294e-05
1,0.054922912,8.4074214e-05
1,0.07110381,0.00010910828
0,0.0026067817,3.1339646e-06
0,0.0067335577,9.518654e-06
1,0.04694984,7.1738774e-05
0,0.008094788,1.1624664e-05
1,0.07631233,0.00011716658
0,1.105912,0.0017100987
0,0.0031024362,3.90081e-06
1,5.8786483,0.009094178
1,0.08221629,0.00012630082
1,0.029792689,4.5194298e-05
1,0.05952128,9.118852e-05
0,0.005700734,7.920734e-06
1,0.09544672,0.00014677011
0,0.0043582805,5.843774e-06
0,0.002588671,3.105945e-06
0,0.00397933,5.2574856e-06
1,0.043808654,6.687893e-05
0,0.002278315,2.6257815e-06
0,0.003385945,4.3394375e-06
0,0.009430278,1.3690852e-05
0,0.0017262367,1.7716405e-06
1,0.08819691,0.00013555365
1,0.01872391,2.8069378e-05
0,0.010999787,1.6119098e-05
1,0.5780249,0.0008933849
0,0.009680547,1.4078052e-05
0,0.013426339,1.9873309e-05
1,0.0706395,0.000108389926
0,0.006398264,8.9999085e-06
0,0.0021761146,2.4676635e-06
1,0.06540926,0.00010029803
1,0.039921917,6.0865612e-05
1,0.06344986,9.7266566e-05
1,0.024265166,3.664246e-05
1,2.39486,0.0037042787
1,0.11052134,0.00017009261
0,0.0022407847,2.567717e-06
1,0.07776993,0.00011942168
1,0.3605191,0.00055687357
0,0.021773024,3.2786775e-05
0,0.011661607,1.7143024e-05
1,0.073633775,0.000113022485
1,0.075080246,0.00011526037
0,0.010273127,1.49948555e-05
1,0.7734955,0.0011958048
0,0.054404825,8.327266e-05
1,0.09081979,0.00013961161
0,0.00405673,5.3772337e-06
0,0.0058740624,8.188897e-06
1,0.0729737,0.00011200125
1,5.764091,0.0089169415
1,0.10287216,0.00015825829
0,0.0028806077,3.557611e-06
0,0.013395931,1.9826262e-05
0,0.0043137027,5.774806e-06
0,0.0020366174,2.2518423e-06
0,0.09892332,0.00015214889
1,0.06796868,0.00010425781
0,0.004820038,6.5581767e-06
1,0.07907045,0.00012143377
1,0.33620748,0.0005192601
0,0.0052224393,7.1807463e-06
1,0.08081309,0.00012412986
0,0.0057949657,8.066523e-06
0,0.00966243,1.4050022e-05
1,0.033577245,5.104953e-05
1,1.7136304,0.0026503226
1,0.02149069,3.2349966e-05
1,0.047994126,7.335443e-05
1,0.1405354,0.0002165285
1,0.07936685,0.000121892335
1,0.072083965,0.000110624715
1,0.07240531,0.00011112187
0,0.0017479389,1.8052169e-06
1,0.089146726,0.00013702315
1,0.08073022,0.00012400166
1,0.06913108,0.00010605619
1,0.058188368,8.912632e-05
1,0.07948341,0.00012207267
0,0.0033882477,4.3430005e-06
1,0.06766889,0.00010379399
1,3.8162806,0.0059034117
0,0.002321819,2.6930884e-06
1,0.09868073,0.00015177357
0,0.0060463604,8.455466e-06
0,0.0019798898,2.164077e-06
1,0.07556681,0.00011601316
1,0.083195485,0.00012781576
0,0.028764857,4.36041e-05
0,0.008200378,1.1788027e-05
0,0.010889308,1.5948171e-05
1,2.314266,0.0035795886
1,0.10013702,0.00015402664
1,0.66847485,0.0010333234
1,0.05870611,8.992734e-05
1,5.1145782,0.0079120565
0,0.008089275,1.1616135e-05
1,0.8990668,0.0013900808
0,0.0046131653,6.238116e-06
0,0.023255073,3.507971e-05
1,1.4931803,0.002309256
0,0.002623947,3.1605223e-06
1,0.07748924,0.00011898742
1,0.06992245,0.000107280546
1,0.1188581,0.00018299073
0,0.017196346,2.5706026e-05
0,0.0065361694,9.213268e-06
0,0.0076282667,1.0902892e-05
1,0.04257067,6.496359e-05
0,0.0009037462,4.991347e-07
0,0.0042761755,5.7167463e-06
0,0.0048841373,6.6573466e-06
1,0.026979161,4.0841387e-05
1,0.07902308,0.00012136048
1,0.052942727,8.101059e-05
1,0.07886661,0.0001211184
0,0.0029267974,3.6290733e-06
1,0.047412787,7.245501e-05
1,1.5302147,0.0023665533
1,0.20011202,0.0003087017
0,0.024701456,3.7317463e-05
0,0.00441482,5.931249e-06
1,5.1782665,0.00801059
0,0.005618289,7.793181e-06
0,0.0046226573,6.252801e-06
1,0.078735456,0.00012091549
1,0.071989834,0.00011047908
0,0.016678663,2.4905099e-05
1,3.3525953,0.005186027
0,0.0039961087,5.2834444e-06
1,0.024994375,3.777065e-05
0,0.0024168554,2.8401228e-06
0,0.0082403105,1.1849808e-05
1,0.08296199,0.00012745452
0,0.006086072,8.516905e-06
0,0.0028223374,3.4674592e-06
1,4.8334436,0.0074771023
0,0.002839449,3.4939335e-06
0,0.0037492178,4.90147e-06
1,2.3099198,0.0035728645
1,0.07785557,0.000119554184
0,0.0014912621,1.4081027e-06
0,0.0069294805,9.821774e-06
0,0.008808284,1.2728542e-05
0,0.0032749374,4.1676935e-06
1,4.2801447,0.006621073
1,0.068196505,0.00010461028
1,0.05329785,8.156002e-05
1,0.031074507,4.7177447e-05
0,0.01597498,2.3816405e-05
0,0.004355687,5.839762e-06
1,0.03358759,5.1065537e-05
1,0.2949909,0.0004554924
0,0.020690262,3.1111595e-05
0,0.036815863,5.606012e-05
1,0.057247505,8.7670676e-05
0,0.014668802,2.1795568e-05
0,0.007848447,1.1243542e-05
1,0.020809812,3.1296553e-05
1,0.0728966,0.00011188197
1,0.07127713,0.00010937642
1,0.09830944,0.00015119913
1,0.089987434,0.00013832384
1,0.090877876,0.00013970147
0,0.036058735,5.4888736e-05
1,0.06324684,9.695246e-05
0,0.009963332,1.4515559e-05
0,0.006800395,9.622061e-06
1,0.42804277,0.00066134194
1,0.36857688,0.00056934
1,0.014442884,2.1446043e-05
1,0.039233394,5.980037e-05
1,0.07651494,0.000117480035
0,0.0025905631,3.1088723e-06
0,0.0104996385,1.53453e-05
1,0.07661407,0.000117633404
0,0.0063964613,8.99712e-06
0,0.0017513123,1.8104361e-06
0,0.039164204,5.9693324e-05
1,0.032549266,4.9459104e-05
1,0.06820384,0.00010462162
1,0.6883535,0.0010640783
0,0.0024409685,2.877429e-06
1,3.5610104,0.0055084736
0,0.012857831,1.8993747e-05
1,0.07290065,0.00011188824
1,0.20096456,0.0003100207
1,3.814381,0.0059004724
1,0.049691934,7.598117e-05
0,0.002171035,2.4598046e-06
1,0.08378156,0.0001287225
1,4.4888244,0.006943929
0,0.002154448,2.4341425e-06
1,0.0926421,0.00014243097
1,0.088276125,0.00013567621
0,0.0035460866,4.5871984e-06
0,0.0014099057,1.2822331e-06
0,0.007399589,1.0549096e-05
1,0.06556673,0.00010054166
1,2.316011,0.0035822883
0,0.004505329,6.071278e-06
1,0.06056199,9.279864e-05
0,0.0061940113,8.683902e-06
1,0.035860915,5.458268e-05
1,0.011527453,1.693547e-05
0,0.008130138,1.1679355e-05
1,0.89079255,0.0013772794
0,0.0055797873,7.733613e-06
1,0.06874295,0.00010545571
0,0.004875933,6.6446532e-06
1,5.8946,0.009118857
0,0.0016156423,1.6005359e-06
1,0.015422413,2.2961509e-05
1,0.07210108,0.00011065119
0,0.0039458885,5.2057467e-06
0,0.008783982,1.2690944e-05
1,0.07761024,0.00011917462
1,0.5522288,0.0008534748
0,0.0033843985,4.337045e-06
0,0.016262755,2.4261632e-05
0,0.009823544,1.42992885e-05
1,1.2128181,0.0018754973
0,0.010883107,1.5938578e-05
1,0.036612075,5.574483e-05
0,0.007686417,1.0992859e-05
0,0.001949122,2.1164747e-06
0,0.0035849342,4.6473015e-06
1,0.05215664,7.979441e-05
0,0.0029651374,3.68839e-06
0,0.00817241,1.1744756e-05
0,0.0034895698,4.499759e-06
0,0.015606681,2.3246595e-05
1,0.05723027,8.764402e-05
0,0.0032615578,4.1469934e-06
1,1.2391458,0.0019162297
0,0.004667582,6.322306e-06
0,0.0042861863,5.7322345e-06
0,0.0027767452,3.3969216e-06
0,0.0109931035,1.6108757e-05
0,0.0035602439,4.6091022e-06
1,0.059119664,9.056716e-05
1,5.491905,0.008495833
1,4.826129,0.0074657854
1,0.051886246,7.937607e-05
1,0.10653509,0.00016392535
1,2.3537524,0.0036406796
1,0.4992715,0.0007715426
1,0.08107057,0.00012452823
0,0.0020887277,2.332464e-06
1,0.018730083,2.8078928e-05
0,0.004762651,6.469391e-06
1,0.07994874,0.0001227926
0,0.002185668,2.4824442e-06
1,0.09644748,0.00014831843
0,0.0061456263,8.609044e-06
0,0.0034762674,4.479179e-06
0,0.00727067,1.0349641e-05
0,0.007011899,9.949286e-06
1,0.017933141,2.684595e-05
1,0.071805514,0.00011019391
0,0.010357,1.5124619e-05
1,0.090512834,0.00013913671
1,0.02123369,3.1952353e-05
1,0.26125672,0.000403301
1,0.0671854,0.00010304596
1,2.2080266,0.0034152218
0,0.006651115,9.391104e-06
1,0.061578143,9.437077e-05
0,0.0043398803,5.8153064e-06
1,0.234502,0.00036190773
1,0.017578414,2.6297137e-05
1,0.07205335,0.00011057735
0,0.0040743826,5.404545e-06
0,0.023531869,3.550795e-05
0,0.003613579,4.6916184e-06
0,0.006936734,9.8329965e-06
0,0.0028191772,3.4625698e-06
0,0.011574324,1.7007986e-05
1,5.0838485,0.007864513
0,0.0030049402,3.7499706e-06
1,0.03360416,5.109117e-05
1,0.056485206,8.6491294e-05
1,0.037774444,5.7543173e-05
0,0.006476925,9.121609e-06
1,0.0418807,6.389612e-05
1,0.046465997,7.09902e-05
1,0.07951677,0.00012212429
1,0.02167515,3.263535e-05
0,0.03970289,6.052674e-05
1,2.8649094,0.00443151
1,0.110145,0.00016951037
0,0.004210321,5.6148606e-06
0,0.0015826952,1.5495622e-06
0,0.010382883,1.5164664e-05
1,0.081068866,0.00012452558
0,0.012768968,1.8856264e-05
0,0.011770775,1.7311922e-05
1,0.09912938,0.00015246769
0,0.022470165,3.3865348e-05
1,0.06074662,9.308429e-05
1,0.04266226,6.51053e-05
1,0.056900784,8.713425e-05
1,0.06343867,9.724925e-05
1,0.012424139,1.8322768e-05
0,0.017222203,2.574603e-05
1,0.062556,9.5883646e-05
1,5.075934,0.007852268
1,0.06793635,0.000104207786
1,5.0103297,0.0077507696
1,2.8080366,0.0043435195
1,1.8787968,0.0029058577
1,0.016987978,2.5383652e-05
0,0.008745893,1.2632015e-05
1,0.055294085,8.464847e-05
1,0.054756865,8.3817315e-05
0,0.007554811,1.0789246e-05
0,0.010290219,1.50213e-05
0,0.027252521,4.126431e-05
1,2.444396,0.0037809177
0,0.010624565,1.5538579e-05
1,0.08847341,0.00013598143
0,0.0017520334,1.8115517e-06
1,0.06671558,0.00010231909
0,0.0011715736,9.135007e-07
1,1.7932172,0.0027734544
0,0.022202099,3.345061e-05
0,0.007700772,1.1015068e-05
1,0.31552854,0.00048726695
1,0.08953212,0.00013761941
1,4.061877,0.0062833824
1,0.014950776,2.2231821e-05
0,0.009474383,1.3759088e-05
0,0.0020707934,2.3047173e-06
1,0.060864188,9.326618e-05
1,0.17388362,0.00026812276
0,0.020586519,3.0951087e-05
1,0.018547194,2.7795973e-05
1,1.6706083,0.0025837615
0,0.03562999,5.4225413e-05
1,0.036675874,5.5843535e-05
0,0.017062385,2.5498768e-05
0,0.0018795712,2.0088703e-06
1,0.03997446,6.09469e-05
1,0.08567261,0.00013164821
0,0.018005364,2.6957687e-05
1,0.18044952,0.0002782811
0,0.006801832,9.624284e-06
0,0.016662994,2.4880857e-05
0,0.013988953,2.074375e-05
0,0.0041155396,5.4682205e-06
1,2.345942,0.0036285957
1,2.464712,0.0038123492
1,1.998742,0.0030914296
0,0.0069778482,9.896606e-06
1,0.022979148,3.4652814e-05
0,0.011033035,1.6170537e-05
1,0.07318322,0.00011232542
1,0.013687966,2.0278081e-05
1,0.0375061,5.712801e-05
0,0.01099003,1.6104002e-05
1,5.880104,0.00909643
0,0.0012594905,1.0495202e-06
0,0.009129963,1.3226223e-05
1,0.08654347,0.00013299556
1,1.8093096,0.0027983515
0,0.013654703,2.0226618e-05
0,0.0043539302,5.837044e-06
1,2.308647,0.0035708952
0,0.019324524,2.899861e-05
1,0.08053458,0.00012369898
0,0.0019761848,2.1583446e-06
1,0.11263209,0.00017335823
1,0.08921336,0.00013712623
1,1.8233867,0.0028201307
1,0.14001265,0.00021571973
0,0.004169926,5.5523637e-06
0,0.009450558,1.3722228e-05
1,0.019130506,2.8698436e-05
1,0.07030254,0.000107868604
0,0.005440252,7.5177327e-06
0,0.004304338,5.7603174e-06
0,0.0076567866,1.0947017e-05
1,0.13750769,0.0002118442
0,0.007972109,1.1434864e-05
0,0.009477456,1.3763843e-05
0,0.0033705041,4.3155487e-06
1,3.7720768,0.0058350223
0,0.002164343,2.4494511e-06
1,0.02073055,3.1173924e-05
1,0.08039277,0.00012347958
1,0.013277578,1.9643154e-05
0,0.0027994637,3.4320706e-06
1,0.055382673,8.4785526e-05
1,2.3078823,0.0035697122
1,0.06240418,9.5648764e-05
0,0.007395744,1.0543147e-05
1,0.075261176,0.00011554029
1,0.01726668,2.5814841e-05
0,0.008758505,1.2651527e-05
0,0.0026615942,3.218767e-06
1,2.3091335,0.0035716482
1,2.2638154,0.0035015347
1,3.0606666,0.0047343727
0,0.006266512,8.796071e-06
1,0.13547122,0.00020869351
0,0.00594304,8.295615e-06
0,0.0013071038,1.1231845e-06
0,0.0045630685,6.1606092e-06
0,0.0036121332,4.6893815e-06
1,0.06757082,0.00010364226
1,0.029908352,4.5373246e-05
1,0.09717015,0.0001494365
1,0.07943556,0.00012199864
0,0.0013805287,1.2367829e-06
1,1.9988497,0.0030915963
0,0.009162938,1.327724e-05
1,0.1817437,0.0002802834
1,0.0393011,5.9905124e-05
1,0.22391151,0.0003455228
0,0.0016340689,1.6290444e-06
0,0.003260385,4.145179e-06
1,0.01700839,2.5415233e-05
1,0.06950582,0.00010663597
1,0.09368858,0.00014405002
0,0.017955016,2.6879792e-05
1,2.3019724,0.0035605687
1,0.08030388,0.00012334205
0,0.005723552,7.956037e-06
1,5.2004523,0.008044915
1,0.13691586,0.00021092857
1,0.08059384,0.00012379065
1,1.3351328,0.002064735
1,0.07685492,0.00011800604
0,0.0034882298,4.4976864e-06
0,0.0025554625,3.0545668e-06
1,0.31225246,0.0004821984
0,0.018929,2.8386678e-05
1,2.3374376,0.0036154385
1,0.07616752,0.00011694253
1,1.3133861,0.0020310897
1,0.0162341,2.42173e-05
1,0.09001774,0.00013837073
1,0.08671065,0.0001332542
0,0.0075784647,1.0825842e-05
1,0.05284027,8.085208e-05
1,0.05176305,7.918547e-05
0,0.011464394,1.6837908e-05
0,0.013704691,2.0303956e-05
0,0.009711916,1.4126585e-05
0,0.017854989,2.6725036e-05
0,0.0032435698,4.1191633e-06
1,5.204362,0.008050964
0,0.07535151,0.00011568005
0,0.0011362346,8.588263e-07
1,0.069529094,0.00010667198
1,0.109803386,0.00016898185
1,0.07221398,0.00011082586
0,0.002027855,2.2382856e-06
0,0.016835367,2.5147541e-05
1,0.11584251,0.0001783252
1,0.07664393,0.00011767961
1,2.0500612,0.0031708276
1,0.055857576,8.552027e-05
0,0.038817845,5.915746e-05
1,0.0775769,0.00011912303
0,0.011195993,1.6422657e-05
0,0.0102173,1.4908483e-05
0,0.008033908,1.1530475e-05
0,0.003907385,5.1461766e-06
1,0.30899996,0.00047716635
1,0.03788176,5.770921e-05
0,0.0022971053,2.6548528e-06
1,0.015001184,2.230981e-05
1,0.02516704,3.8037786e-05
0,0.008142587,1.1698616e-05
1,0.080782,0.00012408178
1,0.045599055,6.964892e-05
1,0.5936315,0.00091753044
0,0.0055648154,7.71045e-06
1,0.99080193,0.0015320077
0,0.0021912155,2.4910269e-06
1,0.09355059,0.00014383654
0,0.0019633395,2.1384712e-06
1,0.07333155,0.000112554895
0,0.0060166004,8.409423e-06
1,0.059328683,9.089054e-05
1,0.046835653,7.156211e-05
1,0.012892907,1.9048015e-05
0,0.005366102,7.403012e-06
0,0.007384483,1.0525725e-05
0,0.0035580625,4.6057266e-06
1,0.05362908,8.207248e-05
1,0.045566525,6.9598595e-05
1,0.070854336,0.000108722306
0,0.0014224157,1.3015879e-06
0,0.01706021,2.5495405e-05
1,0.093256004,0.00014338076
0,0.002826026,3.4731659e-06
0,0.0042974446,5.7496527e-06
1,5.2937255,0.008189222
1,0.041746486,6.368847e-05
0,0.102374904,0.00015748896
0,0.014932289,2.220322e-05
0,0.018717721,2.8059801e-05
1,0.3450149,0.0005328864
0,0.003240348,4.1141793e-06
0,0.002208641,2.5179866e-06
0,0.0019872661,2.175489e-06
1,0.018770594,2.8141603e-05
1,0.12467224,0.00019198601
0,0.005209019,7.1599834e-06
0,0.00934241,1.3554908e-05
1,0.056048825,8.581615e-05
0,0.010338786,1.5096439e-05
0,0.005561647,7.705547e-06
0,0.0055385856,7.669868e-06
1,1.9909256,0.0030793364
1,5.440398,0.008416144
0,0.012514833,1.8463083e-05
1,0.095164,0.0001463327
1,0.046637032,7.125481e-05
1,3.7637186,0.005822091
0,0.0059645656,8.328918e-06
1,0.01517715,2.2582053e-05
0,0.03932585,5.994341e-05
1,0.07319023,0.00011233625
0,0.045854904,7.0044756e-05
1,0.0690845,0.00010598413
1,0.037263043,5.6751967e-05
1,3.610609,0.0055852095
0,0.015657863,2.3325782e-05
1,5.2230997,0.0080799535
1,0.04932858,7.541901e-05
0,0.031849526,4.837651e-05
0,0.0041862177,5.577569e-06
1,2.1699643,0.003356334
1,0.1019439,0.00015682215
1,0.086612135,0.00013310178
0,0.003954328,5.2188043e-06
1,0.012839264,1.8965022e-05
1,0.013624915,2.0180532e-05
0,0.050462604,7.71735e-05
0,0.0036362347,4.7266703e-06
1,0.07642743,0.00011734465
0,0.011731304,1.7250855e-05
1,0.071247235,0.000109330176
1,0.092248246,0.00014182163
1,2.2831888,0.003531508
1,0.6457949,0.0009982344
0,0.002426922,2.8556972e-06
1,0.0465614,7.11378e-05
0,0.0058342116,8.127242e-06
1,1.2125015,0.0018750074
0,0.0018495754,1.9624626e-06
1,0.090296924,0.00013880266
1,0.029768702,4.5157187e-05
1,0.07473981,0.000114733666
0,0.002907907,3.599847e-06
0,0.004720354,6.4039514e-06
1,0.05266971,8.05882e-05
0,0.013587271,2.0122292e-05
0,0.0063839136,8.977707e-06
1,0.1101824,0.00016956823
1,2.4616678,0.0038076395
0,0.0034735303,4.474944e-06
0,0.0065663056,9.259892e-06
1,0.046768975,7.145895e-05
0,0.010294195,1.5027451e-05
0,0.06962092,0.00010681405
0,0.008637332,1.2464056e-05
1,2.4260824,0.0037525839
1,0.23221713,0.00035837272
1,0.109066114,0.00016784118
1,0.034578536,5.2598665e-05
1,4.1405544,0.0064051077
0,0.0065166685,9.183097e-06
0,0.0011324452,8.529635e-07
0,0.004778445,6.4938267e-06
1,0.019138664,2.8711058e-05
0,0.0050750324,6.9526877e-06
1,0.057438742,8.7966546e-05
1,0.06928353,0.00010629206
0,0.0014724354,1.3789752e-06
0,0.001501365,1.4237332e-06
0,0.016759083,2.5029518e-05
0,0.001626983,1.6180816e-06
0,0.0039291917,5.1799148e-06
0,0.0027899893,3.4174125e-06
1,0.03660725,5.5737364e-05
0,0.0034952709,4.5085794e-06
0,0.008186417,1.1766427e-05
1,2.9522262,0.0045666005
1,0.056119967,8.592622e-05
0,0.0015841703,1.5518443e-06
0,0.008319715,1.1972657e-05
0,0.01194743,1.7585231e-05
0,0.012591664,1.858195e-05
0,0.013604757,2.0149346e-05
0,0.0028550439,3.5180603e-06
1,0.017951595,2.6874499e-05
0,0.007762409,1.1110428e-05
1,0.07792457,0.00011966094
1,2.144138,0.0033163775
1,0.44256818,0.00068381475
0,0.00816699,1.1736372e-05
0,0.0035795523,4.6389746e-06
1,0.07636409,0.00011724666
0,0.0024215814,2.8474344e-06
0,0.0033911986,4.3475657e-06
1,0.075317204,0.00011562698
1,0.08041341,0.0001235115
1,0.08577473,0.0001318062
1,0.01486139,2.2093529e-05
1,0.07424382,0.00011396631
0,0.034039814,5.176519e-05
0,0.003301087,4.208151e-06
1,0.07579612,0.000116367926
0,0.0075066676,1.0714762e-05
1,3.4483206,0.005334127
1,3.0052338,0.004648611
1,0.08478066,0.00013026825
1,3.7637255,0.0058221016
0,0.09659791,0.00014855116
1,0.07276272,0.00011167484
1,0.28783488,0.00044442105
0,0.0027118206,3.2964747e-06
1,0.08204439,0.00012603487
0,0.010091989,1.471461e-05
1,3.304507,0.0051116277
1,0.7334594,0.0011338635
1,0.09770984,0.00015027147
1,0.011627027,1.7089524e-05
0,0.0024588055,2.9050252e-06
0,0.004393464,5.8982077e-06
1,0.088848904,0.00013656238
1,1.2190145,0.001885084
0,0.0011166757,8.2856593e-07
0,0.019456154,2.9202258e-05
1,4.1397233,0.0064038215
1,0.13592628,0.00020939755
0,0.004725847,6.4124497e-06
1,0.024034586,3.628572e-05
0,0.009540513,1.3861401e-05
0,0.023409376,3.5318437e-05
1,2.320142,0.0035886797
1,0.075602874,0.00011606895
1,0.26173195,0.00040403625
0,0.023892447,3.6065816e-05
0,0.008966644,1.2973547e-05
1,0.019257093,2.8894285e-05
1,5.146276,0.007961097
1,0.034035906,5.1759143e-05
1,0.2033434,0.0003137011
1,0.03914143,5.965809e-05
0,0.006523872,9.194241e-06
0,0.0039347233,5.1884726e-06
1,0.085309744,0.00013108681
1,0.045637995,6.970917e-05
1,0.08663205,0.0001331326
0,0.03790725,5.7748643e-05
1,1.4740376,0.0022796397
1,0.121515274,0.00018710174
1,0.0134976,1.998356e-05
0,0.011903256,1.751689e-05
1,5.878707,0.009094268
0,0.0049515446,6.761635e-06
0,0.0021707315,2.4593353e-06
0,0.008171306,1.1743048e-05
0,0.01167799,1.7168371e-05
0,0.0037769764,4.9444166e-06
1,0.6844425,0.0010580275
1,0.031085499,4.7194455e-05
0,0.003833895,5.0324775e-06
1,0.064320624,9.861376e-05
1,0.085193425,0.00013090685
0,0.0045361207,6.118917e-06
1,0.6694705,0.0010348638
0,0.014216991,2.1096555e-05
1,0.08669576,0.00013323117
1,0.026320012,3.9821593e-05
0,0.006916037,9.800975e-06
0,0.0064375815,9.060738e-06
0,0.009901776,1.4420324e-05
1,0.085649885,0.00013161305
1,5.222742,0.0080794
0,0.010135075,1.478127e-05
0,0.02428535,3.667369e-05
0,0.0016923749,1.7192518e-06
0,0.0093162,1.3514358e-05
0,0.005353523,7.383551e-06
1,0.047814075,7.307586e-05
0,0.015353706,2.2855209e-05
1,0.06043596,9.260365e-05
0,0.0022779813,2.6252653e-06
1,0.063628465,9.754289e-05
1,2.0688257,0.0031998588
0,0.0123286,1.8174955e-05
0,0.0016735907,1.6901901e-06
0,0.0026570149,3.2116823e-06
0,0.008085061,1.1609615e-05
1,0.035731196,5.4381988e-05
1,0.020479674,3.0785784e-05
1,0.07070516,0.00010849151
1,0.19476824,0.00030043416
1,0.042768266,6.5269305e-05
0,0.08182946,0.00012570233
0,0.0071182395,1.011381e-05
1,5.925774,0.009167088
0,0.012757265,1.8838158e-05
0,0.0018215396,1.9190873e-06
1,0.014321294,2.1257925e-05
0,0.007268528,1.0346327e-05
1,0.06196378,9.496741e-05
1,0.083525404,0.0001283262
1,0.095446974,0.0001467705
1,1.2111278,0.001872882
0,0.0040429183,5.3558656e-06
1,2.000127,0.0030935723
1,1.3252745,0.0020494827
0,0.0019568296,2.1283995e-06
0,0.0032292528,4.097013e-06
1,0.03497779,5.3216365e-05
1,0.07674938,0.00011784275
1,5.2999616,0.008198869
0,0.09835452,0.00015126888
1,0.0879314,0.00013514288
0,0.0018707862,1.9952786e-06
1,0.06304296,9.663704e-05
0,0.034369584,5.2275387e-05
0,0.01451266,2.1553995e-05
0,0.0054522683,7.5363237e-06
1,0.07414907,0.00011381972
1,0.15136203,0.00023327878
0,0.0064732074,9.115856e-06
0,0.01457622,2.1652331e-05
0,0.0076295934,1.0904944e-05
0,0.01604459,2.3924104e-05
1,0.101850696,0.00015667794
1,0.06516407,9.991868e-05
1,0.058057103,8.892324e-05
0,0.0077221673,1.104817e-05
0,0.003163126,3.9947063e-06
1,5.3032413,0.008203944
1,0.018262971,2.7356242e-05
1,2.233506,0.003454642
0,0.048802733,7.460546e-05
1,1.0191988,0.0015759415
0,0.014546428,2.160624e-05
1,0.04246197,6.479542e-05
0,0.0095851505,1.3930461e-05
1,0.09755539,0.00015003252
0,0.002475152,2.9303155e-06
0,0.0018480697,1.960133e-06
0,0.005803243,8.07933e-06
1,0.083059624,0.00012760557
1,1.4891901,0.0023030827
1,5.8963385,0.0091215465
1,0.03868644,5.8954156e-05
1,4.0618124,0.006283283
1,0.15414399,0.00023758285
1,5.108849,0.007903192
0,0.0019956338,2.188435e-06
0,0.008225708,1.1827216e-05
1,0.11202047,0.00017241198
1,0.0115972385,1.7043438e-05
1,0.094169796,0.00014479453
0,0.005160896,7.085531e-06
1,5.045892,0.007805789
0,0.0017975126,1.8819143e-06
1,0.18344787,0.00028291997
1,0.13641712,0.00021015696
0,0.0018696665,1.9935462e-06
1,5.293717,0.008189209
1,0.03842193,5.8544923e-05
1,2.446104,0.0037835604
1,0.4124319,0.0006371898
0,0.014760216,2.1936998e-05
0,0.004155191,5.529567e-06
0,0.0067397943,9.528303e-06
1,0.09288905,0.00014281303
0,0.0019262955,2.081159e-06
0,0.021119574,3.17758e-05
1,0.45437467,0.000702081
0,0.00435125,5.832897e-06
1,0.084146574,0.00012928723
0,0.01240996,1.8300829e-05
0,0.005254642,7.230569e-06
0,0.00555683,7.698095e-06
0,0.03605927,5.4889566e-05
1,0.07683045,0.00011796817
0,0.012483212,1.841416e-05
1,0.013121535,1.9401734e-05
1,3.375861,0.005222022
1,0.07699151,0.000118217366
1,2.380731,0.0036824194
0,0.07520057,0.000115446535
0,0.0032059234,4.0609193e-06
1,3.3818195,0.0052312408
1,4.4081635,0.0068191355
1,0.059571758,9.1266615e-05
0,0.002274973,2.6206112e-06
1,0.10794767,0.0001661108
1,0.0759595,0.00011662071
1,0.06344985,9.726655e-05
0,0.0043321573,5.803358e-06
0,0.004429225,5.9535346e-06
0,0.009221982,1.336859e-05
0,0.0116405,1.711037e-05
1,0.08888303,0.00013661517
0,0.007986933,1.1457798e-05
1,2.3221626,0.003591806
1,0.08990973,0.00013820363
1,0.07457937,0.000114485454
1,0.049531464,7.5732896e-05
1,0.10220923,0.00015723264
1,5.860931,0.009066766
0,0.009882902,1.4391123e-05
1,0.070549525,0.00010825072
0,0.009295654,1.348257e-05
1,0.09732481,0.00014967578
0,0.0016076944,1.5882395e-06
0,0.07373387,0.000113177346
1,0.0199409,2.9952227e-05
1,0.045349173,6.926232e-05
1,0.25853884,0.00039909605
1,0.0855642,0.0001314805
1,1.6957059,0.002622591
0,0.008502057,1.2254766e-05
0,0.035591193,5.4165383e-05
0,0.014685231,2.1820988e-05
0,0.0064318287,9.051838e-06
1,0.036495835,5.556499e-05
0,0.06661475,0.00010216308
0,0.008307157,1.1953229e-05
0,0.0067844926,9.597457e-06
1,2.485388,0.003844338
1,0.073197864,0.00011234807
1,1.1261035,0.0017413378
0,0.00523973,7.207497e-06
0,0.0016372004,1.6338892e-06
0,0.0038180058,5.0078947e-06
1,5.075828,0.0078521045
1,0.06669512,0.00010228743
1,0.016927589,2.5290221e-05
1,0.018382141,2.7540615e-05
1,0.038579058,5.8788024e-05
0,0.0015060973,1.4310547e-06
0,0.0037586144,4.916008e-06
1,0.047491357,7.257657e-05
0,0.0027050334,3.2859734e-06
1,2.9522417,0.0045666248
1,0.045582596,6.962346e-05
1,0.054277923,8.3076324e-05
1,0.06267301,9.606468e-05
0,0.0063666776,8.95104e-06
0,0.006287945,8.82923e-06
0,0.01598565,2.3832912e-05
0,0.0030876282,3.8779003e-06
1,0.03262624,4.9578197e-05
1,0.018473303,2.7681654e-05
0,0.009081537,1.3151302e-05
1,0.10869776,0.00016727128
1,0.09251436,0.00014223334
1,2.446679,0.00378445
1,0.06776357,0.00010394047
0,0.0032379776,4.1105113e-06
1,0.07771226,0.00011933246
1,0.086940095,0.0001336092
0,0.012109942,1.783666e-05
1,0.112776294,0.00017358134
0,0.0021535987,2.4328285e-06
0,0.003707943,4.8376123e-06
0,0.009382125,1.3616353e-05
0,0.008720103,1.2592113e-05
1,0.07309131,0.00011218322
0,0.0016721932,1.6880279e-06
1,1.7107383,0.002645848
1,0.014989035,2.2291013e-05
0,0.009691123,1.4094415e-05
1,0.016874947,2.5208776e-05
0,0.0117566455,1.7290062e-05
1,2.3448777,0.0036269492
1,3.3759985,0.005222235
1,4.3831697,0.0067804665
0,0.0034060031,4.37047e-06
1,0.093859546,0.00014431453
1,0.07087165,0.0001087491
0,0.0027694933,3.385702e-06
1,0.019450393,2.9193345e-05
1,0.0599457,9.1845155e-05
0,0.011970876,1.7621505e-05
0,0.0066919746,9.454319e-06
1,0.08817238,0.00013551571
0,0.002654905,3.2084179e-06
0,0.011218275,1.6457128e-05
1,0.3447675,0.00053250365
0,0.0041929996,5.588062e-06
1,0.26933748,0.00041580302
0,0.0030040047,3.748523e-06
0,0.01855869,2.781376e-05
1,0.08663537,0.00013313774
0,0.0037368413,4.8823226e-06
1,0.042458653,6.479029e-05
0,0.0028397455,3.4943916e-06
1,2.5575998,0.0039560595
0,0.014345806,2.129585e-05
1,0.025489826,3.853718e-05
1,0.059888706,9.175698e-05
0,0.0034321223,4.41088e-06
0,0.018053712,2.7032489e-05
1,0.051225632,7.835401e-05
0,0.020308878,3.052154e-05
1,5.0837474,0.007864357
1,0.016259825,2.4257099e-05
1,0.05564052,8.5184445e-05
0,0.0018729877,1.9986846e-06
0,0.0014949981,1.4138827e-06
1,0.01691918,2.5277213e-05
1,0.069812305,0.00010711014
0,0.028418109,4.3067634e-05
0,0.003403174,4.3660934e-06
0,0.003445686,4.4318654e-06
1,0.067986295,0.000104285056
1,0.049089357,7.50489e-05
1,0.024985718,3.7757254e-05
1,0.012633447,1.8646595e-05
1,0.13544573,0.00020865408
1,0.08229516,0.00012642283
0,0.0051593934,7.0832057e-06
0,0.010920763,1.5996837e-05
0,0.0026600077,3.2163125e-06
1,4.795019,0.0074176546
0,0.0032086633,4.065158e-06
1,0.063275434,9.699671e-05
1,1.8187066,0.00281289
1,0.06357288,9.74569e-05
0,0.0013843435,1.2426849e-06
1,3.22481,0.0049883253
1,1.2185565,0.0018843753
1,1.0649141,0.0016466693
1,0.072753444,0.00011166049
1,0.03601774,5.482531e-05
1,4.3557525,0.0067380485
1,0.04446026,6.788705e-05
1,0.08921889,0.0001371348
0,0.027261052,4.1277508e-05
1,0.013302145,1.9681162e-05
1,0.06966904,0.00010688849
1,0.08669738,0.00013323367
0,0.0044811745,6.033908e-06
1,5.68621,0.00879645
1,0.18470426,0.00028486378
1,0.019973302,3.0002358e-05
1,0.016858319,2.5183052e-05
0,0.013448516,1.9907618e-05
0,0.002987668,3.723248e-06
1,1.3352946,0.0020649852
0,0.006478598,9.124196e-06
1,0.53407407,0.0008253869
1,2.110735,0.0032646982
1,0.08713467,0.00013391022
0,0.018891089,2.8328026e-05
1,0.01742107,2.6053705e-05
0,0.006611111,9.329213e-06
1,5.9212403,0.0091600735
0,0.011872568,1.746941e-05
1,1.2190233,0.0018850976
0,0.12116435,0.00018655881
0,0.0059549785,8.314086e-06
1,0.079660624,0.00012234684
0,0.013014879,1.9236722e-05
1,0.066765435,0.00010239622
0,0.0018010774,1.8874294e-06
1,0.07889139,0.000121156736
0,0.009528555,1.38429e-05
1,2.2884564,0.0035396577
1,0.02973236,4.5100962e-05
0,0.0108819865,1.5936845e-05
0,0.008107261,1.1643961e-05
0,0.01014228,1.4792417e-05
0,0.024607977,3.717284e-05
0,0.025162194,3.8030288e-05
1,0.057115357,8.746623e-05
0,0.0016746748,1.6918673e-06
1,0.055609707,8.513678e-05
0,0.024906937,3.763537e-05
0,0.014594082,2.1679967e-05
0,0.003932762,5.1854386e-06
1,5.0479407,0.007808959
0,0.010817046,1.5836373e-05
1,0.8491688,0.0013128817
1,0.073803686,0.00011328536
1,5.1460314,0.007960719
0,0.005714072,7.941369e-06
0,0.0019336924,2.0926032e-06
1,0.16005795,0.00024673255
1,0.019959893,2.9981613e-05
1,0.059137616,9.059494e-05
1,0.110578395,0.0001701809
0,0.010757131,1.5743675e-05
1,0.011791181,1.7343493e-05
1,0.11786413,0.00018145292
1,0.07660546,0.00011762009
1,1.1593635,0.0017927956
0,0.0020374046,2.25306e-06
0,0.0028772138,3.5523606e-06
1,0.12432473,0.00019144836
1,0.119090155,0.00018334975
1,1.0903693,0.0016860522
0,0.02173585,3.2729262e-05
1,0.019550586,2.9348359e-05
1,1.563369,0.0024178477
1,0.013567852,2.0092248e-05
0,0.0056206407,7.796819e-06
1,0.21551731,0.00033253583
0,0.00466382,6.3164853e-06
1,0.017861571,2.673522e-05
1,0.593178,0.00091682875
1,0.0818132,0.00012567718
1,0.056251235,8.612931e-05
0,0.005435725,7.510729e-06
0,0.02102876,3.1635296e-05
1,0.064115666,9.829666e-05
0,0.006462654,9.099529e-06
1,0.07443075,0.00011425551
1,0.027010981,4.0890616e-05
1,0.06955408,0.000106710635
0,0.0061852173,8.670297e-06
1,0.047790192,7.3038915e-05
1,3.5675988,0.005518667
0,0.007275007,1.0356352e-05
0,0.007395363,1.0542558e-05
1,0.06911662,0.000106033825
0,0.004216681,5.6247e-06
0,0.0014559659,1.3534946e-06
0,0.0072685876,1.0346419e-05
0,0.018063812,2.7048114e-05
0,0.0055473456,7.683421e-06
1,0.04389855,6.701801e-05
1,0.043802645,6.686963e-05
1,0.044111446,6.7347384e-05
0,0.008024284,1.1515584e-05
0,0.07978147,0.00012253382
1,0.014420097,2.1410788e-05
1,0.075468734,0.00011586142
1,0.09302597,0.00014302487
0,0.014206873,2.1080901e-05
1,4.061778,0.0062832297
0,0.0064142146,9.024587e-06
1,0.07373631,0.000113181115
1,0.09663234,0.00014860442
0,0.023768669,3.5874313e-05
1,2.621979,0.004055663
1,4.909072,0.00759411
1,0.015674135,2.3350956e-05
0,0.010002434,1.4576057e-05
1,0.07282193,0.00011176645
1,0.018695606,2.8025586e-05
0,0.021368017,3.2160173e-05
1,0.81519157,0.0012603143
1,0.05714601,8.751365e-05
1,0.012407082,1.8296378e-05
0,0.0021714265,2.4604105e-06
1,2.269298,0.0035100172
1,0.014230573,2.1117568e-05
1,0.08659537,0.00013307585
1,0.09899694,0.00015226279
0,0.019855402,2.981995e-05
0,0.006530354,9.20427e-06
1,0.02152878,3.2408898e-05
1,4.825996,0.0074655795
1,0.084286325,0.00012950345
0,0.0035198017,4.546532e-06
0,0.0053632003,7.398523e-06
1,1.5662764,0.0024223458
0,0.01147266,1.6850698e-05
1,0.037035476,5.639989e-05
1,0.017120775,2.5589106e-05
0,0.0027844103,3.4087807e-06
1,0.9230228,0.001427144
1,0.03825144,5.8281155e-05
1,0.10654903,0.00016394691
0,0.0072992,1.0393781e-05
1,0.017667973,2.6435699e-05
0,0.00463989,6.2794625e-06
1,5.196272,0.008038447
1,0.06868644,0.00010536828
1,0.015688257,2.3372806e-05
0,0.0027817218,3.4046209e-06
0,0.002352994,2.7413203e-06
0,0.011313483,1.660443e-05
0,0.009235257,1.3389128e-05
0,0.011881873,1.7483806e-05
1,0.09498035,0.00014604857
0,0.006079451,8.506661e-06
1,0.08638331,0.00013274777
1,0.05921399,9.0713096e-05
0,0.0021456466,2.4205253e-06
1,0.01769646,2.647977e-05
1,0.046717748,7.13797e-05
1,3.74092,0.0057868185
0,0.0021752466,2.4663207e-06
0,0.0066275937,9.354713e-06
0,0.050968032,7.795547e-05
1,0.13161778,0.00020273171
1,1.4141512,0.002186987
1,0.06767685,0.0001038063
0,0.0028400184,3.4948139e-06
0,0.023702051,3.5771245e-05
0,0.010458247,1.528126e-05
1,0.08635843,0.00013270928
0,0.011177547,1.6394119e-05
0,0.0035709564,4.625676e-06
0,0.0070315073,9.979623e-06
1,0.09013973,0.00013855947
1,0.085699335,0.00013168957
0,0.008341692,1.200666e-05
0,0.001973416,2.154061e-06
0,0.0025891361,3.106665e-06
1,0.024296053,3.6690246e-05
1,0.117850386,0.00018143166
0,0.0022662145,2.6070604e-06
0,0.0047580893,6.462333e-06
1,0.037232157,5.6704182e-05
1,0.014360117,2.131799e-05
1,0.06423721,9.84847e-05
1,0.015519612,2.3111888e-05
0,0.028079173,4.2543255e-05
0,0.01366691,2.0245505e-05
1,0.0655556,0.00010052444
1,0.08080893,0.00012412343
1,0.14735135,0.00022707372
1,2.8079422,0.0043433737
0,0.0023866424,2.793379e-06
1,0.07360391,0.00011297628
1,1.2011557,0.0018574538
1,0.06335717,9.712316e-05
0,0.007677295,1.0978745e-05
0,0.0073454264,1.0465299e-05
1,2.3160937,0.0035824163
1,0.06214305,9.524476e-05
0,0.0028708936,3.542582e-06
1,0.064808145,9.936802e-05
1,0.057883978,8.865539e-05
1,0.015966289,2.3802959e-05
1,0.017244808,2.5781002e-05
0,0.007836106,1.1224449e-05
0,0.0019576403,2.1296537e-06
1,2.3542423,0.0036414375
0,0.0033079735,4.218805e-06
0,0.0045535048,6.1458127e-06
1,5.917219,0.009153852
1,0.07044033,0.00010808178
1,0.083525844,0.00012832688
1,0.02051352,3.083815e-05
1,0.64479184,0.0009966824
1,5.1753306,0.008006048
1,1.1136103,0.001722009
0,0.003135973,3.9526967e-06
0,0.004121005,5.4766765e-06
0,0.0013942999,1.2580888e-06
0,0.007847779,1.1242509e-05
0,0.0059722397,8.34079e-06
0,0.012338427,1.8190158e-05
0,0.0015126414,1.4411794e-06
0,0.019008733,2.8510038e-05
0,0.010081729,1.4698736e-05
1,5.047951,0.007808975
0,0.0057288758,7.964273e-06
1,0.08208601,0.00012609926
1,0.04586473,7.005996e-05
1,0.08112731,0.00012461601
0,0.0045217373,6.096664e-06
0,0.014833333,2.205012e-05
0,0.0014785903,1.3884976e-06
0,0.002163033,2.4474245e-06
1,0.40519413,0.00062599196
1,0.07032366,0.00010790128
1,4.537033,0.0070185144
1,0.074100286,0.00011374424
0,0.002319615,2.6896787e-06
0,0.0070150504,9.954162e-06
1,0.07170879,0.00011004427
0,0.013063227,1.9311523e-05
1,0.05538237,8.478506e-05
0,0.0035043128,4.522569e-06
1,0.016194148,2.4155488e-05
1,0.056508526,8.6527376e-05
0,0.0056862514,7.898328e-06
1,0.08454708,0.00012990687
0,0.0070485636,1.00060115e-05
0,0.0030067838,3.7528227e-06
0,0.027851285,4.219068e-05
1,0.04767918,7.286716e-05
1,0.05966761,9.141491e-05
0,0.0056943824,7.910908e-06
0,0.0065700053,9.265616e-06
1,0.034863796,5.3040003e-05
0,0.0030186141,3.7711263e-06
0,0.0071973563,1.0236215e-05
1,3.3204434,0.0051362836
0,0.014150374,2.099349e-05
0,0.0047802133,6.496562e-06
0,0.0048390296,6.587559e-06
1,5.0577908,0.007824198
1,0.05144076,7.868685e-05
1,0.04783542,7.310889e-05
1,0.13557227,0.00020884984
0,0.010809105,1.5824087e-05
0,0.0047790445,6.494754e-06
0,0.0053406623,7.363654e-06
0,0.00574983,7.996692e-06
1,0.06933921,0.0001063782
0,0.003957075,5.223054e-06
0,0.00760271,1.0863352e-05
0,0.007261144,1.0334903e-05
1,0.46899223,0.0007246964
1,0.014578052,2.1655165e-05
0,0.028072178,4.2532432e-05
0,0.008294869,1.1934218e-05
0,0.011296347,1.6577917e-05
0,0.0030890154,3.8800463e-06
1,0.07097079,0.00010890247
1,0.08033226,0.00012338595
1,0.15070055,0.00023225538
1,0.07763047,0.00011920591
0,0.014302526,2.1228889e-05
1,0.48617208,0.000751276
1,0.07759574,0.00011915219
1,0.015842902,2.3612061e-05
0,0.051749077,7.916385e-05
1,1.0115058,0.0015640395
1,2.1936612,0.0033929965
1,3.9406154,0.006095775
1,0.083430156,0.00012817883
1,0.5054368,0.00078108103
1,0.053905033,8.249941e-05
1,0.12854606,0.00019797933
1,5.136275,0.007945624
0,0.008850754,1.2794249e-05
0,0.01917598,2.876879e-05
1,3.3930202,0.0052485694
1,1.1126196,0.0017204764
1,0.017949844,2.687179e-05
1,0.08456568,0.00012993564
0,0.004443423,5.975501e-06
0,0.011377928,1.6704134e-05
1,0.059005376,9.039034e-05
1,0.087037526,0.00013375992
0,0.004993823,6.8270456e-06
1,0.05440812,8.327776e-05
1,0.071520016,0.0001097522
1,0.05027307,7.6880264e-05
0,0.0076543456,1.0943239e-05
0,0.023484163,3.5434143e-05
1,0.05561454,8.514425e-05
1,1.4774961,0.0022849906
0,0.0019398972,2.1022029e-06
1,0.038791306,5.91164e-05
1,0.14299075,0.00022032726
0,0.008680494,1.25308325e-05
1,0.07601161,0.000116701325
0,0.018429738,2.7614251e-05
1,0.08072164,0.00012398839
1,0.06193053,9.491596e-05
0,0.0026070604,3.1343961e-06
0,0.010413687,1.521232e-05
0,0.0020893125,2.333369e-06
0,0.007596482,1.0853717e-05
0,0.0026398038,3.1850548e-06
0,0.0057701953,8.028201e-06
1,5.6546993,0.008747698
1,0.014022299,2.079534e-05
0,0.0147957895,2.1992037e-05
0,0.0040181223,5.3175027e-06
0,0.0033885348,4.3434443e-06
1,0.040783644,6.219882e-05
1,1.563938,0.002418728
1,0.015067915,2.2413053e-05
1,0.07778487,0.000119444805
1,5.851976,0.009052912
1,0.30991903,0.00047858828
0,0.005771746,8.030599e-06
1,0.016230298,2.4211417e-05
1,4.9007072,0.0075811683
0,0.0065019135,9.160269e-06
1,0.013383652,1.9807265e-05
0,0.02425493,3.6626625e-05
0,0.0061356705,8.593641e-06
0,0.0019844768,2.1711735e-06
1,1.2202225,0.0018869528
1,0.01691267,2.5267142e-05
0,0.0030278694,3.7854452e-06
0,0.004484744,6.03943e-06
1,0.09603227,0.00014767604
1,0.062382434,9.561512e-05
0,0.0065951343,9.304495e-06
1,0.043059718,6.572022e-05
1,5.2005024,0.008044993
1,1.0046626,0.0015534521
0,0.005118531,7.0199862e-06
1,0.08607924,0.00013227733
1,0.062343232,9.555447e-05
1,3.9950442,0.0061799837
1,5.0051713,0.0077427886
1,0.08999738,0.00013833924
1,0.048152264,7.359909e-05
1,0.06752258,0.00010356762
0,0.009348996,1.3565098e-05
0,0.012775425,1.8866254e-05
0,0.0047339154,6.424933e-06
0,0.07470707,0.00011468302
1,0.023477709,3.5424157e-05
0,0.0023587777,2.7502685e-06
0,0.031447668,4.775478e-05
1,0.014298737,2.1223028e-05
1,0.022907672,3.4542234e-05
1,2.3589396,0.0036487048
1,0.08428876,0.00012950721
1,0.07664661,0.000117683754
0,0.00906081,1.3119235e-05
0,0.0014957688,1.4150751e-06
1,0.19959444,0.00030790095
1,1.2217458,0.0018893096
0,0.002818036,3.460804e-06
1,2.3616352,0.0036528753
1,3.1514828,0.004874878
1,0.044903576,6.8572925e-05
1,0.016038017,2.3913934e-05
1,0.065311804,0.00010014725
1,0.11409836,0.00017562676
0,0.030293351,4.5968893e-05
1,0.39990306,0.0006178059
1,0.020189513,3.0336865e-05
0,0.011657758,1.7137068e-05
1,0.07388059,0.00011340434
1,0.07536196,0.000115696224
0,0.01044039,1.5253633e-05
1,0.17096251,0.0002636034
0,0.008358944,1.2033351e-05
1,0.01851498,2.7746133e-05
1,2.4725275,0.003824441
1,0.058407206,8.946489e-05
0,0.003696406,4.8197635e-06
1,0.06394727,9.803612e-05
1,0.44029862,0.00068030343
0,0.0011295706,8.4851627e-07
0,0.016439676,2.4535353e-05
1,0.02557909,3.867528e-05
0,0.0018419971,1.950738e-06
0,0.0099707395,1.45270205e-05
1,0.51801693,0.0008005443
1,0.15024634,0.00023155265
1,4.877165,0.007544745
1,0.087950125,0.00013517184
1,0.11194221,0.0001722909
1,1.1402583,0.0017632372
1,0.5375267,0.0008307286
1,0.028995106,4.396033e-05
1,4.9383183,0.007639358
1,0.09178469,0.00014110445
0,0.003935051,5.18898e-06
0,0.013538161,2.0046313e-05
1,0.08157284,0.0001253053
1,0.5331592,0.00082397147
1,0.13251017,0.00020411237
1,0.09618416,0.00014791102
1,1.219613,0.0018860098
1,0.08813783,0.00013546225
0,0.009441385,1.3708036e-05
1,0.80811816,0.0012493707
1,5.1939015,0.008034781
1,0.04613996,7.0485774e-05
1,0.065575,0.000100554455
0,0.0016500547,1.6537766e-06
0,0.005057303,6.9252574e-06
1,0.07187251,0.000110297566
0,0.0016341544,1.6291766e-06
1,0.012641838,1.8659577e-05
1,0.08379311,0.00012874037
1,0.046507478,7.1054375e-05
1,0.06032016,9.2424496e-05
0,0.005746065,7.990868e-06
1,0.018220013,2.728978e-05
1,0.115844,0.0001783275
1,0.08119289,0.00012471747
0,0.0060078423,8.395873e-06
0,0.014636143,2.1745042e-05
1,0.034053862,5.1786923e-05
0,0.014914572,2.217581e-05
1,0.06795259,0.0001042329
0,0.07577244,0.00011633129
0,0.002810153,3.4486084e-06
1,0.06556607,0.00010054064
0,0.0024670057,2.9177122e-06
0,0.0025683518,3.0745086e-06
0,0.012948855,1.9134573e-05
0,0.0072328085,1.02910635e-05
0,0.0048306864,6.574651e-06
0,0.022831473,3.442434e-05
0,0.0037350396,4.879535e-06
1,0.04285987,6.5411026e-05
1,0.01362714,2.0183974e-05
0,0.032893024,4.9990947e-05
1,0.028612085,4.336774e-05
0,0.003392098,4.3489567e-06
1,0.107639275,0.00016563367
1,0.1152348,0.00017738498
1,0.082092665,0.00012610955
1,0.070091136,0.000107541535
0,0.0075231264,1.0740226e-05
0,0.003584337,4.646377e-06
1,2.2850084,0.0035343233
1,0.089195415,0.00013709848
1,1.9560484,0.0030253765
