actual,anomaly_score
0,3.4074432812136792
1,3.54787453991821
1,3.483239917668077
0,3.707086637408793
1,3.4399675210314546
1,3.443085326041633
1,3.47107150374117
0,3.420484045714857
0,3.4111107000918417
1,3.5097338586753226
1,3.6996394445109866
0,3.5991803166968968
1,3.495432407785099
0,3.5310376466338567
0,3.595248328129704
0,3.5224153066008745
0,3.443121991297894
0,3.6500752838471078
1,3.5866690917432935
1,3.5014443014075
1,3.6624806313716096
0,3.484977877493484
1,3.719375439752112
0,3.5435983172169516
1,3.4402563752550464
0,3.694568357709967
0,3.4474175096233517
1,3.537288941170715
0,3.447705860859729
0,3.4164204039481048
1,3.534209160524941
0,3.5458741631559225
1,3.4194053138606755
0,3.5005754361054775
0,3.6529069193583545
1,3.572226755774785
0,3.425774444839755
0,3.4643352522438278
0,3.4309447796674335
1,3.5456072627784008
0,3.585907821871505
1,3.4753084208102187
1,3.7941052265778032
0,3.474233236708682
0,3.3979938671260657
1,3.6554826172480226
1,3.7392251614521808
1,3.442124066390376
0,3.575322770553811
1,3.7098374043256146
0,3.435505005132847
1,3.4225102774717473
0,3.514164006480037
0,3.7058644661582067
1,3.4615080882293427
1,3.441529793454923
1,3.4495170683050453
0,3.56929356290207
1,3.8521690890912414
0,3.5433868612246875
1,3.447238192368113
1,3.5635922566453564
1,3.4736444933021375
0,3.520098781229304
1,3.490422924820787
1,3.487180771716983
1,3.426570332344369
1,3.422406462222107
1,3.4916393985146894
1,3.4206072016459648
1,3.4384001835604625
0,3.539724462784061
0,3.4148777068150626
0,3.4212302308134164
1,3.8562224239030956
1,3.513775287527998
1,3.4745355632277883
1,3.4148403918804413
1,3.4180223442367446
1,3.4492501796543387
0,3.5028179172764515
1,3.5902546262939397
1,3.4708941119010426
0,3.5097191954963263
1,3.438913618172446
0,3.426263049762135
0,3.570754637391271
0,3.647417240293244
1,3.5598317781140336
0,3.692090740325704
0,3.5895959430007442
1,3.474912126477224
1,3.506762583832392
0,3.6052823271756744
1,3.487641519319725
1,3.479580919034481
0,3.4211627813062337
0,3.4829696609731897
0,3.5853302944477803
1,3.462279520520479
1,3.5173172396230314
1,3.537670565713431
0,3.63391732614903
0,3.5842366554218317
1,3.444887429996928
0,3.4436772939670823
1,3.455632634092322
0,3.558632338262465
0,3.5630414025006485
1,3.5206759057276424
1,3.44472022914475
1,3.489310576917836
1,3.543456547561959
0,3.5803297386699247
0,3.397102557703799
0,3.530951217115939
0,3.552247620698318
0,3.5077230383062363
1,3.413641534261331
0,3.468566997907965
0,3.3810395147665426
1,3.432942139862863
1,3.4520488582672044
1,3.49366943495983
1,3.5893337355078856
1,3.781978717712031
1,3.5185243872144114
1,3.530199764263579
1,3.5205889529476995
0,3.505282988078598
1,3.5866195756914654
0,3.4689293961790284
1,3.479828160489555
1,3.701649869148449
0,3.4736662857622616
0,3.6450328567704946
0,3.58089237656787
1,3.5040949973704487
1,3.4715770783927318
1,3.463584159002667
1,3.572017666549555
1,3.5244184777436702
1,3.587484393877778
0,3.396310888882394
1,3.4195695767062704
1,3.6402973767616342
0,3.4011617531201717
1,3.6655590434052
1,3.5152610723534257
1,3.5524214337603532
0,3.660819619458359
0,3.592136724586295
1,3.428773096290657
0,3.5229288990323844
0,3.4964147613421765
0,3.381359931845065
0,3.5155774737978858
1,3.4603219813479567
0,3.4502490316411016
0,3.5252197150254694
0,3.5718285704847585
0,3.6001368605132167
1,3.5333523394718163
1,3.470820598911707
1,3.543360918324797
0,3.6279039499955754
1,3.498682008714159
1,3.487443612450776
1,3.4521703206051586
1,3.5585280310188696
1,3.4273807844763353
1,3.4634302897958804
0,3.4068227773423674
1,3.5126663295827685
0,3.630904963603461
1,3.4548151885592477
0,3.5216604952499555
0,3.5467204496862728
0,3.407721397007531
0,3.6073308150341803
1,3.6566135737966223
0,3.3872445877115354
1,3.6266323792179844
1,3.7146633294406453
0,3.596389392044829
1,3.4499472308008805
1,3.408126204067775
1,3.437947552353807
1,3.747142102809997
1,3.4506628723546213
1,3.4963802761840355
0,3.5741770317400183
0,3.568009088462302
0,3.5718435526791104
0,3.4517698837396917
0,3.557244260926185
1,3.4270887379177766
1,3.465892688397363
0,3.7982608099745767
0,3.523181446545984
1,3.508200705963145
0,3.533861461374258
1,3.4765461808767024
0,3.5091735502903005
0,3.5387378509054086
0,3.4282250082196466
0,3.7372760858956893
1,3.461564729488469
1,3.511063998834935
1,3.4753789698420348
1,3.5234398709187533
1,3.83656637762398
0,3.6043208364944808
0,3.754579374796046
0,3.393334792701551
1,3.444648940835309
1,3.4986640605057224
0,3.6511652347502572
1,3.4600288825306653
0,3.493171863098882
1,3.5946692087846186
0,3.43949156625981
1,3.4689269141894177
1,3.617990577102227
0,3.4065219031971807
0,3.4013700843667576
1,3.583860071813081
0,3.4044311015811717
0,3.5871533337867847
1,3.4462679920501302
1,3.463408923742599
0,3.518139955583527
1,3.409939988549016
1,3.4735151569953535
1,3.566551380496432
0,3.7402646242342215
1,3.5073518985776904
1,3.5488889114844158
0,3.5323159561109434
1,3.4139681657459606
1,3.4628744725284544
0,3.4988715912827337
0,3.410616681836478
1,3.5797518048389234
0,3.5905413817235785
0,3.387415950417279
0,3.566763034996934
0,3.5710666053559845
1,3.436769801993412
1,3.523299392665414
1,3.5047772644977293
1,3.5064597757162694
1,3.5567370419050777
1,3.4205039193257254
1,3.544108979019205
1,3.768414469656406
0,3.623200959684906
0,3.4815024352054036
1,3.6052637812221624
1,3.594755931328204
1,3.480014551989678
0,3.3957055858897824
0,3.750668747235255
0,3.5025638616104455
0,3.4030114496616726
1,3.497745119838955
1,3.4168716747221426
0,3.6376382053067835
0,3.454684053787401
1,3.5500220171931187
0,3.394249583874691
1,3.4629024516791347
0,3.539867859104248
0,3.5723870184072273
0,3.586232466344277
0,3.4073434264066162
0,3.424058359586886
1,3.4590347645013453
0,3.6681928930195706
0,3.6690962938230602
1,3.4345230991206765
0,3.390186903200397
1,3.5490603391289355
1,3.4697661367865917
1,3.6424759693533746
0,3.696614441316969
1,3.4795925148769693
1,3.5159377026944902
0,3.6991443128013493
1,3.4671498891829957
1,3.777507980644168
1,3.644501916758471
1,3.4158255711791723
0,3.566713722902499
0,3.5765175637212496
1,3.5117976664212334
0,3.5380738523996267
0,3.574220988780154
1,3.506986920376416
0,3.415088893239862
0,3.4184216306254496
0,3.3831657918708076
1,3.455228548011453
0,3.6255095359044014
1,3.4271213284784903
1,3.4441534926104316
1,3.815817347246551
1,3.480683720494364
1,3.632045626125945
1,3.4880565152599203
1,3.4615094042401626
0,3.7242572559289986
0,3.452073439840029
0,3.457593515486505
0,3.5309873245206127
0,3.436535575419217
0,3.3793747160111285
1,3.5173172396230314
1,3.5000781957140874
0,3.582735571373473
1,3.602340021138273
1,3.4951520588436944
1,3.7325001033092566
1,3.6605163582819036
0,3.464630440415568
1,3.463205471169556
1,3.4654043229289377
0,3.5011814008863773
0,3.6474787296159024
1,3.5268750207867186
1,3.4371789322750543
1,3.480984747010967
1,3.4229342002687186
0,3.5091135957778254
0,3.587519420995306
1,3.5242254067445247
1,3.458619052259108
1,3.431950384464784
0,3.5773378848470854
0,3.4650962598110575
0,3.396203833401617
0,3.584192993988491
1,3.584806016328371
1,3.641971381378802
1,3.587921726990495
1,3.467799294427159
0,3.5815213210888786
0,3.592275943422675
1,3.5116082875981767
1,3.5700362235558147
0,3.3917972270791483
0,3.6755849796184927
1,3.924585929590768
1,3.4779147966838395
0,3.4031940085778105
1,3.469567741058288
0,3.605347937583763
1,3.470412293410801
0,3.4588767387223824
1,3.6564696795680924
1,3.5070143900907436
1,3.530037940168977
1,3.712804619507728
0,3.5817592066831305
1,3.4161930600024877
1,3.483056323923134
1,3.4181285967355315
1,3.6714563469970822
1,3.506858060063002
1,3.5090371450701725
0,3.384529775453246
1,3.463877121732103
1,3.753242522365023
0,3.4395740420241037
1,3.439805808340213
1,3.627541353206901
1,3.556903297036684
0,3.4759745668126376
0,3.419291547817834
1,3.4500234125288167
1,3.4836425693089432
0,3.738047667507058
1,3.469544631394869
1,3.7110746985576797
0,3.3828215344402355
0,3.3983818021073735
1,3.455124097262079
0,3.5735038760501405
1,3.4439554818004336
0,3.589903372136257
1,3.5157369839113772
1,3.410650554580158
0,3.38789850016434
1,3.652578741242803
1,3.5243557969275234
1,3.6472811171000235
0,3.672958617471263
1,3.4654302272107285
1,3.4797431306708484
1,3.485580333738814
0,3.558878474562293
1,3.4765229565328726
0,3.5644407603896275
0,3.593139983141876
0,3.6617811992915823
0,3.4273149344000595
0,3.598556309790226
1,3.6466692959224387
1,3.578936661597246
1,3.54708238839244
1,3.6348530011927673
1,3.503968026877718
0,3.5975974740825865
1,3.4192876647663697
0,3.444467665122524
1,3.4929421039688004
1,3.458823520845505
1,3.4992121826452895
0,3.449491391239049
0,3.568832252889944
1,3.416748536785649
0,3.569327562803053
0,3.459205732448209
1,3.4719879808798737
1,3.5762826818527658
1,3.4338600205460965
1,3.476341647308046
1,3.468484738066729
1,3.4261808556336137
1,3.4474347132112784
0,3.9153601500928943
1,3.6025252342884015
1,3.420113256508082
0,3.523584453622943
1,3.470741259663705
1,3.4283162830348393
0,3.571046938665112
1,3.422687983964712
0,3.567866970918059
0,3.6553251687246178
0,4.079053817894035
1,3.4344754787255547
1,3.4139405546798414
1,3.522847426290357
0,3.6527041811153746
1,3.5213106235973584
0,3.378034173831699
1,3.6547585536647653
0,3.5264690710972793
0,3.4294112284740255
1,3.504771638965735
1,3.4717797999818485
0,3.472012553652825
1,3.4354014659300716
0,3.6632824860015827
0,3.544455434088882
1,3.5795115388528442
1,3.412087435779661
1,3.7716964969361073
1,3.4770546022183724
1,3.484193640986859
0,3.560958450394886
1,3.8196608015862035
0,3.3744516223740777
1,3.492484697331886
0,3.7647302603700057
0,3.5770551320182604
1,3.5393991062896553
0,3.51825438293299
0,3.588755284095653
0,3.4552793361621608
1,3.6279148996323443
1,3.4910360060756034
1,3.4663600239003065
1,3.474232924350893
1,3.4212760080774633
0,3.3999033380695396
0,3.387415597352096
1,3.4294722766434256
1,3.776678472436402
1,3.431967843156884
1,3.4484972965015346
0,3.5578202777683354
1,3.5908704550023844
0,3.696614441316969
0,3.4534351704970665
1,3.5093554798395226
0,3.5168695539334767
0,4.064518459462373
0,3.564318483585163
1,3.4632724120357943
0,3.534123812028505
1,3.492022592432567
1,3.454891074302885
0,3.5260962485418865
0,3.5711656085805257
1,3.6666049467509128
1,3.606068111512385
0,3.404974713921505
1,3.5016392262344995
1,3.4749496192947857
0,3.4466144385939477
1,3.494450559739089
1,3.5150034835883592
1,3.4699438958517006
1,3.504285852538589
1,3.663826518951637
1,3.499753221287984
0,3.5307512058506596
1,3.425735393885722
1,3.649365311976901
1,3.5047691467374813
1,3.416561547756993
0,3.5522081901344316
0,3.4664490179782153
0,3.443799348141272
0,3.4019737034921382
1,3.5200411397928737
1,3.545856135167743
1,3.462775954484089
0,3.6011600651304114
1,3.411774376451461
0,3.500346523529816
0,3.3841522994237336
1,3.8771526473319686
1,3.4629024516791347
0,3.5990002132609673
0,4.131858606719103
0,3.5813596268061545
1,3.48343181965951
0,3.482378693662216
1,3.6512083860281077
0,3.6161902087398405
0,3.411546584555543
0,3.542376816904528
0,3.677786560819032
0,3.5664757835218373
0,3.4345160964890122
0,3.489494336757493
0,3.6906216118764466
1,3.5394894445809255
0,3.4104914255878676
1,3.452960588780501
1,3.4903660553389875
1,3.5828605595176737
0,3.5665153238292495
1,3.4232218786556667
1,3.520142074640624
1,3.4249835732654716
0,3.394786260844525
0,3.4104229352626723
1,3.4836425693089432
0,3.5384439383005772
0,3.440475966881789
1,3.477128611023758
1,3.4630132612772386
1,3.7505584778296623
0,3.5732279473411896
1,3.582966682651827
0,3.447256681054479
0,3.4826225980284518
1,3.626037223479488
1,3.8372107157619086
1,3.457125832970369
1,4.00719023766993
1,3.4460644877943722
1,3.5751468895287655
1,3.513296109874113
1,3.428059230115932
1,3.579916801121134
1,3.732543504956964
1,3.4922794480832065
0,3.5620790568310863
1,3.448384795896965
1,3.473335640964415
0,3.701419849258914
1,3.466330271713939
1,3.5147624669678965
0,3.5900092744783656
1,3.4180342706332376
0,3.4323068009506534
1,3.591108399400365
0,3.6130420373080776
1,3.4663819639204587
1,3.4583153900740733
1,3.6795594589034986
1,3.4248062953741494
0,3.416066288529627
0,3.6149651717976905
0,3.605376951840644
0,3.5618890961774
1,3.4594989083770145
1,3.767047369143523
1,3.4848356360502195
1,3.481140394331529
0,3.5753913366774355
0,3.452662509883927
1,3.7058228216570064
1,3.72589829361689
1,3.62522270616137
1,3.472045119398356
0,3.5136269267112583
1,3.4182209413050084
1,3.4342692061932762
1,3.731230027301478
1,3.4225087899969613
0,3.49927054938452
1,3.4720644692584823
0,3.5093288906671876
1,3.5358885799170428
0,3.403702229367384
1,3.477184070302241
0,3.575191254872674
1,3.41307227472924
0,3.4932674214774155
1,3.485580333738814
0,3.516170355423094
1,3.644696098561021
1,3.4572643174354756
1,3.5057287768030627
1,3.4803065165302063
0,3.4208645544391234
0,3.607262267356223
1,3.4767941846038743
1,3.6528452801988665
0,3.5940287638938875
1,3.418631390846865
0,3.4965647135079756
0,3.3760273930953764
0,3.5673244446598127
1,3.4418012317412288
0,3.587234175084032
1,3.5682500508777832
0,3.5921387388124266
0,3.41117376308742
0,3.392663019929598
1,3.4589387481123857
0,3.577338141751697
1,3.4165043348392614
0,3.4477368348326376
1,3.490762599769939
1,3.6213972443418054
0,3.5814890066636567
0,3.517850637478773
0,3.4493280347167317
1,3.479405686931721
1,3.4123116832264393
1,3.416561547756993
1,3.6558465806628306
1,3.500116390737266
0,3.4199000895090044
1,3.5176202210028444
1,3.507684608647804
1,3.946188980959779
0,3.67248481783597
0,3.6012489583585623
0,3.450965806492769
1,3.463288809536383
0,3.582838851097364
1,3.4585353605147473
0,3.4201746389420205
1,3.6075412617650993
0,3.4468311582728437
0,3.4262590020526424
0,3.5727646654608396
1,3.468858082298153
0,3.438669695933041
0,3.5842544429960514
1,3.4181285967355315
0,3.506564803307824
1,3.6141970534835623
1,3.46708654153957
1,3.4505016473999452
1,3.485706384214191
0,3.5732330311785674
0,3.547966164199623
0,3.540328993068815
1,3.519670701506317
1,3.5282077215233287
1,3.4658153360262487
0,3.507333689645161
0,3.6980489216932244
0,3.3890400616113348
0,3.430033439185106
0,3.532376935536112
1,3.5173915905019193
1,3.6227578985680475
0,3.56015538346655
0,3.628851447109859
1,3.421203771492372
0,3.4215188453414607
1,3.46588942634524
0,3.4397521755914884
1,3.502318897611608
1,3.872224479160588
0,3.4943670820153208
1,3.411843252636685
0,3.49817709161801
0,3.745487966263576
1,3.473994602210516
1,3.431914007315697
1,3.536624083048087
1,3.7474299272991547
1,3.498548270714292
1,3.4765991771350584
0,3.6327136079498326
0,3.5704642791649426
0,3.4124900107657687
1,3.5281240431722587
0,3.439688301877744
1,3.6146612741171302
1,3.5704816427552974
1,3.477331496998102
1,3.421886211624743
1,3.4907829015672007
1,3.421830103298349
0,3.5295068703510295
0,3.485804742542331
1,3.461714801360182
1,3.4771021106671443
1,3.8557049646969697
0,3.387535023283908
1,3.453963462876526
0,3.4918962362769745
1,3.4510819187029806
0,3.4773757120574396
1,3.5159377026944902
0,3.5685994685717337
1,3.499741596003338
0,3.5285276661956586
0,3.5295591849389965
1,3.4670878594124344
1,3.654844198852942
1,3.5751507875748945
0,3.4906961528589204
0,3.442728662938621
0,3.427981028468617
1,3.4231358600210195
0,3.383449613756373
1,3.56206859960321
0,3.683410184793356
1,3.618758689667357
0,3.4706297612177153
1,3.6608840302971815
0,3.606365657372137
1,3.532166646741503
0,3.4034665494883236
1,3.4385229279072727
1,3.500149399184015
0,3.528382593327762
0,3.4036706498083604
0,3.612281739919499
0,3.554606417286337
1,3.7626526134912077
0,3.6508228974294523
1,3.423358302649701
1,3.448335600539681
1,3.416532055533656
1,3.704961482868914
1,3.46368276544575
1,3.4671084452822796
1,3.616618743691641
1,3.476148900543869
0,3.512287076125821
1,3.5809469444231983
1,3.435757817098142
0,3.6273552792574115
0,3.5205579477612248
1,3.664148106238188
1,3.5069969781708386
0,3.4155852264818
1,3.6714559257682473
1,3.6780040756861467
0,3.409095064478854
0,3.704615480787736
0,3.4019445996069155
0,3.4001665979330267
1,3.5839580452048176
1,3.4444522626875673
0,3.5651013851240467
0,3.418339352565767
0,3.4679109331814537
1,3.4196180050530613
1,3.4803065165302063
1,3.490116984426504
0,3.571627756036998
0,3.4449987040728822
1,3.472246787167555
1,3.5893796067461605
1,3.434646698379346
1,3.638924621057369
0,3.6328025717645653
0,3.571697844912832
0,3.397679726127568
0,3.382094001736644
1,3.4217026043991967
1,3.5857792994515787
1,3.4225102774717473
0,3.5599859768635866
0,3.5996349348852816
0,3.573248915038491
0,3.3944749230065376
1,3.538518545750313
1,3.793089410926382
0,3.427563995124094
1,3.5047101142833954
1,3.573041706560702
1,3.56807881474024
1,3.4282827815364967
0,3.596046279678141
1,3.4367687741366124
0,3.396835449675711
0,4.039346858588087
1,3.5165664610097083
0,3.6326008792396856
1,3.577644339524944
0,3.5127016936856212
1,3.5655631191847426
0,3.668151225797247
0,3.598008362087042
0,3.7673581635339906
0,3.5363606818077127
1,3.4481486462321187
1,3.422169599385968
0,3.4437847008616025
0,3.514318453289698
1,3.4196174924840363
0,3.6115992848386367
1,3.9589436758512777
1,3.8202992345087035
0,3.589660152859592
1,3.5149370097427592
0,3.7067966003223947
1,3.4772663245179256
1,3.4512937243211583
1,3.556451518793541
0,3.442207850640182
0,3.580275974485218
0,3.6566157632475353
1,3.5076738193774757
1,3.475956360316184
1,3.5467867612659743
0,3.5280416318308427
1,3.5617661034992616
0,3.4399497708021243
0,3.660738320530427
1,3.640507442201252
1,3.512057028375682
0,3.3766711171101744
1,3.4242669302434194
1,3.4951208478306626
1,3.4596710475460717
0,3.5801263320098
0,3.476717331248467
1,3.4287716567659676
0,3.442497445695589
0,3.4358632899798915
0,3.404011485447575
1,3.4925223832661167
0,3.520629824986182
1,3.5633900236731475
0,3.387843562029915
0,3.5697034251138673
1,3.4173425921933633
0,3.4825801604050377
1,3.4112137814852903
1,3.5220939257985835
0,3.6029856496293933
0,3.683931710394388
0,3.9283514966126294
0,3.381260779990635
1,3.479377670747439
1,3.5013867837837442
1,3.469818927136786
1,3.4775548163200076
0,3.5037713429949946
1,3.54323819128437
1,3.640218152007736
0,3.3995202323939315
1,3.406992360734837
0,3.7820597979816624
1,3.580473753145346
1,3.572178683194011
0,3.3960779072190714
0,3.5688701777347585
1,3.454342296282245
1,3.4176227491432294
1,3.604681685236443
0,3.559592997564665
0,3.402426996310419
1,3.4865851652465403
1,3.5453977377659975
1,3.4693242404629623
1,3.483431872962922
1,3.456117655136348
0,3.458103110384071
0,3.4370797535382267
1,3.499506288667778
1,3.4989696931133634
1,3.485879615139027
0,3.612822336432813
0,3.79351041775125
0,3.5486266353797733
0,3.4209420837262243
0,3.540715973752478
1,3.477642946258028
1,3.515344535238588
1,3.4526950366877167
0,3.575386691308213
1,3.4528920068851594
1,3.4740035940740954
1,3.417355404414278
0,3.5866670973902446
0,3.554378983435284
1,3.589928652256885
1,3.4992732208562627
1,3.4713506361258473
1,3.416298185657292
0,3.4922413236668572
1,3.450240099762092
1,3.4665108925918
0,4.067784866750965
1,3.4953708087365145
1,3.4799475307575523
0,3.5936628444251544
1,3.600585789707786
1,3.60221396609588
0,3.4523532780090296
1,3.4916998454053476
0,3.598157864566654
0,3.7912072383640623
0,3.79094505201607
1,3.480253775016006
0,3.3842510401578942
1,3.5108100379447786
0,3.3747520734741006
0,3.47388687684402
1,3.4228668529074677
1,3.66283069133235
1,3.4278883619719944
0,3.685204987617792
0,3.4402366258654804
1,3.7268133793325924
1,3.47149587513582
1,3.5851474543646193
0,3.4479214038108754
0,3.3779073007919207
0,3.632470281719311
0,3.4033770743396734
1,3.5771198830672613
1,3.562912012103595
1,3.4194095788019405
0,3.6918590911503233
1,3.727382915502792
0,3.52043400754723
1,3.5446358432850382
1,3.5421138096406004
0,3.648355286907194
1,3.4948019763355584
1,3.492636171712244
0,3.568740405814194
0,3.6159533273721323
1,3.409406849348181
1,3.455926804495226
1,3.438910060363089
1,3.7773903305774925
0,3.419846594410046
1,3.4985140852982695
1,3.43024915578896
0,3.394154150511213
1,4.00105298245911
1,3.51874701645952
0,3.4524012261869927
1,3.474394578981506
1,3.4835755558813055
0,3.51490674455258
1,3.4869119589739808
1,3.4877325841300895
1,3.723957211676111
1,3.489921874694376
0,3.9290051422379584
0,3.500459971946758
0,3.598129097194959
0,3.5515542175025216
1,3.548713182344687
0,3.6689203878796692
0,3.60662012213402
0,3.822961084950051
1,3.419934598553445
1,3.4641515690703795
1,3.5667018651864844
0,3.448234809778554
0,3.7512791718774072
1,3.4140378305315715
1,3.4635280690071255
1,3.467969896737589
1,3.487939785376655
0,3.474614278722751
1,3.448422415617533
1,3.435967187128607
1,3.602489200851427
0,3.592384813351065
0,3.626310503981851
0,3.5616949261277995
1,3.457947490850727
0,3.5919225760869136
1,3.4755119165787636
0,3.6655509534789745
0,3.4055443813882604
0,3.5791060437977125
0,3.582901570940965
1,3.4456172319044946
0,3.6327946036325343
0,3.585335730784579
1,3.5585835826109453
1,3.470932992096403
1,3.4514733451145165
1,3.425918041532133
0,3.426628570201122
1,3.887844947419266
1,3.4402563752550464
1,3.4852425250601105
0,3.395681566675521
1,3.4795548663367692
0,3.5307496577000337
1,3.6305110029255125
1,3.5654719439882108
0,3.4426642018859748
0,3.5745861608370433
0,3.4178341694338235
0,3.4621242430849075
1,3.4896711408714918
0,3.4941229843912907
1,3.610514772372666
1,3.418697793920251
1,3.574141055191815
0,3.39697121991457
1,3.467860472029854
1,3.461911996312604
1,3.4660110072771344
0,3.4331904125404535
1,3.4681253809755157
1,3.424521615035804
1,3.627697172660636
0,3.400207965494664
1,3.637458066685886
1,3.4724448202672256
1,3.6128956313161416
1,3.431967843156884
0,3.700497569627349
1,3.475154888221516
0,3.5036688670635634
0,3.565595162262744
1,3.509128883937378
1,3.4341780874096077
1,3.6043612140505115
0,3.536607472565358
0,3.3945418436364636
0,3.405608056909219
1,3.6479865625947983
1,3.4779611307852867
1,3.5087482693051095
0,3.7268753995654493
1,3.684990869351962
0,3.4956753158190756
1,3.4836035941074495
0,3.652134629123306
1,3.4443791986673395
0,3.711473474300292
0,3.569574940413545
0,3.4001429658024045
1,3.5213858269665
0,3.545664877610513
1,3.4211050225757496
1,3.435837306136983
0,3.6202134716842163
1,3.610898773046124
1,3.8107975963816427
1,3.669926534486081
0,3.403068138726384
0,3.394470053235011
0,3.411597357350182
1,3.4542281851807624
1,3.535013695267162
1,3.5108037402091803
1,3.4637931350453974
1,3.7120103959250352
0,3.6122802620122223
1,3.5791848747071247
0,3.4456558328483187
0,3.5626076901217494
1,3.4179103625440876
0,3.4390995182865356
1,3.416173338263912
1,3.748030286791168
0,3.4797776658098734
0,3.3857543333863416
1,3.414705289750263
1,3.4872655829476513
0,3.541575325021421
1,3.5775835989530353
1,3.527806268663937
0,3.6807961119421173
0,3.6957561455655155
1,3.4780404523743997
0,3.404906261471884
0,3.5806774900035885
1,3.513066497854491
0,3.4235224013506804
1,3.6627852755447337
1,3.457089290569405
0,3.7063293748879818
0,3.5155810318451612
0,3.430318215003012
1,3.538722214504324
0,3.573358855626105
0,3.602540603880253
0,3.3967886488012105
1,3.42158489478211
0,3.614935327458374
1,3.5885796475614646
1,3.6827212608297586
0,3.59222067493206
1,3.4142197968106918
1,3.504366064555856
1,3.7588879189961415
1,3.503298457245074
1,3.588733314154978
1,3.5810035697705103
0,3.467914128409633
1,3.4300190533096924
0,3.614569966612467
0,3.576410914447237
1,3.665320935878729
0,3.5185972811550474
1,3.420520821567487
1,3.6558448402636485
1,3.4483432339154967
1,3.4777240264779246
0,3.4777196066762377
1,3.6388894403363845
1,3.5940007104636367
1,3.4576488100532807
1,3.4329670500096605
0,3.49755656176655
1,3.507355590145786
0,3.6930015095771176
1,3.5065881362125864
1,3.5399383143056244
1,3.633425250282846
1,3.5637869330908836
0,3.4149935821412787
0,3.5697321585099995
0,3.4065771667559432
0,3.401764757351662
0,3.5786683890520186
1,3.42847949176027
1,3.5235793685564967
0,3.6584022098336417
0,3.622424324231389
0,3.4335874474583328
1,3.4527766949203214
1,3.4554212095291432
1,3.482082420188863
1,3.413662346915944
1,3.5386565700235897
0,3.5799635538959302
0,3.606150198622231
0,3.603743257642856
0,3.8288049719893635
0,3.570804235568376
0,3.4853083565158673
1,3.4751922803107482
1,3.5506681139181873
0,3.4130286423682055
1,3.4767260552783408
0,3.5549597536275663
0,3.5633169304912067
1,3.69396250165876
1,3.475505714175225
1,3.5368481047581635
0,3.6752881919161227
1,3.4971122435449007
0,3.43950545434738
1,3.533264485574326
0,3.4821355857225007
1,3.4788993680236575
1,3.5905070238821355
1,3.693753409748701
0,3.583792582995613
1,3.4765561680062094
1,3.50780274947484
0,3.534015848578002
0,3.6460226763676475
0,3.507892855711983
0,3.4781491889882075
1,3.475376117029614
1,3.524459709057667
1,3.411222533814648
0,3.6484568886102564
0,3.3891761948842327
0,3.663581623551595
1,3.437800350273452
0,3.427918565152131
1,3.632618288975497
0,3.4831460262442664
0,3.5356846603868957
0,3.400146840090786
1,3.581043959293269
1,3.4779319946639586
1,3.5658715568444164
1,3.4452499002909875
1,3.5375016185021098
1,3.4199546462053485
1,3.4591577158737423
0,3.817748414323844
1,3.4727418645875523
1,3.8664779328599392
1,3.623926980102063
1,3.542149227611921
1,3.4715485921351426
1,3.605792345157563
1,3.4246381728707562
1,3.4732682719625685
1,3.5567412243545102
1,3.4446566027163357
0,3.5945749970261685
1,3.4483781748868187
1,3.628498231293435
0,3.5474317065196788
1,3.5331809891235726
0,3.5879146420637005
1,3.778974459744064
1,3.440782508272441
1,3.52377904852995
1,3.4914349679726815
1,3.417867408220426
1,3.5301847581837453
0,3.4678514185829106
1,3.430032971655223
1,3.5137435050317696
1,3.6108162582722088
0,3.4503831624201604
1,3.490960799209954
1,3.503511431662333
0,3.5963483395175584
0,3.5987849098186744
0,3.3900325469121775
1,3.432913697834598
1,3.5331005076890496
0,3.46228687468325
0,3.6163700240933196
1,3.4433771971346387
0,3.6134918897401143
0,3.6584872863953763
1,3.4410005509267547
1,3.5222567906331244
1,3.5143345512744575
0,3.6981712082043727
1,3.5592819042793855
0,3.5817755120112817
1,3.8429680594322924
1,3.4304475918399757
1,3.6345894254889384
1,3.4611705849100876
1,3.6045514858076952
0,3.5696792674523388
1,3.457089290569405
1,3.5512108286131983
0,3.5692834205183552
0,3.4370451542719787
0,3.411438545820115
1,3.501295618560081
1,3.452944126029452
1,3.596236938403449
1,3.4642589167520823
1,3.454119727619115
1,3.487641519319725
1,3.5801661406414866
1,3.703673284720579
0,3.588076488283265
0,3.581309814535142
1,3.457606770069181
1,3.5367141679507856
0,3.4284353418173343
0,3.5373482623989605
1,3.481176886052095
1,3.514297457620401
1,3.5572222919995236
1,3.540382114791737
1,3.4780235335768768
0,3.6990982852640837
0,3.6655833933949604
0,3.4540090717947907
0,3.449221199838171
1,3.5268660308220428
0,3.4617401885204475
1,3.4742449000565165
0,3.440611156567988
0,3.4066533345907883
0,3.4084022221761536
1,3.593378509035297
0,3.4195430424234976
1,3.4186983173182486
1,3.663078196925794
0,3.431968100749091
0,3.4782240537365245
0,3.4275975195199466
1,3.433704023893492
0,3.4237339686259776
1,3.458205996596457
1,3.4541058651693484
0,3.580377519584467
0,3.495231688250931
0,3.4100799980459557
0,3.588910662108674
1,3.471767917043792
1,3.503417612070057
0,3.4112840613448236
1,3.501409864530214
1,3.4696522462706616
1,3.602786853699292
0,3.4353833298553065
1,3.4684915040693403
0,3.382495222861993
1,3.4196180050530613
1,3.4493475999064676
0,3.3933034245138103
0,3.7047951651495152
1,3.490523123402254
0,3.6272672008469162
0,3.7280853576682627
1,3.4477612122517263
1,3.833656020906643
0,3.585323231961289
1,3.4769013144290675
1,3.5022401654358104
1,3.4205373313269316
0,3.5157411869439983
1,3.526758654464135
1,3.5550958009094065
0,3.594952085319481
0,3.426930101496266
1,3.5220853435141266
1,3.439458332926617
0,3.5790623359328166
1,3.531209825568668
0,3.5865016055636625
1,3.7128976115826067
1,3.513985117771224
0,3.5444151697444894
1,3.4885653448231775
0,3.4471362936427323
1,3.4261808556336137
0,3.4462139575726463
1,3.4329994920340052
1,3.4511235437327863
0,3.595296605620016
1,3.4491067857802675
1,3.4845713989721765
0,3.377143289069781
1,3.6246329194097506
0,3.52977903692411
1,3.6054641409939077
1,3.497095437104983
1,3.5033112957208536
1,3.459354172924894
0,3.706673899421356
0,3.705915329343518
0,3.4218707089738163
0,3.5709523302430863
0,3.572957486504478
0,3.3977676277465765
0,3.6063487491567368
1,3.4224752181611477
1,3.4711053578522577
1,3.509244031057299
1,3.7575207225397422
1,3.5515788235109493
0,3.485413433714029
0,3.435856602910661
1,3.5060953292145287
1,3.505553460312687
1,3.490797164342843
1,3.4368249953999404
1,3.4724600069165534
0,3.564394861937767
1,3.4888775425366365
0,3.529510056545682
1,3.4204121198542703
0,3.596399208105875
0,3.751085137012342
1,3.547511621812353
0,3.3995059110257833
1,3.7576836760066654
1,3.545705059293248
0,3.556685329089099
1,3.639264643324639
0,3.513605508173855
1,3.5371136582212186
1,3.421832115559508
1,3.47419631287512
1,3.5989915937803794
0,3.6877140921759803
1,3.4281583356819723
1,3.5805924738509556
1,3.579038327975747
1,3.7957393089516214
1,3.519631809057555
0,3.5953691226848696
1,3.5960517356419124
1,3.416171192774793
1,3.4961080681983563
1,3.4645339059105997
1,3.517031261948014
0,3.6311720681014465
0,3.5304897385444876
0,3.6981837558605064
0,3.6018394468320944
0,3.5938373512264343
0,3.6103785705892375
1,3.6382496902908454
1,3.5099830764083992
1,3.772697203761622
0,3.6076490900889877
0,3.4060884576120634
0,3.4837560557583727
1,3.6034198646871167
1,3.5051348932793878
1,3.42020805367695
0,3.407596351842112
0,3.5962497677565377
1,3.6217346658441705
0,3.4004508646816416
1,3.4177284260225784
0,3.4725875343194783
0,3.4191763519030447
0,3.83036829542549
1,3.572482884852306
1,3.54194270522648
1,3.408654609553705
0,3.4919413037217253
0,3.525974730888175
0,3.5367967953863353
1,3.446954084252899
1,3.4765087080472243
1,3.5945522972149275
1,3.4510518933049807
1,3.458209392983804
0,3.612779237150877
0,3.4632809549290626
0,3.654293620208029
1,3.4829977773564424
1,3.5099180202022575
1,3.4370557330085103
1,3.472871609882242
0,3.5590851220863704
0,3.593440409433043
1,3.479917095827929
1,3.4956101237897967
1,3.5438568994892545
0,3.3831739691964544
0,3.669238173737854
0,3.4889223096282547
0,3.9907815588344993
1,3.520566429556888
1,3.521265685863962
1,3.629971070170892
1,3.4180223442367446
1,3.479580919034481
0,3.593352488288694
0,3.4459435059281964
0,3.697068541564189
0,3.59767034218285
1,3.5530770341678077
1,3.567891841014889
1,3.435566751366792
1,3.4637676097230865
0,3.5643351463048254
0,3.594576160316945
0,3.4447073213522135
1,3.6118306490200243
0,3.5667924915712463
0,3.4671289924150295
0,3.6935477439910502
1,3.479156470464074
1,3.465292380762066
0,3.640625478127039
0,3.5093415102834786
1,3.513260109083151
1,3.41918677497744
0,3.573516176312568
1,3.4678225506160163
1,3.5160975102193825
0,3.5797391008577084
0,3.6638509405722655
0,3.7959451016842904
1,3.5047335650561653
1,3.565977870742295
1,3.7511467122012223
1,3.4772618025916047
1,3.468888117911136
1,3.4484776650721516
1,3.632914355010788
0,3.5894280284171223
1,3.4654862561639046
0,3.613274855564144
1,3.733646625813391
1,3.4888480840662917
1,3.425261704287797
0,3.4614502475912325
1,3.5108100379447786
1,3.5716275202674193
0,3.66111488580263
0,3.3772486658433336
1,3.4305571248285873
0,3.46869994303909
0,3.577787015198229
0,3.4385414267908323
1,3.416090865038428
1,3.4150489442561924
1,3.5110074960348276
1,3.5392246210059626
0,3.6641534112618688
1,3.691801261971584
0,3.504604919617942
0,3.5705710614131596
1,3.477675833602581
0,3.531620989360847
1,3.5100790825947787
1,3.4575762766941116
1,3.4563700247904956
0,3.5929534774555347
1,3.6815845497147146
1,3.424253200782944
1,3.5515344579111754
0,3.505598081465658
1,3.4225002384377157
0,3.3972204623754814
1,3.4565275969946674
0,3.536981187155707
0,3.6850520929764303
0,3.428166218211157
1,3.5097338586753226
1,3.440713124646781
0,3.528119551102368
1,3.4199546462053485
1,3.4182411669897914
0,3.4225001386952045
0,4.0973576329341
0,3.470904696887377
1,3.6228351871775
1,3.465590211600267
0,3.38930548631228
1,3.4891620695630228
0,3.7053008065170987
1,3.509418804687991
0,3.4256246626882865
1,3.413835892500872
0,3.688486545527776
1,3.4302416004182605
1,3.440500502550152
1,3.597882874392065
1,3.5058550808427125
0,3.5751651557121282
0,3.8926156144090474
0,3.6480779179769534
1,3.5926078154808088
0,3.4965385685278307
0,3.5016496697257793
0,3.38879427674338
1,3.4609159626540174
0,3.5977036436000565
0,3.7344428876946933
1,3.584262378920416
0,3.5656959236236956
0,3.4201897958248053
1,3.60805234989894
1,3.5231619917091335
1,3.4649071692223785
1,3.6685932545342355
1,3.4605223578000404
0,3.4316148739477432
1,3.4937520047445476
0,3.4648089305342933
0,3.4146810678607857
1,3.4908850644853286
1,3.5836979660820925
1,3.461275887553162
1,3.5101194514952008
0,3.7858470141101948
0,3.683410184793356
0,3.5811472130811497
1,3.4564561555685143
1,3.646119823927367
0,3.4227282177623395
1,3.488075407664087
0,3.5753056685220233
0,3.4165799684470275
0,3.54594929700784
0,3.683072419696864
1,3.4947745247956106
0,3.713248036068519
0,3.6042110743551468
0,3.770809542081483
1,3.514597163162595
0,3.581594089698836
0,3.648279237315834
1,3.490755980379272
0,3.4301963810608114
1,3.4275607910078634
1,3.7126565351453182
1,3.4813256859225548
1,3.495215919085715
0,3.4679129291199615
1,3.468150089184751
1,3.6086630984081793
1,3.4908652700705582
0,3.5058837757700756
0,3.591204654985739
0,3.4072843685732725
1,3.4474568386524296
1,3.5338368079713383
0,3.4098007819266622
0,3.762389774566928
1,3.540592059833039
1,3.4753969451746625
1,3.702387735970843
0,3.4858434067201705
0,3.4488529370946575
0,3.5475532696597822
0,3.4211521074688895
0,3.455991487421263
0,3.6089133952434147
1,3.470838779514612
1,3.4773683668249165
1,3.4743768602431677
1,3.454245904332831
1,3.424156754321551
0,3.6761566122769045
0,3.5687912862189664
1,3.4467868934387496
0,3.6547537954150053
0,3.4142934256841815
1,3.4230855996244465
0,3.56121833166936
1,3.4943516564891874
0,3.4706635707127567
1,3.5643092229867808
0,3.5695061467056863
0,3.4467965555888083
1,3.7636608160715253
0,3.5941569406869855
0,3.651921560150084
0,3.397044883912801
0,3.4854385178196963
1,3.539564422136274
1,3.4108219755319205
1,3.4983148145369083
1,3.7526577009431077
1,3.414285711089575
1,3.509045231216619
1,3.487045702823392
1,3.606836623232241
1,3.4805983256094666
0,3.566670218518167
1,3.5966115721916405
1,3.602703461929111
0,3.6707012950745272
1,3.480923634169615
0,4.070138249511538
1,3.4871446220953395
0,3.6912561828657244
1,3.448805923982711
0,3.5896807011015475
1,3.4632798371456213
1,3.415940932203753
1,3.469746699967635
0,3.6917106895352076
0,3.4153914330405777
1,3.447082729864704
0,3.696919626702715
1,3.4596058406117294
0,3.3773208578032667
1,3.685423072987524
1,3.7240075738298293
1,3.63848821620709
1,3.490998064079079
0,3.5971199199237067
0,3.4157197917395608
1,3.5420892725361446
1,3.459017934938309
0,3.438910976342548
1,3.4710488888241384
1,3.529652462401815
0,3.5818889385201453
1,3.4491578125018743
1,3.415065232250428
1,3.513816053960203
1,3.4664606172591177
1,3.485733713112661
0,3.562849936624049
1,3.4155234275171056
0,3.6841560346020374
1,3.4525354985804677
1,3.548878602965142
1,3.4657582378278446
1,3.481884845185831
1,3.4773602762675067
0,3.595863560038949
0,3.414042197671091
0,3.4111554661900816
1,3.5664039414014845
0,3.501115608831531
1,3.422985916297908
1,3.451447230253054
1,3.5353493567735184
1,3.5611870545620774
0,3.666771860928056
0,3.420431969100406
1,3.456196595846496
0,3.651769233151567
0,3.5640002185801714
1,3.437975894392914
1,3.715043464370805
0,3.703339521186733
0,3.4100717796162514
1,3.6004309385146125
0,3.3909019688073565
0,3.5882049056061374
0,3.4981120013390252
1,3.4725684410603757
0,3.4339132155018133
1,3.4263592843458195
0,3.4070641592640047
1,3.512230582391215
1,3.4479179027915428
0,3.509652501980421
1,3.5927842849323346
0,3.5397179019522738
1,3.4722107420336203
1,3.593167485931961
1,3.53496057511905
1,3.4423691782785517
0,3.673070242941182
1,3.482909726390707
0,3.424238636689629
0,3.471212651230104
1,3.5320515368296594
0,3.417026519842387
1,3.5195966543629273
1,3.4723819165756784
0,3.464652844329613
0,3.6861806525394205
1,3.53414290489801
1,3.4915816011938916
1,3.723340806250949
1,3.4604485884345397
1,3.4137058444165134
0,3.440612842005258
1,3.479962967036797
1,3.497711373961498
0,3.4323898792164416
0,3.438338688146503
0,3.482231765911357
0,3.523302998195347
1,3.4540162261790095
0,3.5857387826703415
1,3.686054081375249
0,3.4257913778381877
1,3.621705711904822
0,3.482637782022627
0,3.531805517381517
1,3.476990739052508
0,3.582342822258392
0,3.5985968919968325
1,3.5414870563158534
1,3.416931772766324
0,3.4592614666812747
0,3.388809372958735
0,3.6230405714087484
0,3.458818518200913
0,3.4292895610447456
0,3.7582889386664804
1,3.463351247604433
0,3.6294001349666445
0,3.4353635043339588
1,3.6548730085043926
0,3.5301205743427997
1,3.704613586133337
1,3.470325957787227
0,3.462882919851149
0,3.566854666060558
1,3.453380524983458
1,3.501092949703174
1,3.4793156403402943
1,3.4972854815756733
1,3.474051922211663
1,3.7290718240981295
1,3.4117325269641854
0,3.4021422086267283
0,3.380671613854654
1,3.511079347595496
0,3.4098715089995544
0,3.43336051156613
1,3.420186824575866
1,3.5905399010604304
0,3.5870482202360368
1,3.4353954170021024
0,3.3899949229877917
1,3.4597980770149097
1,3.44728976683888
0,3.4132824980965393
1,3.416182275288372
0,3.5408694606593993
1,3.6433229487271404
0,3.5466070992602035
1,3.467178299736252
1,3.5264067967119335
1,3.4419978060736702
0,3.440136216324679
0,3.558205551006424
1,3.499753221287984
1,3.5653239838055977
1,3.5361397846688893
1,3.41824565944551
1,3.697894336398741
1,3.520132901535045
1,3.4491578125018743
0,3.4828729949441106
0,3.4997547060587197
1,3.454328864775331
0,3.63960509502796
1,3.492878313633247
0,3.535683416979438
0,3.5922717976309606
1,3.4276915120545337
0,3.6010465964024205
0,3.442715985514247
1,3.523885882068501
1,3.473702407371807
0,3.597810244778668
1,3.415711689339845
0,3.4022772521873605
1,3.487763375971808
1,3.5074167802036955
1,3.4413192309180376
1,3.655117796942587
1,3.7454201632318114
1,3.4786391094376423
1,3.5574978841057057
0,3.452942367523771
0,3.6593722571102494
0,3.593632804088016
1,3.464851659087513
1,3.4919912232964383
1,3.821988306932889
1,3.6765836869638173
0,3.4258204988189265
1,3.5297947139488857
1,3.4190323836274414
0,3.562863849125955
0,3.5613561749035965
1,3.4686483438008437
1,3.4306379299070775
1,3.459651848339978
1,3.4439513580945382
0,3.477182794097614
0,3.478521140187528
1,3.4741310338337
0,3.44497957892077
1,3.4916194309625834
0,3.551137532686486
1,3.5592514227334275
1,3.535987867637396
1,3.5812068235890435
0,3.4690820279852033
1,3.6939754124971445
0,3.771081609205998
0,3.438722792189755
1,3.487583449561417
1,3.4542672848124343
1,3.4937520047445476
0,3.4145928543683364
1,3.540772041701935
1,3.540912419860704
1,3.539226734730745
0,3.400846845494618
1,3.5513040254038977
0,3.5937219687273143
0,3.45080052861239
0,3.5267388233503723
0,3.6380752505091167
0,3.517420088922564
0,3.802995017575118
1,3.4685296148743747
0,3.525964493386106
1,3.447320972237653
1,3.4881182203213013
1,3.5168286166004403
1,3.449206620275991
0,3.810065572341288
1,3.4162935071995624
1,3.4707763985279314
0,3.558748373493893
0,3.3897243038906253
1,3.5355399534468024
0,3.5825586713583792
0,3.435603309644848
1,3.4498571386026016
1,3.517534700978328
1,3.5163081505171343
1,3.466871545846141
1,3.455666738291922
0,3.601234218657379
1,3.457391364543748
0,3.6318727037441048
1,3.4731320025853503
0,3.3971927608374326
1,3.4557672062342366
1,3.613700303686464
1,3.4080132952518367
1,3.6142020462182534
0,3.5700624187784205
1,3.4350240157682532
0,3.50998069917525
1,3.4798410487231335
0,3.583186533926049
0,3.6230362509648537
0,3.51977399137248
0,3.5991566660890153
1,3.5661163289610114
1,3.576042333056374
1,3.4223061988494625
0,3.7063406694219756
0,3.565260136344517
0,3.4592750709007176
0,3.4425323805192467
1,3.4144918173779417
1,3.6424759693533746
1,3.4304614623404883
1,3.5943642592951277
1,3.6921173923782544
1,3.76961785122315
1,3.5088742031796136
0,3.5777071083370044
0,3.6114829574715337
1,3.4764561377278174
1,3.6353460570163065
1,3.5321977910696076
0,3.5856103307255816
0,3.613683349522981
0,3.550066421503821
1,3.4587685230768344
1,3.685621789951052
1,3.643470425797178
1,3.4689108281906647
0,3.5840503569486066
0,3.3966280153612045
1,3.4639347097298883
0,3.4011824245368785
0,3.5290473650184118
1,3.6790422720961486
0,3.4869110352825343
1,3.5711003129396603
1,3.419298507085456
0,3.5686056100112777
0,4.082808756661487
1,3.4804111847853543
0,3.4391057335126023
1,3.88293204835621
0,3.5284736460295494
0,3.407464633170549
1,3.5008566600109985
1,3.632708006026401
1,3.485765281443795
0,3.5680985689804516
1,3.4978469361916216
0,3.3915878166194147
1,3.505737733728022
0,3.5711825085770736
1,3.554063061754411
1,3.4379271765573134
1,3.5063430245435874
1,3.8209233816357577
0,3.57536705859851
0,3.4600349549719467
1,3.5099500999941924
1,3.418838664981569
0,3.707007099087164
1,3.6200268598041214
0,3.693610052828949
1,3.482260624843855
1,3.484746371615047
0,3.6249823294485326
0,3.6221446124809056
1,3.4671214229355196
1,3.4732044604075734
0,3.663746432330502
1,3.467984839568244
0,3.5850216172190015
0,3.5272634662574887
1,3.474926860162454
0,3.4541428191048213
0,3.467095646699531
0,3.4259784907725206
1,3.598945485386342
0,3.684268385842214
1,3.6156889112893595
0,3.64027847376748
0,3.584295079960723
1,3.5741942022654856
1,3.7937758496093923
0,3.414334585980281
0,3.429639594462298
0,3.414579969850236
1,3.4152807376724734
0,3.4253991693228465
1,3.4626626940377863
1,3.4154786838674815
1,3.4248149116016857
1,3.498938280332567
0,3.4029943690215667
1,3.5282791803804177
1,3.800414040602243
1,3.430566614496754
1,3.6169205411807
0,3.6557903890557553
0,3.586876397771841
0,3.4465707395525436
1,3.449701826100244
0,3.386686197096052
1,3.4902515052720786
1,3.5879833923774362
1,3.707658520175717
0,3.422109359864298
0,3.5348154899053665
0,3.4191982449341887
1,3.423014351339958
1,3.4114553295893892
0,3.419093632131502
1,3.5984327595372525
0,3.4714091024669873
0,3.5448305361583428
0,3.4219518466484153
1,3.4719271450740723
0,3.6241802783377466
0,3.8022742257811233
0,3.545377122363566
1,3.78660111324571
0,3.544072112955482
0,3.405607248129893
1,3.5097573882260678
1,3.5748663352688936
1,3.426760368233205
1,3.4957108419692613
0,3.6580762065537
1,3.465747180579178
0,3.4459606492497814
1,3.4118488741457726
1,3.5106730874249763
1,3.463942416730689
1,3.4744885948733955
1,3.4880113439516935
0,3.587773033318062
1,3.4768671605908223
1,3.4428322088060646
1,3.6370155393195147
0,3.411585886649731
0,3.399418525136024
0,3.4917139003360127
1,3.474079917097924
0,3.5725056734175227
1,3.638929605531484
1,3.589609085375586
1,3.780968388389783
0,3.435779968309089
1,3.4720781842120383
0,3.548581087729645
1,3.442096820784093
0,3.506505294952055
1,3.487852618834584
0,3.418811009165399
1,3.4415237811199866
1,3.417368227783054
1,3.59663121293752
0,3.578991048390955
0,3.474712620581664
0,3.7783423242212297
0,3.5368414654354465
1,3.6983195009236587
1,3.468067857402806
1,3.4738931972759923
0,3.578411049325973
0,3.5703134147965963
0,3.396895491946838
0,3.6785665402664893
1,3.4342708900162022
0,3.493847180498656
1,3.5120263858411245
0,3.4275264964650103
1,3.517083219556446
0,3.648469216000723
0,3.6143157119703875
0,3.4632820452263635
1,3.5497228042227307
1,3.4859349241726014
1,3.589450805183105
0,3.474474273365533
1,3.494654145142989
1,3.4211713883431583
1,3.579421737007738
1,3.611698972575013
1,3.431950384464784
1,3.556644418983855
1,3.418824648676468
0,3.6172561115508644
0,3.450776921991471
1,3.44932207594226
0,3.612983998623364
0,3.6403582963131633
0,3.4969787718856353
1,3.9061455811247106
1,3.4949324038674754
0,3.453353454309947
0,3.5764967567811072
1,3.474517709305694
1,3.6296733265482306
1,3.5601131526726557
1,3.468917954466303
0,3.422977010720856
1,3.4904655208239777
1,3.4570207263108803
0,3.5490137764367033
1,3.4468743258829964
0,3.6329664732834672
1,3.7881171080238527
0,3.4875001751277406
1,3.4382099607881886
0,3.7330479041942866
1,3.434892507423393
0,3.4239026468660465
0,3.6957794647450664
1,3.467042526473093
1,3.5182012660485844
0,3.3935512941365475
0,3.671445052236538
1,3.451815972280731
0,3.482874776691918
0,3.4303509216480355
0,3.560667527316915
1,3.5945183298802466
1,3.571632337415093
0,3.5964604409481
0,3.408832050324463
0,3.5267698099798013
1,3.417025822703377
0,3.747712656043978
0,3.460879492066121
1,3.45983931502481
0,3.5854132946302806
1,3.5381471902114097
0,3.4944242849136486
1,3.672649458807928
1,3.5482557312827567
1,3.5545514256596498
0,3.5808943169438665
0,3.3965986744413996
0,3.3947961318697204
0,3.5788299776720582
0,3.663005889627161
0,3.4802263717567636
1,3.7159875684676478
1,3.481510456713756
1,3.5228205054054724
1,3.62709421225286
1,3.5978987549201698
0,3.593146203992249
0,3.4112913883942966
1,3.595943601305514
1,3.7801106835120706
0,3.5698214877904806
1,3.590348591238861
1,3.49886188405717
1,3.624560756252651
1,3.4783968339219804
1,3.5961757060250052
1,3.517705862790747
1,3.55019333809146
0,3.419169534341225
0,3.452368949213617
1,3.5110794467011006
1,3.4685932061971516
1,3.4245895489701192
0,3.7710686489616334
0,3.4350414116979517
0,3.587736834169086
0,3.524423605486516
0,3.649213905922399
0,3.3886534943302102
1,3.458049405052569
1,3.453375400333081
0,3.6037040504482727
0,3.4353820499364933
0,3.5071405131127986
1,3.51498110571338
0,3.741443818925055
1,3.696191374765862
1,3.6562560368229553
1,3.499043202259922
1,3.474771335727104
0,3.4993432945779053
0,3.465305992114127
1,3.4180397562937666
1,3.5743682838966166
1,3.709533026335718
1,3.4690422571705466
1,3.667448334868178
0,3.582364478404574
0,3.6660674363622334
1,3.4551017100597528
0,3.531428258632543
1,3.891449631805761
1,3.767047369143523
0,3.592356883428492
0,3.4203435101818953
1,3.439685789387901
1,3.5357028523577534
1,3.4639061895831817
0,3.600479173916992
1,3.4216928032121188
1,3.5789103663858914
1,3.464137076882138
0,3.5706016341015845
0,3.5306083056258797
0,3.571714270236239
1,3.495719868594176
0,3.578837941847498
0,3.546558607366104
0,3.57283041667282
1,3.503307660486634
0,3.446912055012901
1,3.4225418999602972
0,3.560035960404201
0,3.414263997084426
1,3.4261808556336137
0,3.429058150054283
1,3.4489594716946703
0,3.525571856193687
1,3.4996213693638047
1,3.5773489209049263
1,3.5253461739680794
1,3.6527294121784917
1,3.506948184848302
1,3.6186271759037556
0,3.4507578593995207
1,3.5332040049116094
0,3.533477385249151
0,3.565510345435424
0,3.4569325614583155
0,3.5946731230858484
0,3.5395589701870973
1,3.5915777484394273
0,3.4230253860175104
1,3.509210693923205
1,3.7106568056129996
0,3.858525739010461
1,3.5563126226206845
1,3.604657935143339
1,3.411222533814648
1,3.6635899772599276
1,3.4665944972581775
0,3.52555550413946
1,3.4687294785606837
1,3.465554923846434
1,3.4736735058989052
0,3.453033159143881
1,3.568815882999854
1,3.4595561798405208
0,3.603818250440693
1,4.002136517433573
0,3.607495618032571
1,3.5012509611182785
0,3.5649637052119254
0,3.4615949876207877
1,3.5225389588904137
1,3.6163052001353013
0,3.5646962396736273
1,3.4211982075496863
1,3.5873708828389255
1,3.442891351815152
1,3.4703869630179915
1,3.908845918649294
1,3.485331757763331
1,3.6158691689157947
1,3.5049347812448555
0,3.429906210957117
1,3.454218422574064
1,3.6182693730514126
1,3.4137867082861764
1,3.4379349554460146
1,3.426916998322066
0,3.643943898791608
1,3.6448463754792133
0,3.5250525513098956
0,3.6976856113058654
0,3.4100608955697185
0,3.7095880115465025
0,3.4707453175745115
1,3.4641506060159073
0,3.564626894865565
1,3.986066089508227
1,4.040752881411279
1,3.704211958061797
1,3.506920271915366
1,3.4224752181611477
0,3.446191653209168
0,3.601078041746765
0,3.4828461970062534
0,3.4922090523878806
0,3.4204034727426955
0,3.430959818843522
1,3.47537416098948
0,3.5273779635008076
1,3.5866690917432935
0,3.595228947865853
1,3.5061672209850863
0,3.533146670178744
1,3.4177169587919862
0,3.41262047950563
1,3.7353250031150247
0,3.6981712082043727
0,3.500684059632373
0,3.508818612551701
1,3.510701141373227
0,3.4188810033156813
1,3.429097732395632
0,3.4898749052360993
1,3.943807021309188
1,3.4662944427198616
1,3.4124539593184187
1,3.6336790874286717
1,3.7341135444091065
1,3.4234907623823836
0,3.585835966652191
0,3.675082360831649
1,3.4643861153714517
1,3.4663920688605785
0,3.4820827806881818
1,3.4868479539400803
1,3.47822256016141
1,3.623642942900729
1,3.5821504687418404
1,3.5091703103596434
0,3.4179423418221293
1,3.7702461588829266
0,3.387277038460856
0,3.400053263453386
1,3.5608728847556925
1,3.540993865052139
0,3.7050677513982997
1,3.5246087312173824
0,3.4794167832412777
0,3.5562857499176914
1,3.5271970656436733
1,3.4517012324756045
0,3.577801938699935
1,3.6068532623525655
0,3.4349681309236004
0,3.759605531106572
1,3.4230892406119637
0,3.578702023346923
0,3.4513130034276767
0,3.4273670456366645
0,3.5510880501773725
0,3.397099486539264
0,3.568488650640418
0,3.5444380353338336
1,3.7535728781302837
1,3.5086558477252403
0,3.666638156352754
0,3.4520578067756635
1,3.5338270721906544
0,3.5475342104609546
0,3.610161649357413
0,3.585311943449636
0,3.699485702980917
0,3.585174182823895
1,3.413701360900807
0,3.3924285239022893
0,3.4732546777067057
1,3.831820298249343
1,3.481044805515157
0,3.45600988264468
0,3.6063253378262337
1,3.4828818409666202
0,3.567298609830222
1,3.6073679900130107
1,3.5019665933930977
0,3.4340148360940312
0,3.5077468883286236
1,3.682902239861989
1,3.7459382147742466
1,3.486791126088312
0,3.7211166881095776
1,3.468080799087257
1,3.500041463735057
1,3.5052205413688755
1,3.4950691194410783
1,3.52718482013368
1,3.423835053081662
1,3.4410382906993857
1,3.4848908937350007
0,3.4907315337347544
0,3.7831519869134165
1,3.5931652693537193
0,3.503422328728746
0,3.430815846222391
1,3.4724390777355683
0,3.5973731322463407
1,3.453871312046563
0,3.4246913534468253
1,3.4500234125288167
1,3.5248673738745997
0,3.3815570614439263
0,3.393709465596647
0,3.613479517812933
0,3.4973004001230104
1,3.5675283486058134
0,3.653620512869564
1,3.455086646477709
1,3.6405638624380923
0,3.678697775396578
0,3.5928357949375336
0,3.491608621999324
0,3.5191229272484703
0,3.474216746844372
1,3.5847844870845496
0,3.5455823165912355
1,3.61926674190086
1,3.4741485667910896
1,3.479128485668289
1,3.414383440260986
0,3.5682644323609884
0,3.5715640378091904
1,3.4183387968708328
1,3.620014008795862
0,3.395018053915796
1,3.5293209214079866
1,3.4925040519863573
0,3.7343514912280678
0,3.669479010040128
0,3.551324218007749
0,3.607104059038261
1,3.4920153591638043
1,3.416325245640183
0,3.502193937333362
1,3.5063217630195376
0,3.5728544343254636
0,3.5331669913227968
0,3.5729323265831985
0,3.6009041247581504
1,3.5959633627947176
0,3.419000947905121
1,3.6028631619226212
1,3.7399148766706896
0,3.4342839185293776
0,3.6848707236880975
0,3.690804101493628
0,3.3984945720197106
1,3.810831525493125
0,3.4215967550632724
1,3.493587533774041
1,3.5952226362412043
1,3.510729130037789
0,3.7959507967624364
0,3.4123425856038354
1,3.5212497498268718
1,3.5224035396177635
1,3.6627693439168385
1,3.4580906029605236
1,3.4352365250693344
0,3.6125354039657656
1,3.418987343425937
1,3.476464919243337
1,3.538155816751872
1,3.4587960284078973
1,3.6952206374096233
1,3.4946432357738715
1,3.5572933130686892
1,3.461968501094455
0,3.4261849199644834
1,3.5321977910696076
1,3.5354053101872087
0,3.5245833375235467
0,3.438303120482032
1,3.4270193709089645
1,3.560697091900376
0,3.430754854617495
1,3.5510061305201672
0,3.575863568481683
1,3.468150089184751
1,3.5271498484077455
0,3.40568840593682
1,3.473958189615791
1,3.4656065915070675
1,3.536624083048087
1,3.432528093367242
0,3.411829982648613
1,3.4261623017607667
0,3.7477223486424
0,3.5278671544722395
0,3.6031287641048912
1,3.589654961111558
1,3.428287797405801
1,3.4489305377805257
0,3.588639425181181
0,3.6157126364824146
0,3.5989588061891893
0,3.3947637344483197
0,3.504462326659981
1,3.602618268969051
1,3.4675176656968953
1,3.5447850395398737
1,3.4903478206113783
0,3.3960189749997154
1,3.461737418185335
0,3.432956553237435
1,3.4755591370004124
1,3.4498244378596525
0,3.814734313164183
1,3.491706688838066
1,3.7521914063042203
0,3.8698260010804475
1,3.56911178202398
1,3.4429020676886837
1,3.612726224868088
0,3.633430568721791
1,3.4700504207246166
0,3.575328949217947
1,3.4157501526183225
1,3.486385974628879
1,3.439697745649229
0,3.693103104859601
1,3.4590451739873114
0,3.5883934480863062
0,3.5340573750717517
0,3.606765008370204
0,3.4863237007166874
0,3.518823846297292
1,3.4802950267353228
1,3.60458398757057
0,3.3954850476652183
0,3.414801324719465
1,3.4411271859881403
0,3.4059953471915128
1,3.9046973926047204
0,3.797672337401111
1,3.7252982662371807
1,3.4260630115647244
0,3.4104135201420105
0,3.68828369379165
1,3.4790093367742982
1,3.679049188481713
1,3.4572768312784974
0,3.520439036876061
1,3.476508022982383
1,3.4602241543236745
0,3.413078479181775
1,3.7086274501908743
0,3.448162370979974
1,3.7577623800759246
1,3.5334097650493
1,3.8416400530215444
1,3.614983943759556
0,3.6917875636023223
0,3.548041879296047
1,3.487357870266785
0,3.449809158294289
0,3.4831936119516835
0,3.6462845771565733
1,3.4466953087534478
0,3.378159809375288
0,3.5937171350754404
0,3.4512237629452933
1,3.4840975252936
0,3.5220487036672417
0,3.584707657167307
1,3.520264249823265
1,3.42798860507747
0,3.5817971193706772
1,3.589473883299008
0,3.4136291461663877
0,3.4835947864861248
0,3.4886077895052305
0,3.7574748974489314
1,3.497275884976057
1,3.5676823640053548
1,3.5906525099962616
1,3.544343659765062
1,3.7231468408331914
0,3.4558892034533173
1,3.4771816373569493
0,3.4953100682825955
0,3.44138530641615
1,3.5387094518174247
0,3.4370496224935785
1,3.4885856255422123
1,3.428930198457873
1,3.4595508767723895
1,3.4949808532243263
1,3.6237642225129383
1,3.456678514501857
0,3.4943855431158766
0,3.4851571654440474
1,3.4837681358006076
0,3.41560183922447
1,3.448143547088499
0,3.5396384549873026
1,3.9217835298049453
0,3.578115537186063
0,3.5850727605411787
1,3.572071364360214
1,3.4410005509267547
1,3.424067873893133
1,3.4688597770205565
0,3.5847029730901356
1,3.4719449504927806
1,3.410715561597835
1,3.65005581975598
1,3.4454206493062713
1,3.645156938225274
0,3.4898239997260276
1,3.7815312995482078
0,3.424093755638466
1,3.4947745247956106
0,3.5842236534039804
0,3.405280200555541
0,3.583396175322286
1,3.4933016531912275
1,3.4797393015097984
1,3.450446463053459
0,3.415226386625458
1,3.637738488887362
0,3.4509269212113414
1,3.596289570506443
0,3.4263399496455236
0,3.680785446353305
0,3.5895541688527515
1,3.4909736245240865
1,3.484388400986849
0,3.5721466912716786
0,3.4367528983814766
1,3.426739490885639
1,3.626213889862529
1,3.426640144520888
1,3.677105052171495
0,3.5700962035449106
0,3.4769398393303534
0,3.9530445265824192
0,3.4501815910441938
1,3.4402736174541313
0,3.5339513854906768
1,3.47162389289773
0,3.48150633569374
1,3.5172815444551664
0,3.5033558743085194
1,3.479176994373287
0,3.42667531155552
0,3.4074006957003204
1,3.4788131792244608
1,3.4856879994950787
0,3.482008464102761
1,3.594265481075322
1,3.49551589714994
0,3.419153729671799
1,3.488590541271857
0,3.7141405913958754
0,3.670923000518679
0,3.602535542831241
1,3.522727066758684
1,3.4368888938218425
0,3.597602158132769
1,3.6758968831278183
0,3.6055024655951913
0,3.600746059789313
1,3.572608787471421
0,3.501304700636482
1,3.63475416485505
0,3.5990043428664507
1,3.5542809422294606
0,3.609380725814697
0,3.597892726668631
0,3.477633850942799
0,3.3945500738043948
0,3.489439924655566
1,3.421045163171587
0,3.570484749810908
1,3.4919279003735877
1,3.659085945570036
0,3.5823150270659165
0,3.5694595167023624
1,3.414710852398904
0,3.4352023848815714
1,3.4266454606217196
1,3.679818543993845
0,3.5615001640884527
0,3.402622602116436
0,3.607451571862397
0,3.7020352445166895
1,3.4788110633891876
1,3.421174946742975
0,3.4757738789805286
1,3.4998900570177605
0,3.3865605831249934
0,3.4064449460577175
1,3.4777005246881223
0,3.456701142254522
1,3.4795280247232196
0,3.6108622097665704
1,3.476171222222762
1,3.495967941381558
0,3.4456496374913588
1,3.436860653850429
1,3.6823091052173065
1,3.504594643607926
1,3.527897354140202
0,3.5597060444576165
0,3.4429424361546537
0,3.3894954916196847
1,3.473019941022329
1,3.4563346727021673
1,3.6351337777795263
0,3.5263721152288583
1,3.465929211852551
1,3.4133995488625533
1,3.409270572850926
0,3.9851506404444894
1,3.481926784370112
0,3.382710517613364
1,3.4169637931862735
1,3.45004657575331
0,3.5891484886649963
0,3.759372161272184
1,3.429904964268213
1,3.5468999479089676
1,3.5196921515629263
1,3.651041065575532
1,3.5359923984830024
0,3.495435637038726
1,3.473965685163315
0,3.4176998034904527
1,3.4778026019428108
1,3.594310418783814
1,3.4194015103527713
0,3.6355129094088188
1,3.4154786838674815
1,3.4310537057764243
1,3.633991681012824
1,3.4271121032601313
1,3.4425327534752084
0,3.9576561481376613
1,3.4328655160175527
1,3.504366064555856
1,3.495087783072089
1,3.5972480538491323
1,3.4593129723750753
1,3.6572781163341936
1,3.5050622184742735
0,3.5146160505212145
0,3.47067033774982
0,3.587150010076194
0,3.66274999609281
1,3.6010254097745547
0,3.732832612772809
0,3.5528382649290986
0,3.630119249253726
0,3.685549891753805
0,3.4290197802189253
0,3.3815940124104427
0,3.5120111608591467
1,3.603103036216966
1,3.4608732701600515
0,3.455750035792041
0,3.4620152244552753
0,3.5833280532281178
0,3.594093001617155
0,3.619597311087694
0,3.516955739240025
1,3.5069389025520654
1,3.4648647607537177
0,3.597873797025106
0,3.596817105136958
1,3.466885136657746
0,3.566746165445033
0,4.1610198504031075
0,3.5403538441986946
0,3.5937258492609434
1,3.4616695292093635
0,3.468138297951865
1,3.533264485574326
1,3.442364796772411
0,3.433411902882006
1,3.5187094126260776
0,3.5275640455043433
0,3.51432630994327
0,3.4683700641867126
1,3.473629280275574
0,3.598099720193993
1,3.6248031676889028
0,3.4645919153324503
1,3.410452638294026
0,3.4987907185866027
1,3.42341407679391
1,3.4117847940701287
1,3.4614203177922267
1,3.6736377410358276
0,3.4185318604855204
1,3.637860008151368
0,3.41209268670069
0,3.3803641239394544
0,3.5064532808112165
0,3.6761652730922014
0,4.058134067423941
1,3.576915615091543
0,3.588110291756509
1,3.4140260344362106
0,3.529739689607773
1,3.451170802677146
1,3.480221481176714
1,3.4790083211742178
1,3.474194143242943
1,3.4594064167095993
1,3.423003558282533
1,3.527212872828089
0,3.4293574494686516
1,3.4658060465573945
1,3.423260021229159
0,3.412742430340144
0,3.587211173860288
1,3.4459515794106066
1,3.4457920186945863
0,3.5089331676671334
0,3.6918590911503233
0,3.453465779154356
0,3.6524047232844903
1,3.445205889342203
0,3.460405430319776
0,3.5059677050026252
1,3.5687981448824995
0,3.407630947926909
0,3.7896463370287514
1,3.5158474268812103
0,3.4860819488553214
0,3.4382801642024434
0,3.5738665922999884
1,3.4779615658928016
0,3.637350351441054
0,3.4642660303577495
0,3.401660186354416
0,3.5618670020720495
1,3.4741660452920478
0,3.4229655110783344
1,3.5070143900907436
1,3.4856223938732986
0,3.385814557242067
0,3.5053896982070594
1,3.5068339923142573
0,3.3806791584856137
1,3.4731760482348344
1,3.4645981229106613
1,3.4303860216274327
1,3.4530826534530883
1,3.6296628031882867
1,3.7216885063023932
0,3.579761186332119
1,3.5141491185338345
1,3.428950935812482
0,3.425080044184981
0,3.7733223929657274
1,3.636737521845973
0,3.474808303387352
1,3.5149522918499323
0,3.3854232758790386
1,3.763721725488142
0,3.408047962833348
1,3.7152153942365627
1,3.4475179100438296
1,3.4955927805817195
1,3.4826679609953257
0,3.535108700545208
0,3.5540345997814957
0,3.5649797057818424
0,3.573379216484064
0,3.465959918646971
1,3.5069389025520654
1,3.6535966951375825
1,3.5052771174424144
1,3.498111010705333
0,3.594809639096964
0,3.549743360100474
1,3.445911312437094
0,3.4232303357245177
1,3.545654242840314
0,3.4230413342096915
1,3.5434480456632644
1,3.644757189314282
0,3.4223346280983673
1,3.5863015478609044
1,3.475950049569836
1,3.4789790599696846
0,3.8606963816447544
0,3.5735565097022617
1,3.5231450435089258
1,3.5937863469090283
1,3.595981918602588
0,3.438019999049512
0,3.705915329343518
1,3.419759747688397
0,3.4921380689111494
0,3.470426726250323
0,3.680485127341365
1,3.558488422611478
1,3.7790102973039317
0,3.8115948059810907
0,3.460855493360801
0,3.577318759220576
1,3.47536630782918
0,3.667085828388234
1,3.414285711089575
1,3.4278883619719944
1,3.463804049876841
0,3.65913558741666
1,3.544108979019205
1,3.476675372597515
0,3.516515227840768
1,3.448165136475811
0,3.5754167884167547
0,4.0196033194214476
0,3.536642119081679
1,3.506436122691823
1,3.6505796660910605
0,3.395143858056267
1,3.631498321454857
1,3.492878313633247
0,3.4564213840327374
1,3.4613824035035483
0,3.4495166640255537
0,3.4423261951304425
0,3.6461696636175445
1,3.541809342214739
1,3.5509405656071245
1,3.4642897602199114
1,3.7199039962783376
1,3.579661886529825
1,3.599587845725373
0,3.8125951681019914
1,3.510208970801264
1,3.4841980983807117
1,3.735767762543699
1,3.506504625578895
0,3.666074115961311
1,3.490709013479608
0,3.553741036050744
1,3.806898742840703
1,3.4682604527447047
1,3.4263053336026132
0,3.3802153112565994
0,3.576325127318945
1,3.416093549212174
0,3.5171099149343994
1,3.4194998340042786
0,3.604030341874707
0,3.447186165909631
1,3.602384011518372
0,3.557167625645128
0,3.667129098341118
0,3.598463582843525
1,3.5687197533090322
1,3.486250156176523
0,3.4956447651127194
0,3.4217886601828837
1,3.6173427917545813
1,3.478946401034289
1,3.4943642753476833
1,3.4896723553866087
0,3.629030939803093
1,3.773993410791788
1,3.4631621743161447
1,3.6281987885266473
1,3.549578319283203
1,3.5127134901900763
0,3.5415330494567128
1,3.538516885646992
0,3.406770238289595
1,3.5741599617966138
0,3.655348924722347
0,3.3823193622854286
1,3.456638974149801
1,3.559745324749703
1,3.4658172917584773
1,3.4815897009266954
1,3.5740328926356333
1,3.4953536901186446
1,3.4730594287331424
0,3.417955455791671
1,3.55238288327196
1,3.5936954831978527
0,3.590267000520577
1,3.714961686625013
0,3.408052771448493
1,3.4420768559190096
0,3.3916214705420047
1,3.495416192810751
1,3.7847964011575264
0,3.5306542445363505
0,3.37429253747349
1,3.4213297072773337
0,3.421779476288016
0,3.5952083155832555
0,3.584329214025931
1,3.478833236008491
0,3.6496834467171473
1,3.7613322106369074
0,3.3783053687219
1,3.6717827086310124
0,3.626536512075408
1,3.4158409412328514
0,3.599680794466245
1,3.758618496938579
1,3.5148090561594243
0,3.4618444861926707
1,3.4789133919513846
0,3.684494044112428
0,3.398205897688056
0,3.595002749391925
1,3.5007673386180005
0,3.5698665030633454
0,3.5690321663331233
1,3.4310016036266626
1,3.463211292220689
0,3.4670380172289845
1,3.467938099149015
0,3.49541981833077
1,3.47277718409109
1,3.5264155472775998
0,3.4258203361345316
0,3.4523614701308776
1,3.488947518025517
1,3.47154715918551
1,3.680478752107636
1,3.4909904540635774
1,3.500366112458548
1,3.4284303792235766
0,3.424459825000846
0,3.7576475804044542
0,3.5396793813654366
1,3.4823531534000183
0,3.5845541566206807
0,3.4573779429017324
1,3.502565984696418
0,3.38658266760315
1,3.5278663951641978
0,3.4754633397139614
1,3.440901867138023
1,3.679471588887492
0,3.411746464108502
0,3.6325390820748926
0,3.4832847636187036
0,3.4955588952475973
0,3.5999271871730163
1,3.4129481636928305
0,3.5941885031161154
1,3.513851131885785
1,3.605575038512236
1,3.460836625134358
0,3.829245074349242
1,3.612889805162862
1,3.4792643269896835
0,3.467714511311898
1,3.4365281909131506
0,3.4294867327286167
1,3.514297457620401
1,3.5006395997297743
0,3.5473179995597697
1,3.507780863674652
0,3.767370795801013
1,3.7970517501856813
0,3.4663956564574563
1,3.481162928100084
1,3.4650951487344614
0,3.46955819565223
0,3.473288313431379
0,3.6091360625203746
0,3.5242775178061856
1,3.4488337607015853
1,3.4783946636579897
0,3.55645264855609
0,3.4408244383548476
1,3.438448517113716
0,3.580786961195703
1,3.423437620233597
1,3.594951728437298
1,3.589592395714445
0,3.4319789776034053
0,3.6691340060553244
1,3.449006844916491
1,3.7401464598223315
1,3.4883460666406534
0,3.6013615770968617
0,3.443785714772971
0,3.587512530844088
0,3.5910668295168366
1,3.4597599084228587
1,3.4814975750722277
1,3.5126024714258444
0,3.5669242379610044
1,3.4788110633891876
0,3.4111030370599176
0,3.4983833321779905
1,3.6901903875024487
0,3.6007147455684967
0,3.431970021139973
0,3.4473581504329545
0,3.4075877461093844
1,3.4513479919793437
1,3.4549666250149635
1,3.512849180719723
1,3.416615079141651
0,3.5827019305044003
0,3.410663517877366
0,3.4244308312875056
0,3.438489439590889
1,3.4197773012048818
1,3.5880544368838185
1,3.4517103274461562
0,3.8201003021095197
1,3.4919154109601247
1,3.4613824035035483
1,3.4825635204226666
1,3.446327110424388
1,3.459242824603996
1,3.4839461454409273
1,3.4688797988726776
1,3.4211982075496863
0,3.412118384223258
1,3.529104811392227
1,3.5479439303803355
0,3.6992070908343195
1,3.489462494159804
1,3.4432388724426586
1,3.710413699563205
1,3.4343044582448052
1,3.527779019311512
1,3.714844136889874
0,3.57122200801447
0,3.5334315081710517
1,3.47862738492608
0,3.420857999868521
1,3.6087703077306634
1,3.5004676896641507
1,3.485367937254237
0,3.474522155567666
0,3.6675144846054515
1,3.669170750704118
0,3.5046441202352034
1,3.6089211422622163
0,3.400958082961456
0,3.7340840930001202
1,3.7197338013019228
0,3.3912783891812075
0,3.391613813829602
0,3.595146039915854
1,3.88293204835621
0,3.4503470313572633
0,3.5586015479044044
1,3.476833123974362
1,3.6081332203353713
0,3.5621308559030607
0,3.581661639095962
1,3.4934331686704763
1,3.566177107156876
0,3.5070503130270163
1,3.4080747728271796
0,3.602063019159467
0,3.460244510497739
0,3.7669546973725465
1,3.4553641049932917
1,3.487331731015223
1,3.473659552348958
0,3.5731550422632634
0,3.4032319644539015
0,3.5752144745418106
1,3.576300798862762
1,3.513114386830461
0,3.744534109748387
1,3.4767615575689343
1,3.6731470156863573
1,3.4556826493152206
0,3.518160214824339
1,3.501753084658401
1,3.426686937161353
1,3.425370821780827
0,3.652687246361011
1,3.4951546220149576
0,3.59289970546311
0,3.5350701959910253
1,3.4892066926398897
1,3.5956992940290666
0,3.829997390783918
1,3.481537659695518
1,3.4445447935381788
1,3.457749470692206
0,3.45683572627933
1,3.5045020138171354
0,3.590436435235981
0,3.4770694025560127
0,3.6182012279781035
0,3.579161223090241
0,3.4443387087703976
0,3.398194303209159
1,3.47646442856808
1,3.4786625377475815
1,3.4920552856880045
1,3.4248760195267876
0,3.621927293202631
1,3.473761904846386
1,3.5756109195598236
0,3.8770092961338936
1,3.453597036414557
0,3.5760369099973977
0,3.395393636114597
0,3.5193681038518085
0,3.697068541564189
1,3.5984180069198786
1,3.588881274953681
0,3.666650908637497
1,3.5164213913824445
1,3.7438854233343397
1,3.5178875495974706
1,3.4904073295825833
0,3.3899796684979084
0,3.5248738599581366
0,3.651850621343883
0,3.5787419907943625
0,3.5250451114384997
1,3.4678672879228416
1,3.515290756959441
1,3.45357077128636
1,3.412057477579988
0,3.538998794617922
1,3.5172936834044264
1,3.4700703712709533
1,3.415592837651599
0,3.6799817326409507
1,3.421832115559508
0,3.671116268882224
1,3.5047083411387647
1,3.4926783700843993
1,3.648878686815237
0,3.6670618659318164
1,3.4541263638176383
1,3.4530758685380594
1,3.5932435944551018
0,3.392067706469012
1,3.4150535203259764
0,3.483021145941461
0,3.494605693161201
1,3.567745611922596
0,3.4441305565661704
1,3.5624410297525775
1,3.4769707573825186
0,3.4910140632670186
0,3.5687792218008956
0,3.8492766902096758
1,3.422178392681234
0,3.512154042271466
0,3.8004996879889315
0,3.6042110743551468
1,3.5295758171559193
0,3.5415788367165386
0,3.4863737115551596
1,3.4805511710619976
1,3.4686483438008437
1,3.450868951649206
1,3.5852747764468016
0,3.4166542742407167
0,3.58440304167239
0,3.5368155065457034
0,3.560866368207514
0,3.7531315917504706
0,3.592072771656141
1,3.484950743383997
1,3.437720938712392
1,3.4244324197668403
1,3.4850136466038037
0,3.432805771552198
0,3.3889217726658822
1,3.448286678234995
1,3.468587967889026
0,3.8585367060489446
1,3.441851440757724
1,3.4228350871116797
0,3.526817380295425
1,3.5959861001016264
1,3.467612616803711
1,3.4743965702821784
0,3.6009315393026844
0,3.530597750678337
0,3.49408801710937
1,3.617888616821545
0,3.573129205239668
1,3.64082983212937
0,3.3991673508589426
0,3.9037973685955034
0,3.523181292203817
1,3.490523123402254
0,3.6064661601632886
1,3.686579607537176
1,3.682445056861709
1,3.5164117250935187
1,3.6058957508657046
0,3.579385618591519
0,3.554864845193591
1,3.4729129519345503
0,3.4466798171288353
0,3.4594221037831248
1,3.4261808556336137
1,3.479943967034075
0,3.417877352424352
1,3.4908381436892557
0,3.6359098360230986
0,3.7844820933586654
1,3.63106184372732
1,3.4270321326462905
0,3.573468714812894
0,3.6684153707277063
0,3.6557075464734488
0,3.593789339458479
1,3.5214929032995737
1,3.4772426830277277
1,3.6372513566237386
1,3.511079347595496
0,3.4124777158626998
0,3.3953397083718686
1,3.455981301800882
0,3.428290511135506
0,3.5083701043900604
0,3.6007075249015954
1,3.4615123638849887
1,3.5126790667983068
0,3.4133630939734254
1,3.4968236180657857
1,3.589630516231692
0,3.7980662417361524
0,3.509403302242893
0,3.4727189220857864
1,3.5794325787596457
0,3.457040799510175
1,3.503573993156542
0,3.491020914987385
0,3.600855876921073
1,3.626213889862529
1,3.416298185657292
0,3.395994693491956
1,4.060928787709945
1,3.5709044080175487
1,3.4449617752220423
0,3.568703051288096
1,3.592009054392914
1,3.488367291707518
1,3.4371789322750543
1,3.476116886936021
1,3.41420668244402
1,3.421409675502697
0,3.928467034808684
1,3.7381793437093833
1,3.4342767687968037
1,3.62977780686394
1,3.6010656289893928
1,3.436860653850429
1,3.451447230253054
1,3.4427296753684358
0,3.692949064275008
1,3.539086985156557
1,3.5252766242889018
0,3.518228446335652
1,3.4564261448056386
1,3.4605868928019112
0,3.44231053224115
0,3.577486214022717
0,3.588435773402383
1,3.533181064269207
1,3.670177039739278
1,3.5423138947387636
0,3.718419692346459
0,3.4028933259723813
0,3.663347866296574
1,3.4752075432166043
1,3.517402093021221
0,3.564474887297316
1,3.455563806633065
1,3.7633100370764256
1,3.4197279235520592
1,3.4930259329979076
1,3.418638282782413
1,3.5121173136191244
0,3.563573731431139
1,3.469136301694839
0,3.4710030536456222
1,3.415263202394962
1,3.4848187742495687
1,3.5669671662362332
0,3.375002678568157
0,3.601993926233001
1,3.4124539593184187
1,3.818285382468297
1,3.7457410255037904
0,3.4831936119516835
1,3.468544328771007
0,3.4326077395400993
0,3.5912174254923794
1,3.4761810786646086
1,3.4606547323826584
0,3.570543577444153
1,3.763590988179511
0,3.414379960026999
1,3.495259545561196
0,3.3963689769678673
1,3.431950384464784
1,3.5203948853566094
1,3.6323398735119103
1,3.499741596003338
0,3.392830491253167
0,3.473010685898153
1,3.5964886102585343
1,3.5482557312827567
0,3.464401149183546
1,3.4920552856880045
0,3.383356185298691
0,3.4226580745145934
0,3.5842359395818852
1,3.738443757109995
0,3.5355104991932595
0,3.4836133382886327
0,3.4032738719113764
1,3.5652297050321904
0,3.60322675667919
1,3.7095393363050393
1,3.4292247439365875
0,3.5781537575205595
1,3.408402687878381
1,3.4866749134958948
0,3.4005123250759284
0,3.534923962691983
1,3.855806422804221
1,3.4843161097855226
1,3.653367841132969
1,3.4885831723595473
0,3.523979412259931
1,3.4743359744492146
1,3.4418312628133516
1,3.6022809801142195
0,3.6954389103346075
1,3.457133184008788
1,3.5430972404052485
0,3.3857383255430635
0,3.695658308326437
0,3.5862523761450773
1,3.4632798371456213
0,3.83036829542549
1,3.4199030495009506
1,3.4727699349068235
0,3.4377268575375726
1,3.4424757498409115
0,3.427283588496018
0,3.524008945477582
1,3.4408424273736267
0,3.4351819422512766
1,3.4713654741695734
0,3.5189042241971027
1,3.5562070540891
1,3.892190725469458
0,3.6898367747131777
0,3.4851362473428513
1,3.557936904456439
1,3.516182292654113
1,3.5254760491841615
0,3.553694115476634
1,3.418187356032713
1,3.438667103652017
1,3.5990404598739767
0,3.5664034100039275
1,3.447238192368113
1,3.578250550079405
1,3.417774806137224
0,3.4400119386615486
1,3.5020917311483943
0,3.4331936157912546
1,3.4881992067619816
1,3.4598667266831638
1,3.4718026846424506
1,3.679451174233384
0,3.5335071569876897
1,3.477249411770047
0,3.384614651681636
1,3.4675561570457583
1,3.550430522690047
0,3.6675643564961686
1,3.461737433489071
0,3.633522839888911
0,3.4008314632860803
0,3.419692003892897
1,3.651464098364356
0,3.590087971146866
0,3.394546094373828
1,3.789086399908488
1,3.6496885375033847
1,3.576544362311638
0,3.705915329343518
1,3.474275493399687
0,3.5754897088679325
1,3.8095283546823224
1,3.4788708207716157
0,3.4430085568929734
0,3.450481059127235
1,3.425902174287713
1,3.418824648676468
0,3.567922616844293
1,3.6357532673518316
1,3.458225915005034
1,3.4637509083198923
0,3.467972445673544
1,3.5497228042227307
0,3.7211599593725375
1,3.565017992356144
1,3.4944923573669406
0,3.573421846667061
1,3.4291446338348797
0,3.6723135370817315
1,3.5504309220522114
1,3.420904602261948
0,3.5845989828724436
1,3.4539346036087
0,3.5890829200816685
1,3.5993649635130707
0,3.540153342853748
0,3.4436651240055522
1,3.4738595286603338
1,3.5255201344978864
1,3.4463736122934794
1,3.418890428714162
1,3.4585536574777174
1,3.5898568019615054
1,3.644150510325247
1,3.5916414303046644
0,3.6210775022697375
0,3.5843645255755545
1,3.470954430019997
1,3.7403499725643354
1,3.770376427094927
0,3.403330277092909
1,3.7128976115826067
0,3.7393163562538376
1,3.413523538610318
0,3.6575233744753395
0,3.700468556245191
1,3.597311383066794
1,3.7731549515525256
0,3.665808856648456
1,3.594619146082734
1,3.4136676227953076
1,3.4451622330891
0,3.41398109546952
1,3.4807493501383115
1,3.611908547834064
1,3.435100588791922
1,3.580461999019519
1,3.82241921938478
1,3.5528570591436663
1,3.480380960522568
0,3.545605119818494
0,3.583082971547533
1,3.490116984426504
1,3.610116266492949
0,3.8190486022490724
1,3.5781072510616596
0,3.4384859892761286
1,3.451425680539029
1,3.4985214873921544
0,3.4311753435847017
1,3.5091569893940875
1,3.452785977445077
1,3.427828652440556
1,3.6664221901455916
0,3.6967153367989076
0,3.434082794172659
1,3.5964426561523832
0,3.496100733746415
0,3.4020393331630543
1,3.482348292724848
0,3.674376202848067
0,3.4040827304211203
1,3.465136793425752
0,3.57846131653917
1,3.783059196460268
0,3.8411889901250866
1,3.4402008044765386
1,3.769567200091728
0,3.5529094841920585
0,3.401069115966006
0,3.7825806653258627
1,3.4554481092742755
1,3.458316515790344
1,3.4209138981280565
1,3.5330798594749617
1,3.585805500732828
1,3.443776024386422
0,3.4663557733114287
1,3.7052730818702826
0,3.4862829014008754
0,3.4627588320464984
0,3.6599489579307662
0,3.384127957018569
1,3.4773602762675067
0,3.5786393995637686
1,3.473280902989437
1,3.4705381462154126
0,3.401780076760796
0,3.5301486268433893
1,3.457089290569405
1,3.4752075432166043
0,3.5903321781573183
1,3.4526561895606305
1,3.4962069367802324
1,3.5331903377867206
1,3.5426058294818725
1,3.6244487909826155
1,3.4417976956742957
1,3.548713182344687
1,3.413733376980379
0,3.4708217033967363
1,3.430786105263498
1,3.4158255711791723
0,3.608030074041621
1,3.5330983646305225
0,3.4080160631110665
1,3.488709508814609
1,3.583522365272382
0,3.597043559152878
0,3.531213053118996
0,3.571419567813224
1,3.5301881109497923
0,3.6466892152582426
0,3.4335009595729664
1,3.45357077128636
1,3.4663670892591365
1,3.6495161087109076
1,3.5019033369799724
1,3.454938296471981
1,3.6884957668160676
1,3.644748648672662
1,3.488398794904715
1,3.4666997418391077
1,3.5093150883679516
0,3.580274562831345
0,3.396436558761798
0,3.489439924655566
1,3.568772082205047
1,3.496094393029364
1,3.589519958124448
0,3.6001442831201915
1,3.4738712722977256
0,3.478696412594503
0,3.5136204454908553
0,3.407635861875383
0,3.4106116105080537
1,3.415263694885579
0,3.780359577019825
0,3.444523343053184
0,3.5931174722239128
1,3.483278453650862
1,3.5673510163235354
1,3.4131350840106767
1,3.6511624446994615
1,3.447972122902483
0,3.3813297052614417
1,3.620847153834179
0,3.4676264500932032
0,3.4119624101935515
0,3.4257006929657594
0,3.397704061287376
1,3.6288477760656903
0,3.398723664372842
0,3.407767827248383
1,3.610388237512853
1,3.4822664397462098
0,3.6009422264941167
1,3.4718183577715833
0,3.7426266306262583
0,3.570645253558612
0,4.071703398309766
1,3.6293080506153226
0,3.492118298503128
0,3.4625900055219905
1,3.4978692138792957
1,3.4587964460561693
0,3.5583836378789773
1,3.413662346915944
0,3.4430580811286062
0,3.566288551722687
0,3.7523001273081755
1,3.414323700024427
1,3.532836922348926
1,3.5244290723966016
0,3.4269575566744948
1,3.4435747802533117
1,3.422103676261173
0,3.5733849350397255
0,3.424057260537222
0,3.581592997617783
1,3.498349932850849
1,3.466836331687886
0,3.6141167742545486
0,3.593235144151035
1,3.476689919817907
0,3.598693214908803
1,3.55053082411217
1,3.5566655382995633
0,3.642079168546495
1,3.646929199773179
1,3.6339775164857886
1,3.437111670309122
1,3.5197637954005034
0,3.519500137593564
0,3.554291862356092
1,3.562485440597637
1,3.4157501526183225
1,3.6055440278056228
1,3.513636768419864
0,3.5477074078453144
0,3.543386607573747
0,3.457266468540311
1,3.468828657040826
1,3.484040320831782
1,3.5685144653490157
0,3.586565422909913
0,3.688278198657476
0,3.376899558896153
0,3.692974743111034
0,3.662610180189698
1,3.4186457026977846
1,3.452180913586764
0,3.3880004371596484
0,3.3776538519747064
1,3.6264702631585064
1,3.565356283343576
0,3.830037184194919
1,3.415263694885579
0,3.5591701608909645
0,3.3862477098494255
1,3.413081272348595
0,3.6076516724813716
0,3.558271861896708
1,3.4913520447833015
1,3.4790376581218676
0,3.5571424550365003
0,3.6310615569486395
0,3.549197402045817
0,3.42564948287413
0,3.664730716205623
0,3.427234500904602
0,3.4900451520920375
0,3.561422936726141
0,3.696339592944275
0,3.416944249542543
0,3.5649109089008215
1,3.628436469226963
1,3.461262688014034
1,3.50393597839056
0,3.5473527930568136
1,3.5101194514952008
1,3.8627976983241044
1,3.4531382266128
0,3.5671370436247987
0,3.7126527104733453
1,3.420310033610784
1,3.582261131013997
1,3.4181644258947737
1,3.4829707943101447
1,3.4768377435496896
0,3.4523967571431564
1,3.5887094022976482
1,3.6201012682475158
0,3.6181646832953867
0,3.5955371600877917
0,3.6300844652360595
1,3.5250051323928084
1,3.419006518723056
0,3.6458011077145405
1,3.487954612192201
1,3.4776896157360624
0,3.402538081107721
1,3.6631335207990974
1,3.560418133095747
1,3.4572872486567996
0,3.452472626787977
0,3.4264284658233364
1,3.4915526458828388
0,3.541220281464063
0,3.6378954559520853
1,3.6534760933793415
1,3.942126637060395
0,3.73300595341772
0,3.3903845311525322
1,3.4114670365770228
1,3.467458381589691
1,3.4852173905774557
1,3.50653830034419
1,3.5789960377755374
1,3.459914521931222
0,3.5704671685364096
1,3.4851935097008524
0,3.5852901172220637
1,3.4772663245179256
1,3.5275975381382367
0,3.9008559931491273
0,3.655401894140494
0,3.3999222739953217
0,3.4101584609807083
1,3.5011910219826836
0,3.562523922128994
0,4.1150954664233055
0,3.5221665210821
0,3.602493764675809
1,3.5744034053377733
1,3.4552434648746932
1,3.4616741473181882
1,3.5423732670170187
1,3.4410548273381316
1,3.895013290149827
0,3.6717826620707257
1,3.4519910021901685
1,3.5522381281117763
1,3.624044132270061
1,3.554362248382712
1,3.4290702986962733
1,3.4538129261895567
0,3.3942157264414963
1,3.4792112759835434
0,3.4801509908889026
0,3.575322770553811
0,3.5925999505098516
1,3.503547887293193
0,3.523658070108799
1,3.5104668624733244
0,3.4686172615274513
1,3.480829562056775
1,3.4205577637416003
0,3.5691053776473534
0,3.536574530671753
0,3.452698125532411
1,3.4365073927397685
0,3.8480611541882968
1,3.4590699907687923
1,3.5035274302767627
0,3.427136282621987
0,3.4136768336000762
0,3.5657862949193526
0,3.4642281731800826
0,3.607417620754664
1,3.444315926770023
0,3.500872818708539
0,3.4904572509259197
0,3.389798988719608
0,3.441515637850392
1,3.576520612159517
0,3.609627963481702
0,3.7364331565685176
0,3.62181066971206
1,3.4380153816206445
1,3.6349917740154742
1,3.5510745915092152
1,3.419044168692701
1,3.4436288378039146
0,3.414365869046856
0,3.4512927313624435
0,3.389862375822882
1,3.605841338200107
0,3.4486757789724867
1,3.7875684902185998
1,3.556922828705286
0,3.4548208996463723
1,3.7655802252133252
0,3.6843036918428207
0,3.695098432720306
0,3.4783395850845125
1,3.5274818048156136
0,3.6545448932603652
0,3.4687382116183105
1,3.4597426457582343
0,3.5721654192744947
1,3.453803181062988
0,3.533684773618296
1,3.4709154196028
1,3.4360937809735796
0,3.3959833601587013
1,3.5624413730492677
1,3.4563728834073366
0,3.5039039015872198
0,3.6962736986165026
0,3.4263490426558803
0,3.5739461194010316
1,3.4787375433002605
1,3.647617698881056
1,3.4869385489019686
1,3.4813101658151844
1,3.417101689195961
1,3.7708728828716556
1,3.41469053320112
0,3.6958501027437656
1,3.5447374834001106
1,3.4947276443023827
0,3.512338217143387
1,3.587421688271454
0,3.5912971115302836
1,3.452981978787323
0,3.5919225760869136
1,3.430555664232419
1,3.503129650443253
1,3.4196174924840363
1,3.445587801462281
0,3.731625550011474
1,3.516233951219913
0,3.5703002335221323
1,3.619173599264165
1,3.4679782024043857
1,3.505050509093702
0,3.626016853071916
0,3.475630914015028
0,3.69468744496432
1,3.669554256232103
0,3.584918381251915
1,3.4293167228708286
0,3.4335156688860518
0,3.6638365230718573
1,3.4684757669637003
0,3.502196952132281
1,3.4642905420095502
1,3.420310033610784
1,3.4482317643762443
0,3.467758582833684
0,3.43436051002045
0,3.521523979024847
0,3.3996228940267286
0,3.5405233412916752
0,3.578853824008529
1,3.4649255702467476
1,3.6051193905747287
1,3.5153021305131915
1,3.467401640586631
1,3.589654961111558
1,3.7207797006333903
1,3.726454909093477
0,3.4088975019612504
1,3.4759372344939714
1,3.666565703903648
0,3.4027590451343057
1,3.5344236838352407
0,3.434066553821914
0,3.6193357316295174
0,3.5429255025807707
1,3.451403737776346
1,3.727772051202299
0,3.5762985250910053
0,4.022629026140362
1,3.4210889063096803
1,3.425918041532133
0,3.5818133262427407
0,3.4549022602425685
1,3.598650691236793
1,3.455567670407945
0,3.585558692653807
1,3.4299227539106476
0,3.43389446351247
1,3.4747410427855576
1,3.539856530576786
1,3.516287050922897
0,3.5006131679762893
0,3.7696634947603487
0,3.565103402950227
0,3.46013513567424
0,3.5546846225548836
0,3.4207735958137886
1,3.510471622421423
1,3.5590057435994296
0,3.6770511891831856
0,3.4668120736886965
1,3.5217413203106243
1,3.4679834116172312
0,3.448196572669986
1,3.658978268423886
0,3.503973174769494
1,3.419197603555431
0,3.585787560636158
1,3.4212760080774633
1,3.4504239371099645
0,3.435100350949192
1,3.5605405851110823
1,3.4606642920824635
1,3.4551132739682675
0,3.4756811998373007
0,4.0369761696331015
1,3.511948713238317
0,3.465828994747857
0,3.6083316829655523
0,3.529619027785455
1,3.6006458644844224
0,3.485923013525323
1,4.158495728003246
0,3.411067884384656
0,3.3918585806234676
0,3.4894467829340043
0,3.6426003433334837
1,3.466773273175396
1,3.4526974181714274
1,3.624154005489169
0,3.568510240470649
0,3.527772814520348
1,3.6320569110092533
1,3.5971482926241785
0,3.70641098979181
1,3.4540475806252755
0,3.6172403202182672
1,3.516233951219913
0,3.402637760266452
1,3.554973634506966
1,3.5775982101790276
1,3.408126204067775
1,3.5475333960200555
0,4.035814991980311
0,3.5751259038470646
1,3.4986885110582575
1,3.4285641456670044
0,3.555488095387228
0,3.396788732957183
0,3.4850762749716884
1,3.496042781036111
0,3.607582067933429
1,3.485303974194644
1,3.474394578981506
1,3.427671035828363
1,3.495018024865756
0,3.426808226674137
0,3.516693570519254
1,3.459354172924894
0,3.630195443672566
1,3.4123833619510187
1,3.6762855433391843
1,4.041534314073012
1,3.4168311203044146
1,3.473287400858128
0,3.734901816785279
1,3.443238600727211
0,3.4937736435528866
1,3.584851208914071
0,3.675629377459429
0,3.3945193644504035
0,3.38500514956514
0,3.584850613438293
1,3.8363656889682787
0,3.3811856855726674
1,3.5147553148334385
1,3.46150680709951
1,3.546872289465078
0,3.8437075705685007
1,3.5168142654969063
1,3.4621529083858915
1,3.726407143451088
1,3.499116243421829
0,3.5203108173102047
0,3.401402287088146
1,3.4695862961081194
0,3.4933991486456346
1,3.529991361843645
0,3.5310596354976274
0,3.4085288893403303
1,3.40779473259305
1,3.516599395634856
0,3.713808265213615
0,3.5703052400430897
0,3.565563964998841
0,3.5662883326023698
0,3.64099881799309
0,3.3840856938397272
1,3.471438270004085
1,3.550149633798408
1,3.494949193256522
1,3.4617816598543714
1,3.4196004172407646
1,3.5041949316433656
1,3.537373241954758
1,3.485893129608387
1,3.4531625696785
1,3.598146257114873
0,3.6613158644853914
1,3.6358222186614775
1,3.5697623140759247
0,3.609848380314927
1,3.4348571361069036
1,3.507611991782247
0,3.8214629686889565
1,3.4984911594490518
1,3.4806656369004285
1,3.4662347808035374
1,3.605575038512236
0,3.459571598141136
1,3.430239445086548
1,3.4182701934340236
1,3.481988546480397
0,3.4543033532369507
1,3.491593651160508
1,3.732659527615191
0,3.4349611910403652
0,3.909458306528447
1,3.4892387218460748
0,3.5436035857853905
1,3.5352837919909996
1,3.5749656717711704
1,3.503312220774076
1,3.441640853353218
1,3.6704851683204023
0,3.418708806362672
0,3.5861411315451575
1,3.4240865124671087
1,3.4414585077603856
1,3.561670314643956
0,3.4293196598329425
1,3.5827837868792622
0,3.538870066238835
0,3.608694326452785
1,3.4947412716856143
1,3.554356760598102
1,3.535648264232779
0,3.610100182437346
1,3.471969966305819
1,3.7296514731266996
0,3.473302757455887
0,3.599148362705418
0,3.4511411131624117
0,3.5332922590702074
0,3.683072419696864
1,3.5093366303551305
1,3.45062054810864
1,3.8688022430573348
0,3.583930225314664
0,3.5361110853890145
0,3.3814216039589953
0,3.589697025683577
1,3.62755894666188
0,3.510232225125312
1,3.489862673459398
1,3.661698109472655
1,3.5190183877494774
1,3.4297939011659504
1,3.459210262705709
1,3.4576133710866586
1,3.4839313577552082
1,3.4679782024043857
0,3.6393779084515065
1,3.5027876863492464
0,3.393654071841003
0,3.5070018777072494
1,3.4800211307744333
1,3.4200184005452465
0,3.5005180648061276
1,3.481607669817123
0,3.581605930715193
1,3.469188404052827
1,3.934163911958379
1,3.827695068091957
1,3.523746199900984
0,3.391703880858345
0,3.4070161679734707
1,3.4792862836302474
1,3.5581835882002806
1,3.6458040203142748
1,3.525191760956277
1,3.4129749530714784
1,3.691511771103149
0,3.4210619627988668
1,3.7887492143953576
0,3.457957390401373
1,3.452494021408116
1,3.5593898276279767
1,3.434201499466058
1,3.5304621133638006
0,3.4018101285368405
0,3.419888738541595
1,3.472277578796741
1,3.4385763792041697
1,3.522275425456218
0,3.5893145397555912
1,3.4367343098851255
1,3.557105249937912
1,3.5115835103509947
1,3.4487368840381545
0,3.520608901319243
1,3.482168302760564
1,3.4585938966198957
1,3.5371136582212186
0,3.4838273360594014
0,3.669055561276487
1,3.5459567583941434
1,3.4708906354895306
1,3.5468904352018504
1,3.41737467765448
1,3.6099712920366405
1,3.565440395688844
1,3.587218691382553
0,3.582327341007682
0,3.659593937243297
0,3.4265784855335792
0,3.4226338366735636
0,3.44999135482566
1,3.435590740288053
0,3.6396597598873193
0,3.595820453136731
0,3.4785087274039643
0,3.5602628387497415
1,3.4198864502662025
0,3.4934670333862785
1,3.460779192387359
0,3.454591502757855
1,3.4719864073914786
1,3.4328543619396372
1,3.4255672109300574
0,3.4803702310145024
1,3.4217394461005655
1,3.487149736134463
1,3.5015251638534988
1,3.4266637767297095
0,3.6998760772001016
1,3.4758153624791785
1,3.695915452056348
1,3.468666528258914
0,3.383257624241354
0,3.3950731752996424
0,3.539306221970121
1,3.6991045070857265
1,3.641086965501831
1,3.5791848747071247
1,3.5502017772187995
0,3.456995470590111
1,3.7155630595298854
1,3.6505000331703923
1,3.5656295372599422
1,3.470044188500829
0,3.4395878302633514
1,3.497356011207264
0,3.6063459197587773
0,3.4510634451156723
1,3.4745369086931377
0,3.565936844759541
0,3.579495999054733
1,3.457132921784175
1,3.5034789380621474
0,3.7469489465834345
1,3.5210577443070648
0,3.755173794112816
0,3.5929964412448183
0,3.6208247587612137
1,3.481787251428138
0,3.4520438303110046
1,3.4752075432166043
1,3.538748794485083
1,3.4670284981357984
0,3.440182857027255
1,3.5729665313879266
0,3.778171819165148
1,3.4233647236003706
0,3.475561613456089
0,3.529170601002606
0,3.5885048973966382
1,3.6879374205151234
0,3.4272265552863552
1,3.464021313318191
1,3.461080302962827
0,3.85527668161066
1,3.700577220948404
1,3.445920322677931
0,3.4885068153061836
0,3.571935000878687
1,3.440159326797822
0,3.519806476417551
1,3.4328094238665265
0,3.521473650822353
1,3.42508973904029
1,3.426980961533601
1,3.5617029710496486
1,3.455567670407945
0,3.7072365540449175
1,3.421722427922107
0,3.5182499335491277
0,3.528056076748944
1,3.565977870742295
1,3.4497424651317123
0,3.5053282543247413
0,3.7477254371716664
1,3.6362215876227544
1,3.5423836181882535
0,3.581475326685075
0,3.3807263038156243
1,3.4897082693985486
0,3.684658382056771
0,3.540694938725817
0,3.528213066673873
0,3.570678726478902
0,3.582666327162722
1,3.7637908788145107
1,3.460081994554346
1,3.491715615346034
0,3.4619818811017757
1,3.73624939533652
1,3.4131350840106767
0,3.4620548953197896
1,3.5291119075811763
1,3.5913086669919734
0,3.423667443036274
1,3.5757243183214844
1,3.7078298041205784
1,3.4408172932348484
0,3.612595925156375
1,3.459782630173244
1,3.575797827898002
0,3.6849533477641825
1,3.7738551847005657
0,3.5310751887269163
1,3.5457554232539956
1,3.4958857312826743
0,3.4326471203201856
1,3.416816989446448
0,3.5335611123753368
1,3.510564337481198
1,3.4432784346717678
0,3.4380155073111522
1,3.600838209620935
1,3.6557215329345976
0,3.4447588535489913
1,3.587511485085322
1,3.4803262641283443
1,3.6668377170734754
0,3.589832216230604
0,3.5413058086186293
1,3.4297939011659504
0,3.4437818647727463
1,3.7872516432572896
0,3.45501264726892
1,3.4886293752720214
1,3.485068192871694
0,3.6048407004218563
0,3.5747813356810862
0,3.5920381245241186
0,3.5888930884965617
0,3.4074432812136792
0,3.5209583025473576
0,3.5136701458397814
0,3.584734511524842
1,3.4431017145527623
0,3.5794760945002664
0,3.733182466321265
1,3.4621592089448385
1,3.492484697331886
1,3.513431803853265
0,3.5768800602996733
1,3.4609908146402564
0,3.6802110764523244
0,3.65987852147531
1,3.4741725828399206
1,3.547953220878589
0,3.5559495527195857
1,3.6791929702792223
1,3.483381849137188
0,3.5553673581670964
0,3.8007324627346177
1,3.424910861625646
1,3.724037874858185
1,3.427053214281681
1,3.72287212298675
1,3.508434405017849
0,3.494170755623676
0,3.7342359370972966
1,3.624527800896807
1,3.4467403348416132
0,3.4784973840002933
1,3.412306593424582
1,3.5682068120536545
0,3.3954915222197526
1,3.451447230253054
1,3.4895757747555995
0,3.496204265260123
1,3.5886063141148243
0,3.5929258094336096
0,3.5795805416196664
1,3.6672024379871866
1,3.441314414337173
0,3.5862148674745344
1,3.453439745934995
1,3.421419761396383
1,3.496245830817324
0,3.583764005821177
1,3.448667444381271
0,3.659173267730469
0,3.480431321574578
1,3.5931786496471707
1,3.4916367813827365
1,3.534828733624613
1,3.5331406287937823
0,3.585542667780458
0,3.4692986003225106
0,3.4912050902304803
1,3.6533144633221286
0,3.8835848790454075
1,3.6698009797523548
1,3.7169040210654374
0,3.525918853524185
1,3.4215995644219537
1,3.49007716860451
1,3.4842887373331832
1,3.4854711492025765
1,3.473589385112102
0,3.5027763104660083
1,3.599196145129099
1,3.42039178954515
0,3.664405256259772
0,3.5678046931324623
1,3.407052994680703
1,3.4625049448527108
1,3.453333514182045
0,3.5791137434523224
0,3.4281542549393618
0,3.4684489527259057
1,3.497158916862887
0,3.3981848237015826
1,3.700462683270255
1,3.544810479246333
1,3.793766805017476
0,3.5355181666300077
0,4.066732738154164
0,3.416413812269107
1,3.5429665117572746
1,3.4191816222327773
1,3.43945135747547
0,3.50387062326311
1,3.4602564276537935
1,3.6869993223586195
1,3.4340250503117846
0,3.623350992036058
1,3.675748194679662
1,3.418485717391747
0,3.7610134371838306
0,3.473635792007755
0,3.53795595923882
1,3.5076959801867504
0,3.5032679365158614
1,3.4834205044424422
0,3.4643337372273173
0,3.602845453162313
1,3.468666528258914
1,3.6334339163024185
1,3.425919056398688
1,3.4785310957436644
0,3.65577748872144
0,4.039823099341538
0,3.603741359339609
0,3.3943067785157917
1,3.4382207252541823
1,3.580004231771384
1,3.616661732125349
1,3.7102187250287932
1,3.473659552348958
0,3.577947932709231
0,3.727925363301933
1,3.4220795091708323
0,3.435973301265511
0,3.5363723372990425
0,3.5579183976516493
1,3.502487067151888
1,3.489848841541373
0,3.4952213813704396
0,3.5217291680809284
0,3.527881478162536
1,3.42803720889923
1,3.5966747748556025
1,3.6506024170914326
1,3.4884337685624516
1,3.5936549240152202
0,3.4452190725735785
1,3.5333868874435566
1,3.498548270714292
1,3.5781555653787005
1,3.4949113241404857
0,3.6946072907111476
1,3.4535502937680254
0,3.4634800360808815
0,3.38239639913983
1,3.614921805728664
1,3.670200544806127
0,3.3914360413144173
1,3.4483849411663208
1,3.4819587874953366
0,3.7030930461907405
1,3.7326928348970023
0,3.6326295238674837
0,3.595598441186152
1,3.6091354542078222
0,3.5329198679080083
0,3.650730096652566
0,3.4721348124595424
0,3.52528089112589
1,3.4384938794363675
1,3.4536609363538107
1,3.4490601525728493
1,3.448845815508066
1,3.557246909616518
1,3.5203730249819403
0,3.4710628314586542
1,3.627611993170792
1,3.5550606627362797
1,3.637616887253566
1,3.4892036567266236
1,3.6097705487291813
1,3.422517848321175
1,3.469631798259604
1,3.4102976851019067
0,3.609967727976565
1,3.4428322088060646
1,3.419934598553445
0,3.385320136552485
1,3.4565339607875676
1,3.451015635627479
0,3.579719911835391
1,3.6058993143694997
0,3.438057494234651
0,3.4154783155276465
0,3.573054270065434
0,3.496496551154443
0,3.5399161839068274
0,3.5763432290480384
0,3.458133289425004
1,3.4602358338117027
0,3.5556438042414182
1,3.6990484498061518
1,3.5048658155133947
1,3.4573230656678895
0,3.577889247367031
0,3.437425204133892
0,3.5594679797149946
0,3.402409487800596
1,3.480014551989678
0,3.490555725184802
0,3.579452329321417
1,3.4959990719679963
1,3.878751626881063
0,3.5805752090521445
1,3.535055693065302
1,3.5354053101872087
0,3.450322502479818
0,3.499095949613889
0,3.3891557303129254
1,3.418188319223525
1,3.4546090962505156
1,3.6007968667654957
1,3.4752507851440115
1,3.4444643855681027
1,3.443646998599899
0,3.4787868265027955
0,3.4289129751720204
0,3.4297693685401414
0,3.489260684785978
1,3.6234975920192487
1,3.4792557001265068
1,3.447185943557555
0,3.6109511194226718
0,3.5770226079007474
0,3.559312974010163
0,3.568302311898554
0,3.537510113544265
1,3.481375725132991
1,3.408404033231706
0,3.446866892367549
1,3.4773602762675067
1,3.481371566914472
1,3.4489624219223307
0,3.606284595519167
1,3.4355900743712042
0,3.4183036513217324
0,3.6841560346020374
0,3.43269476194005
0,3.4369230423106067
1,3.6748231627367174
1,3.409644006313805
1,3.461802969854427
0,3.498833927552685
0,3.5168752787658155
0,3.5792210596755054
0,3.6194861396301587
1,3.501348499265845
1,3.4778320980819157
1,3.4088566592295115
1,3.4737353355710474
0,3.413185398198762
1,3.8529563751925693
0,3.6855832953820653
0,3.487880371291508
0,3.402575388181659
1,3.4516172875023328
1,3.4847000065474623
0,3.5527922406930226
1,3.6445355192968707
1,3.764101400428805
0,3.7053008065170987
0,3.540398045895253
1,3.4973538553392167
0,3.6219164193001743
0,3.4525431046885173
1,3.414185192187779
0,3.5154534798898127
0,3.569778625688503
0,3.5363546853526477
1,3.581080821718611
1,3.4946450584590987
0,3.4875308663700952
0,3.487964383343981
1,3.498769282750639
0,3.54147552372517
1,3.4722330157942243
0,3.6231595796069413
1,3.4190245419750744
0,3.478129226594318
1,3.475346570460451
0,3.6708138242486776
0,3.6917106895352076
1,3.462375781204272
1,3.4688799340884016
1,3.5286548308611425
1,3.803236736133189
0,3.531139478570616
1,3.4999240743195688
0,3.5254970668437005
1,3.4790093367742982
0,3.5827375782319253
1,3.4175343402307132
1,3.6456797714459728
0,3.4533876860699024
0,3.5426281058344644
1,3.461053272069458
1,3.4215721068574263
0,3.6548746778603447
0,3.6111915989314958
0,3.5689696169616814
0,3.6958501027437656
1,3.7409170329059234
0,3.388858733310866
0,3.435535093321643
1,3.4168949248167646
0,3.412655037819792
0,3.6649949952268823
1,3.4811099789533486
0,3.586365897395849
0,3.6008766559904144
0,3.45220389229077
0,3.522650045892138
1,3.632499470786079
0,3.5778841565796276
0,3.4320741837176856
1,3.747725940330751
0,3.4059394489424495
0,3.6581706174114634
1,3.479156470464074
0,3.619717073090908
1,3.4182912525046922
1,3.434217166856059
0,3.540421700286553
0,3.432288373867922
1,3.4673741856177513
1,3.7028997327518742
0,3.4701313504028746
1,3.512292695862708
1,3.448424663813037
0,3.5197303098414503
1,3.556332440849453
0,3.421055993351052
1,3.606161208338838
1,3.8684547401916953
1,3.411625041984161
0,3.524566883316929
0,3.5755352536551372
1,3.4144918173779417
0,3.83036829542549
1,3.4836035941074495
1,3.4943001762164965
0,3.5487342576076704
0,3.4135353639828865
1,3.6123725476576585
0,3.5681025181504533
1,3.4847771156574545
1,3.428679093254791
1,3.482348292724848
0,3.588887630799874
1,3.4231028390589495
1,3.43731676178987
1,3.4203484913050546
1,3.545336428480404
0,3.6207035010534834
1,3.5314646323292687
1,3.838966245616748
1,3.4242669302434194
1,3.652209348406437
1,3.4712653165477443
0,3.393426301735161
0,3.5888358596357794
0,3.578631394847891
1,3.7568928097208714
1,3.489927994005373
1,3.607019666635838
1,3.6515903376099286
1,3.7531601099879515
0,3.5699257253226566
0,3.378825058276317
0,3.5915394807833287
0,3.4991449391277207
1,3.485836896113745
1,3.5725736729650963
0,3.560534879815737
0,3.6295296034324203
1,3.5014437954462223
0,3.3941266469436995
0,3.5923047881314263
0,3.455638926657359
1,3.4515055341984717
1,3.4779012317865634
1,3.549053497722973
1,3.485221751894244
1,3.683444853380863
0,3.501337256207461
1,3.6709138067833154
1,3.5640427480261154
0,3.674392962031201
1,3.437043418496753
1,3.9377737002330235
1,3.430032971655223
0,3.561682391491759
1,3.625142185679996
1,3.40847701330808
0,3.4916951639675524
1,3.588845869073875
0,3.567096408091804
1,3.484364148756495
1,3.424156754321551
0,3.562648127801832
0,3.6629385333992444
1,3.584440322256672
1,3.4226404020165275
0,3.4305764364989266
1,3.494710445458896
0,3.575209937218981
0,3.4655652596933995
0,3.4932948028025694
1,3.458619052259108
1,3.442096820784093
0,3.6680320595361064
1,3.4938069097184914
1,3.6366419422676235
1,3.580426685271076
1,3.623012697840955
1,3.5287002248890245
1,3.6838620334711627
1,3.5479152824544733
0,3.390034664650149
0,3.6717115658299457
0,3.6048470101707224
1,3.6018662707994205
1,3.528341365279899
1,3.78026463899185
0,3.403518194614973
1,3.5908056488191225
0,3.508386518502765
1,3.4595699662812867
1,3.5321977910696076
0,3.574610453303345
1,3.457470946620084
1,3.6383726655757176
1,3.4154255574438626
0,3.405339830980047
0,4.0698063432908205
0,3.4164983891429483
1,3.432035757227485
0,3.587025257518734
0,3.515460432655471
1,3.474278620815083
0,3.3862700995369517
0,3.560860866192874
0,3.4090033138630056
1,3.651916208463937
1,3.5463039319992076
0,3.4171904661893957
0,3.5623081523503166
0,3.609751640427245
1,3.4424576269555067
1,3.6353460570163065
1,4.371165462543209
1,3.420430449873344
0,3.4298331675110667
1,3.4488157777356085
0,3.4918009515734227
1,3.471884706303602
1,3.416991990858462
0,3.3990685665706772
1,3.47811792515045
0,3.419094921298444
1,3.8198623765164035
1,3.640823283650385
1,3.4908096716512538
1,3.5585151052375963
1,3.4727418645875523
0,3.424677193427301
1,3.4848189629369726
1,3.58705710427571
0,3.436154234414642
0,3.4131892243103525
1,3.4097227979135067
0,3.445111142750838
1,3.430773660703541
0,3.519080487884819
0,3.5505818665426254
1,3.479405686931721
0,3.407203041646485
0,3.3775837697256805
1,3.495259545561196
0,3.528095754775537
0,3.6368513469992325
0,3.5722579610885274
1,3.408479212590775
1,3.5259779092825845
0,3.5690200931002742
1,3.569065550632327
1,3.434487726630903
0,3.570633752355975
0,3.4820191334494655
0,3.4915142979797102
1,3.4444120516509775
1,3.462731368938378
1,3.419662278088316
1,3.4205533817512124
1,3.491613306661289
1,3.4230892406119637
1,3.5494392803046453
1,3.875332910149441
1,3.4582621150760158
0,3.3934814080474127
0,3.4552229264016874
0,3.4182592586054
1,3.506338553978052
1,3.6665031010969082
0,3.5035800535378976
0,3.4290543190807625
1,3.614457975315528
0,3.4060312998621587
0,3.535129358057936
1,3.489927994005373
1,3.6002973871111266
0,3.3953965428547046
1,3.5636242165351524
1,3.5493862491421018
0,3.586329673248355
0,3.782078889473974
0,3.5888319679991683
0,3.537831693129021
1,3.504244568635176
1,3.7898342619213827
0,3.6178602748011177
1,3.449265438155222
0,3.406238079698711
0,3.6022631522952167
0,3.534472527101513
1,3.45415241171684
0,3.3998800287756556
0,3.447131673086159
0,3.91994866251864
0,3.4322338306407008
1,3.4886799722127635
0,3.656538716604284
1,3.457967524118283
1,3.5666396358780954
0,3.5897214671928124
1,3.6333767022759567
0,3.645514412198493
0,3.4253251495209183
1,3.7055358103186
0,3.4375985068601356
1,3.466873685200019
1,3.4421565314887186
0,3.5717517244176715
0,3.5714260297288916
1,3.6236822056589575
1,3.5763408167140267
1,3.448065516809547
1,3.447469532160475
0,3.602271103859492
0,3.513639569434953
1,3.4671905257182796
0,3.667922698700975
0,3.397072580467777
0,3.4042064839447517
1,3.6130325432493784
0,3.416270011445424
1,3.4897082693985486
0,3.3936933922163552
1,3.598855427174142
1,3.4866742474441526
0,3.4366895940235054
0,3.394127854788165
0,3.400142608182605
0,3.639496801094745
0,3.422977010720856
0,3.565390660191481
0,3.566758721267567
1,3.5828139685143814
1,3.428951604802713
1,3.4754112173485154
1,3.6795594589034986
1,3.826337994988004
0,3.5650096275049044
1,3.8103677993138287
0,3.602373285544726
1,3.458255074713724
1,3.4888034312301337
1,3.442978617230498
1,3.8351585805902433
0,3.4336398072306937
1,3.4865140696496777
1,3.4350329312003143
0,3.5405619121270275
1,3.5165223219380373
1,3.487045702823392
0,3.4960380731097325
0,3.3894562728730833
0,3.5363518725103273
1,3.4767615575689343
0,3.5021055683018836
0,3.771832146106268
0,3.4661931009342966
0,3.5840320947227684
1,3.455029747437825
0,3.5488667278086914
0,3.6663035840673186
1,3.634043591342852
0,3.4458983991662975
0,3.538387520282123
0,3.696487816068793
1,3.4349497964296627
1,3.457906068511461
1,3.865727525065982
1,3.410850040475293
1,3.5031336069811525
0,3.628159835052153
1,3.4170318885223723
0,3.4727357524839784
0,3.692339782450371
1,3.4845713989721765
0,3.6182234223872722
0,3.4402808871298727
0,3.5948702677543394
0,3.562796441317253
1,3.4324832390293576
0,3.3804376966589817
0,3.5208989604479033
1,3.5593704964796027
1,3.4206181280471735
0,3.4921746032421885
0,3.423459530633392
1,3.5371798992881347
1,3.4170529391668607
0,3.6402137852905216
0,3.600023955574105
0,3.4085026023308003
0,3.5960158242078695
0,3.41019576168141
1,3.419953447838364
0,3.6339538145931303
1,3.4950990413397216
1,3.425360082121409
1,3.4770136345998783
0,3.586052410489254
1,3.673504683233306
0,3.685388197722309
0,3.582812164531526
1,3.698389059739788
1,3.424405088249731
1,3.4416179578866135
0,3.6906216118764466
1,3.5213858269665
0,3.468064664207106
0,3.5370667659413164
0,3.5872074012273076
1,3.5110074960348276
1,3.7102350987550463
0,3.704544432816091
1,3.463041465441183
0,3.4250334691212623
0,3.5034137072560134
0,3.591703684213263
1,3.5239477117502225
0,3.7062582467543406
1,3.6841995010611313
1,3.523965549672244
1,3.4195639079928224
1,3.6434296823055154
0,3.5753494093292697
1,3.4857903954961036
1,3.468619772193357
1,3.7408031182087784
1,3.434927245938965
1,3.670762268682107
0,3.635603265218753
1,3.840656491863125
0,3.5347073558799864
1,3.8874610816005823
0,3.4410690115509617
1,3.6031523168161717
1,3.532589805569687
0,3.4227713129793935
0,3.468190529823991
1,3.4108219755319205
1,3.703650127687571
1,3.4609985748687913
1,3.5204243756556712
0,3.4389422088774664
1,3.65809841725496
1,3.4260089937540936
0,3.5793028245305916
0,3.408511170704015
0,3.5027082399162364
1,3.460548234852043
0,3.4022271672976885
1,3.550459434907904
0,3.7804773198461277
0,3.555076063451847
0,3.422522687121963
1,3.4765461808767024
1,3.4120808712963404
0,3.67224813798167
0,3.3993903950773263
0,3.5921397708241565
0,3.4804073064025296
0,3.4123108076718953
1,3.468020865171418
0,3.4863947376376925
1,3.479090494511193
0,3.5899706266952265
1,3.4787891105801036
1,3.6196749009384415
0,3.4510549829163066
0,3.394791692951064
0,3.4694909017995967
1,3.691511771103149
0,3.399677544077789
1,3.4929238372605855
0,3.387208064665149
0,3.460667632119253
0,3.6895333217272337
1,3.5119736255892273
0,3.400495609851118
1,3.745150562215186
0,3.3889796335938507
1,3.5399025753728304
0,3.5824835226754033
0,3.447003532732977
0,3.7069253754677165
0,3.3841416462183367
1,3.5056944637047995
0,3.4113400754108714
0,3.693400210304233
0,3.483191927592352
0,3.703253921410909
0,3.7931093584030173
1,3.408135460506793
1,3.4624283735212087
0,3.4720028243611663
0,3.502690006695943
0,3.6279840737981357
0,3.641325503355169
0,3.504115623360937
0,3.4262097946900774
1,3.5517393141170914
0,3.492522825814348
1,3.448424663813037
1,3.593378509035297
1,3.485636763353937
0,3.534025837982865
0,3.571419567813224
1,3.497279908447225
1,3.512522808100576
0,3.480872326004446
0,3.686135032491281
1,3.7155630595298854
0,3.6030060408709566
0,3.7587673217722437
0,3.5514379913648324
0,3.508860307915094
0,3.611312794922154
1,3.479857243695686
1,3.466926221682284
1,3.467633232703203
1,3.59424675508075
1,3.5354053101872087
0,3.5062255490776484
0,3.3973239506889676
0,3.5625919658408964
0,3.433541874663073
1,3.462822992023645
0,3.4519448490507814
1,3.62012643353616
0,3.4745121256589866
0,3.611112035063895
1,3.4725404411787983
0,3.5730945072861795
0,3.3970013638551793
1,3.5821504687418404
1,3.4373327370642506
0,3.4142578351026547
1,3.4344754787255547
1,3.5116897172676746
1,3.438959434671222
1,3.4639669276809086
1,3.6516386820710567
1,3.489788464356216
1,3.461828756909744
0,3.444264655400946
1,3.410184820261158
1,3.525740162943216
0,3.425077184357855
0,3.459484648634182
0,3.5730663360890293
0,3.4024978028944686
1,3.5518748137652487
1,3.496142710012274
0,3.460170645123853
0,3.391383536648609
1,3.4790376581218676
1,3.5150034835883592
0,3.3860800836827054
0,3.5928598070287876
1,3.833669318106825
1,3.4916440333227015
1,3.5842596886948503
1,3.5948104370937166
0,3.4408244383548476
1,3.4682419851909865
0,3.540654363124968
1,3.6391646033524947
0,3.5798142353235916
0,3.4399025995308534
1,3.61415297272155
1,3.4667583699205236
1,3.4543873141223154
1,3.6558448402636485
0,3.687744673051954
1,3.579194650349598
0,3.722890613317008
0,3.5705050585029943
1,3.7021478827259453
1,3.4294599372444097
1,3.5312060837519343
0,3.6952678240045107
0,3.5338224844136277
1,3.574684897121712
0,3.4708617065323537
0,3.3948126265392666
0,3.4034327208355344
1,3.7428429207537697
0,3.405265716867186
1,3.5267092252183483
1,3.508222196401513
1,3.4336564696986396
1,3.467150295382791
0,3.5509217094865004
0,3.4374497888686157
1,3.5941982604054794
0,3.698802999606409
0,3.5657245902587227
1,3.4313898286669016
0,3.451270048377025
0,3.7971747856326514
0,3.639970955324352
1,3.512211786966844
1,3.588371653233504
0,3.5506117936560044
0,3.449099179409393
1,3.5620630491406957
1,3.4408672890933003
1,3.5498092600969335
1,3.5024497652748745
0,3.6297267171709167
1,3.5159422121241053
1,3.5413538948051517
1,3.460577174927173
1,3.5236528400178537
0,3.585513316815187
0,3.459808631313604
1,3.471818526957176
1,3.638031119157151
1,3.471811122781936
1,3.5321977910696076
1,3.5006115122102943
1,3.640506577035208
0,3.8772735759898285
0,3.617966402193962
0,3.3928566556361264
1,3.758076254089085
1,3.445850099982493
1,3.5053111236662358
1,3.6209628413202846
1,3.4599761402517433
1,3.4517972292787094
1,3.4248062953741494
0,3.5120338504757114
1,3.4733849015549483
1,3.6377102136586608
0,3.589856327068896
1,3.4393674144380886
0,3.470934439843747
1,3.6255498349898057
1,3.4682330122234024
1,3.4144918173779417
1,3.482168302760564
1,3.41968319168088
0,3.374801448806685
1,3.67887725501449
1,3.8802298251067753
1,3.508978432355061
1,3.5404707402070947
0,3.79717615115225
1,3.6468447627862277
0,3.3979855688352134
0,3.7053008065170987
1,3.4108679077051782
1,3.455128651894007
1,3.472865940638896
1,3.633063422756196
0,3.8830050022429763
1,3.4528372955037927
0,3.53250583930191
1,3.6937755131069627
1,3.4224486521057864
1,3.450650232619873
1,3.501760928582322
1,3.6217201211084524
0,3.4334969780148565
0,3.43547056612229
0,3.486499692037262
1,3.483318052230385
0,3.443055752294126
1,3.6383675589842928
0,3.552916918724313
0,3.7187550073159144
1,3.4621752118466063
1,3.5140328979034354
0,3.440024113741536
0,3.412670627334427
1,3.4870116360601187
1,3.483317550570159
1,3.418372739395931
0,3.4772384590795204
0,3.5803407917281214
1,3.6660080180362176
0,3.5652484998644822
1,3.5060547949479086
1,3.641553552756064
0,3.5109111253179575
1,3.538709203747361
0,3.420606112102865
1,3.625843375500301
1,3.4722391165212305
1,3.458690512287138
1,3.5432082339504962
1,3.5080534068488993
1,3.6045634916269402
0,3.4022780927969953
0,3.593532517346653
0,3.4037266888132875
0,3.574137353558218
0,3.597832800438252
0,3.3979496905115827
0,3.433267475875122
1,3.6170779882316855
1,3.5166332315051734
1,3.4245939781292374
1,3.5668469705381667
0,3.5430337563656082
0,3.591375690244834
1,3.6358252712534753
1,3.473103804887128
1,3.4129481636928305
1,3.822890390560499
1,3.5161071583859687
1,3.453002623062129
0,3.4726851299892223
0,3.5841552917773543
1,3.466376555273373
1,3.418838664981569
1,3.592552530757869
1,3.449747916675514
0,3.5841370926342644
0,3.5175690850361434
1,3.5955191781137907
0,3.581056140074026
0,3.385529870213505
0,3.7284721288587397
0,3.5502267317148553
1,3.4637535976488363
0,3.426887516975835
0,3.4283902011707377
1,3.5668726107348623
0,3.6715439822444305
0,3.563935965934334
0,3.571944596224549
0,3.4419545911896816
0,3.6768234417679495
0,3.4677322508827113
0,3.500871482291829
1,3.7354619273883864
1,3.4203177069766273
1,3.458205996596457
1,3.5494392803046453
0,3.5669540975014784
1,3.570422742911273
0,3.705630219801882
0,3.4626425724949814
1,3.556332440849453
1,3.4413299379791864
0,3.5900992675405434
0,3.568480743163609
0,3.3929136884356836
0,3.3849373700707157
0,3.575595537758704
0,3.453419921998378
1,3.5575800349950333
1,3.412403921147447
1,3.521254219244365
0,3.586457520215105
1,3.4266637767297095
1,3.536731478478851
1,3.4309309893138837
0,3.4521820213102408
0,3.4271604098411275
1,3.6745689892701803
0,3.5829923090662033
0,3.3813071990772348
1,3.5559704876337377
1,3.487558019338144
0,3.62489973596132
0,3.431742320865992
1,3.413641534261331
1,3.588224487893453
0,3.61523935268059
1,3.422400229076739
1,3.5114492765747296
1,3.542815881321713
0,3.4218510709968823
0,3.5573817520231508
1,3.4777240264779246
1,3.5462762423987884
0,3.4875372016161434
0,3.798232146521818
0,3.4139471255856693
0,3.426764550530048
0,3.85527668161066
0,3.515498879677233
1,3.596044875371941
1,3.4483432339154967
0,3.4761839196973012
1,3.6374327597782656
1,3.470157646466918
0,3.5420981724934975
0,3.39167885071891
0,3.862624366009342
1,3.697641739555543
1,3.5124358177347985
0,3.4341729876233953
0,3.4163340427042894
0,3.4386323925677753
1,3.464635512061199
0,3.7577786387015406
0,3.5046441202352034
0,3.584334972263286
0,3.478560238331818
0,3.5697746349421986
1,3.4105262185717353
1,3.4671887862651736
0,3.5781466056514595
1,3.4798801447521686
0,3.413167146964556
0,3.582307402490398
1,3.4580971168746215
0,3.37916356360875
1,3.6560259576580956
1,3.5889798182542743
0,3.375317381550025
1,3.4118488741457726
1,3.523968443275742
1,3.590791513635607
0,3.519729200065231
0,3.6336939473522314
1,3.5395324706434623
0,3.762559846084276
1,3.5172936834044264
1,3.5982206467258786
0,3.5887131657510047
0,3.591431876300466
0,3.59007987191873
0,3.574939624583396
1,3.5090459719702087
0,3.6804126846719125
1,3.5563653702333116
1,3.4809599857180205
0,3.5231396822578502
1,3.6824311840729105
1,3.42134188511481
0,3.4368163294702447
1,3.4718155578262464
1,3.47149587513582
0,3.535826051611747
0,3.3931808920738336
0,3.7913913662907683
1,3.608165617127531
1,3.4344922812238874
1,3.52926507701452
0,3.498916506391587
1,3.4122414617652277
1,3.4281583356819723
1,3.4598704922421106
1,3.5173990478640396
1,3.4230892406119637
1,3.4758631870500185
1,3.459039916077738
1,3.626690638391857
1,3.4646447700804144
0,4.05250958869193
0,3.6166511816595888
0,3.3944276764706216
1,3.484586298696512
0,3.7739212124131964
0,3.7659185566505675
1,3.527476349562954
1,3.4919319252428704
1,3.682445056861709
0,3.4457299326576956
0,3.6374260709609785
0,3.5979552850140473
0,3.4282854169355006
1,3.4261808556336137
0,3.5013944860923916
1,3.644070956896961
1,3.6940311663687035
1,3.493302400977887
1,3.520566429556888
1,3.651539053211633
1,3.6885667372984186
0,3.3915808261045703
0,3.4354124052583277
0,3.857438761029364
1,3.4491247210241984
1,3.4277120653537483
1,3.725727377838371
1,3.4975316155811838
1,3.684413237397131
1,3.5503152786600802
0,3.4375245596396553
1,3.4143235968742376
0,3.5661689716073623
0,3.4388434594573836
1,3.491615975911635
1,3.591594096591418
1,3.451378876195776
1,3.4621633695805927
1,3.40847701330808
0,3.5107368400901233
0,3.4313811389722977
1,3.4768346515872515
0,3.6961907499004014
1,3.4653742878217395
0,3.6125764594612133
0,3.6571462271159874
1,3.439300875098394
0,3.477783237106126
1,3.4990965833024172
1,3.7164572194881917
1,3.5490331198384912
0,3.450958672266844
1,3.489480348506297
0,3.4641832449196546
1,3.654226967186667
1,3.438913618172446
1,3.4242339640133417
0,3.6148263686246063
0,3.624292526499259
0,3.5679462350199826
0,3.577246746099208
0,3.551131131127198
0,3.5064995850968055
1,3.4514733451145165
1,3.415867491497562
1,3.6074172376349103
1,3.4540661800686445
1,3.513764623869599
0,3.6258623661453293
0,3.4443965503786145
0,3.554316825678877
1,3.4223270020302663
0,3.4436293591114358
1,3.462587208249234
1,3.5081733389746637
0,3.460658008022348
1,3.4519993898349024
1,3.85460643835248
1,3.4152249004272908
1,3.63630301614582
1,3.462587208249234
1,3.4332427393126084
1,3.5355676018219384
1,3.4865970842808265
1,3.5001227449447256
1,3.529614294709538
1,3.508389554125212
0,3.706673899421356
1,3.6824469850607677
1,3.475244371074702
1,3.4779668623972713
1,3.5009139105617684
0,3.3946214525609024
0,3.453963595385071
1,3.425641465780051
1,3.4798410487231335
0,3.6025825627010666
1,3.4186010494977603
1,3.7158266457759925
0,3.51418528286195
1,3.4225102774717473
1,3.58123297339361
1,3.4921905083646
1,3.679254550392844
0,3.5307703863952957
0,3.4185926371704114
0,3.461780611775868
1,3.430623881772302
1,3.425000845709671
1,3.5384971530217495
1,3.4562129969125643
1,3.528983568108549
1,3.640920587104889
0,3.6144792467829086
0,3.4897141930874684
0,3.699267271436728
1,3.508716981803338
0,3.5774340206671034
0,3.4688320574646965
0,3.4420033185836165
0,3.74339408447462
0,3.432509779253449
0,3.595296103021109
0,3.405420212028195
1,3.4683238072794413
0,3.6837480260741864
1,3.4897695317383364
1,3.4598835544482642
1,3.465924956436017
0,3.426012490907517
1,3.5127134901900763
1,3.4257174750253494
1,3.42039178954515
1,3.617181134042904
1,3.609313339181295
0,3.586360782305798
1,3.693170829629545
0,3.6519460671280135
1,3.68788775561796
0,3.5919648377025735
0,3.4349560377413995
1,3.4221256930511985
0,3.439068644585183
1,3.4212319793759565
1,3.443783801931099
0,3.571927422560236
1,3.5050429314087976
0,3.58860466726126
0,3.5938113960329874
1,3.6357113767881364
0,3.3935128578556712
1,3.5072504513391
1,3.521242500144983
1,3.476351112544965
0,3.460667632119253
1,3.418838664981569
1,3.4257174750253494
1,3.4639057471504504
1,3.460235943605475
1,3.599397690183931
1,3.459984885510265
0,3.455918393546412
0,3.4030805648111064
0,3.478246937026736
0,3.706893416022532
0,3.4494932289163014
0,3.505586286081529
1,3.417817757233011
0,3.618650520296974
1,3.5228303370680707
1,3.5675591450980306
1,3.604978862325531
1,3.6049815433959647
0,3.691300624141916
1,3.4126005581381835
1,4.0268717793657345
0,3.5289221796928283
0,3.56712411365941
1,3.5844986631457143
0,3.8344244823561104
0,3.6280427974717417
1,3.4468054289235783
0,3.4694779324272416
1,3.4555788314907674
1,3.480513492390991
0,3.4021978165788913
1,3.4891107570725404
0,3.700288874386701
0,3.42025525754952
0,3.5731777601740293
1,3.4154005891798374
0,3.474811933478479
0,3.570152545299776
0,3.496523535890658
0,3.573349153065619
0,3.700531161212623
0,3.404451004730705
1,3.4419664817244016
1,3.488409368163295
0,3.701246708262094
1,3.435100588791922
1,3.5415722132445393
1,3.4805759039574546
0,3.7844820933586654
0,3.6225368048890676
1,3.524110058245012
0,3.565193165432305
0,3.425580900677543
0,3.5274244076510493
0,3.383723138565443
1,3.5672485375621825
1,3.476906962138826
0,3.675517672697399
0,3.8981994097479666
1,3.618921748211862
0,3.451112762744366
1,3.5069568543709
1,3.473047166155547
0,3.552791023696701
0,3.76195528393635
1,3.5497773762825444
0,3.5846758181567098
1,3.425598790343922
1,3.552844239984997
0,3.609589764131114
0,3.5403063238904715
1,3.653367841132969
1,3.5576819556743815
1,3.4975140697687466
0,3.4053885892136306
1,3.4234240753695273
1,3.4977240353194334
0,3.399593295030969
0,4.07004407061117
0,3.5340129053541833
0,3.670534278914243
1,3.463972757904602
0,3.417996033144139
0,3.5993965867820954
1,3.4934331686704763
1,3.553383201726594
0,3.469764610140146
0,3.7310647953536598
0,3.4466023357580986
0,3.5606873947255093
1,3.4852540924724464
0,3.766423569294718
1,3.825532747968519
1,3.6707560037356775
0,3.3982573998836187
0,3.7329783408435953
1,3.448361909156228
1,3.516455181064675
1,3.422178392681234
0,3.4844123078151807
1,3.4792804444362777
1,3.4500234125288167
1,3.5571464853847887
0,3.4194879442594015
0,3.409335999416065
0,3.623525786694172
0,3.5661822467711026
0,3.6503854789196195
0,3.6128672545570835
0,3.6081896756193763
1,3.6244617087499833
1,3.48789330055324
1,3.6371433376053464
0,3.527530908060239
0,3.6359098360230986
1,3.5076324397572
0,3.5957638989567173
0,3.606116305592427
1,3.4875167452923987
0,3.5743655395792158
1,3.499741596003338
0,3.4762911839972306
1,3.8703109070134767
1,3.876319694708141
0,3.5955470357865966
0,3.382689572101006
1,3.455669965009047
0,3.4608005718570944
0,3.945876034908225
0,3.6754220247955303
1,3.424659024105093
0,3.5584297851403366
1,3.50290707055183
0,3.5273748263900617
0,3.5141932015007566
1,3.51020157120444
0,3.5136920349622285
0,3.446241889616897
0,3.607218185007987
0,3.446657987057366
1,3.4373619161354596
1,3.434278154477795
1,3.560745470164337
1,3.4569760565627985
1,3.5794197679215625
0,3.552200846304656
0,3.45996115494626
0,3.4204887793277816
0,3.7302919395067966
1,3.6092391063597273
1,3.466792364583836
1,3.4842887373331832
1,3.564614695506351
0,3.6297396787132556
0,3.601081890391265
1,3.6357532673518316
1,3.415913772726357
0,3.4429776019033076
1,3.4483547969817634
1,3.498548270714292
0,3.771081609205998
1,3.4158255711791723
1,3.4801047371769407
1,3.644688883952856
1,3.4801499828891416
1,3.4701654304276928
1,3.5829007693589743
0,3.4084289512072927
1,3.495442672560309
0,3.3842168285716294
0,3.400668601687968
1,3.4201097132886975
0,3.5904584423080395
1,3.748903056856688
1,3.4617224717034496
1,3.42803720889923
1,3.4248149116016857
0,3.532934711013759
1,3.4175535591271906
1,3.483524568389652
0,3.4371509578281305
0,3.609643335782451
1,3.574263411692331
1,3.454125789009796
1,3.691603263315791
1,3.67197961660962
0,3.413298269154623
0,3.779352929471941
0,3.446662993345768
1,3.4545433252320183
1,3.507570664962333
0,3.473103385548982
1,3.638645993199482
0,3.480054000094815
0,3.535883902922105
0,3.6357165729603356
1,3.538270172455101
0,3.585541450702557
1,3.854113178823431
1,3.554601427083061
1,3.550031711709901
0,3.7046136067960425
1,3.4681564428262655
0,3.58525766769868
1,3.488311033559149
1,3.8613950081826505
0,3.6852296412983088
1,3.470307855692977
0,3.658039541259744
1,3.458342377505574
0,3.572381879041227
0,3.699265748909171
0,3.4381527703960706
0,3.5583641688079517
0,3.941603937866061
0,3.4294071000828983
1,3.4127394622131764
0,3.4420477797176923
0,3.406433816289835
0,3.531851660776683
1,3.4402008044765386
1,3.5593266920796642
0,3.461509635801358
0,3.5743397770826033
1,3.5005777648597736
1,3.4972487771483265
1,3.4329994920340052
1,3.6782184146092582
0,3.4203208100832017
1,3.5293246281897694
1,3.638645993199482
1,3.4752815778545125
1,3.57904103881293
1,3.498226644042294
1,3.6968557214621005
1,3.5328222647581566
1,3.4672221532272522
1,3.5698785374954833
0,3.4233028293896526
0,3.5704118877975253
1,3.612766913092367
0,3.476095517093247
1,3.4195639079928224
1,3.4449563898310442
1,3.505660165245325
0,3.5150010238790945
1,3.419662278088316
0,3.6841560346020374
1,3.546239224126475
0,3.597095224193801
0,3.5782668297421716
1,3.478619198065275
1,3.710768673697843
1,3.6150088158908775
1,3.4693788360999935
0,3.478007871027959
0,3.4289999912035882
1,3.4424519373593108
0,3.6127416727655883
0,3.460869171784774
1,3.5586552999572643
1,3.462587208249234
0,3.7075845290270872
0,3.665886762929647
0,3.4539126130845688
1,3.414157909654263
1,3.46175223370697
1,3.8540831580861235
0,3.443741893409739
1,3.5224885370259145
1,3.5400839763632783
0,3.408965177738773
1,3.683197836356953
1,3.440978401683762
1,3.451378876195776
1,3.701778548648868
0,3.3782732543224685
0,3.69219827122519
1,3.518833315051945
0,3.5842057291477074
0,3.5723293069435216
1,3.584193051604088
0,3.526212689339264
1,3.4876866711136527
0,3.568680813621189
1,3.444399049765975
0,3.4426851519536386
0,3.5674778388655284
0,3.452869955836636
1,3.417745862588144
0,3.4956666840905926
0,3.476124892744706
1,3.5256034824414746
1,3.465834622987364
1,3.5008600884591905
0,3.584066429669466
0,3.619060105599395
0,3.4688133696959422
1,3.4532668504010338
1,3.5396815316434505
1,3.4582986703843797
1,3.416953397018686
1,3.4763223214984555
1,3.493413039213563
1,3.4642589167520823
1,3.625518591911692
0,3.437046768197753
0,3.4769485341226196
1,3.4216928032121188
0,3.451939691566616
1,3.48911349810744
0,3.3891671006983914
1,3.4946450584590987
1,3.4532836535276976
0,3.431516221920382
1,3.471024375288792
1,3.579486791224908
1,3.4915526458828388
1,3.5024575014432067
0,3.5734031756518463
1,3.4610301794221208
1,3.453048226220438
0,3.520477140153838
1,3.905015593574139
1,3.4867182589472168
1,3.4941413793634513
0,3.487476366698234
1,3.442615494909576
0,3.4151087887594858
0,3.979570232263974
1,3.5093000472720637
1,3.682180226857307
1,3.59720623727831
0,3.5929435062578507
0,3.414345697131261
0,3.4285215810892704
1,3.6108397888830033
1,3.5067730636158694
0,3.702147957256678
1,3.462587208249234
1,3.582622689221515
1,3.4479092916362464
1,3.472926594651957
0,3.4134343486998517
0,3.499639788876375
1,3.4204402069395123
0,3.6233148912497484
0,3.5393231750700966
0,3.8159579114432964
0,3.4300688678372593
0,3.487706427134488
1,3.5761330629703183
1,3.6669668290448185
0,3.5818970213758052
1,3.4888093708097854
0,3.5329417421991898
1,3.4515451432651694
0,3.6184623766989685
1,3.4935013659035477
1,3.4577631922282035
1,3.568582350422546
1,3.53989741857378
1,3.792913243076368
0,3.5071450863620077
0,3.674607546948537
0,3.6312004232346418
1,3.5086583840415035
1,3.5165664610097083
0,3.406053018599869
1,3.4969340419352886
0,3.421470819793169
0,3.5233353792184885
0,3.447161046333525
0,3.6085757413682855
0,3.4122785141453535
0,3.405517095657789
0,3.44279564550179
1,3.4372137552908164
0,3.5765328890335644
1,3.4772503140667608
0,3.5589315662167036
1,3.767239014901795
1,3.548878602965142
1,3.6690936906002642
0,3.5379619312539767
0,3.580824392042272
0,3.6960198989200292
0,3.41574305617827
0,3.418885533079478
0,3.6489099226957165
1,3.607976005958571
0,3.3892966945230456
0,3.5784828021829176
0,3.440839280067341
1,3.4947541608849457
0,3.579526364963383
1,3.500321689936665
1,3.466075188935857
1,3.816924773533378
1,3.476262172278613
1,3.496315707905844
1,3.536160061872546
0,3.59275498567886
0,3.5638912888577243
1,3.589400007222288
1,3.4486018550672464
0,3.5760183426423167
1,3.499700739741604
1,3.653068300693185
1,3.486040678598648
1,3.4493981274962175
1,3.4720838413477613
1,3.482631590565817
1,3.497279908447225
0,3.5866089581026253
1,3.4187759965903615
0,3.552656262400003
0,3.5349182058677484
1,3.587888378473166
1,3.475925903118521
1,3.5212744627991963
0,3.593371880556411
0,3.3842608646710133
1,3.5705549302158492
1,3.6803475820431895
1,3.4889086222315884
0,3.56557857531321
0,3.392818566315701
0,3.4664866168411206
0,3.5583380139289233
1,3.417774806137224
0,3.964483327791606
1,3.618038110851647
0,3.610100988187199
1,3.6752199588432157
0,3.93462507304665
1,3.8347719334425996
1,3.6037906921293663
1,3.6387171275929115
1,3.4179988680811815
0,3.6893168547531463
0,3.569852531766998
0,3.4636117831978894
0,3.6323732355246148
1,3.792913243076368
0,3.4071043398310277
0,3.4614272006703777
1,3.428519970061724
1,3.499233256960173
1,3.481402858259833
0,3.4992976305413204
1,3.838457418242171
1,3.466572913796863
0,3.427739821652138
1,3.457348697038273
1,3.5808128619508732
1,3.440968002986074
0,3.4285295526766513
0,3.3836299394837575
0,3.6132928630382253
0,3.5798511901179215
1,3.661113135274671
1,3.4278883619719944
0,3.5577067581201005
1,3.6655475549214875
0,3.60264115486266
1,3.641818974850738
0,3.5013444014141046
1,3.6212556977371557
1,3.499436854456906
0,3.585089897137977
1,3.6079718325602124
0,3.5279932168162254
0,3.526748407775682
0,3.6522592212920433
1,3.642085776926191
1,3.504550307166055
0,3.4679837655053625
1,3.5193945330119627
1,3.420672254031914
1,3.4913342855811638
1,3.4170470969503715
0,3.39691640049154
0,3.6980445176851795
1,3.521796689049666
1,3.5794325787596457
0,3.42251301451487
1,3.6652148637819377
1,3.4493016265870238
0,3.4385569378415988
0,3.44517702469445
0,3.5312720094542476
1,3.579304347684088
0,3.545066999441118
1,3.463850642385718
1,3.453209919196456
0,3.5608428229050992
1,3.502995329892948
1,3.669489399188605
1,3.4392890840885495
0,3.420301092335194
0,3.6268875476238125
1,3.5465668143697866
1,3.611384347966762
1,3.4526075543758554
0,3.5825358527381708
0,3.5454382360530876
1,3.43467789363205
1,3.7189971589954447
0,3.4715254243462477
0,3.7738614242453647
1,3.6289430721799842
1,3.4153645078828707
0,3.653620512869564
1,3.5966214899509206
0,3.542234944834936
1,3.5012859124083184
0,3.5828936868340344
0,3.523834928044327
1,3.4685932061971516
1,3.5106158731490082
0,3.6535376939593807
0,3.4298336673926713
1,3.635040429559352
1,3.4724726094302647
1,3.650404124840043
0,3.6968489386804024
0,3.6024368667988886
0,3.747370656711833
1,3.4121303443981628
1,3.4885294195083847
1,3.428759468933768
1,3.451708960274711
1,3.434481014799287
1,3.592580435363056
0,3.4686891302492047
1,3.4211513672841445
1,3.4574348461731
1,3.4535894925649093
1,3.4767019418590674
0,3.6245489049639987
0,3.5798376381104124
0,3.5652642465469175
0,3.434159679993598
1,3.5375016185021098
1,3.41968319168088
0,3.4650404573006006
1,3.631985820855514
0,3.49486002712362
1,3.535456025367842
1,3.548713182344687
1,3.4687923776531475
0,3.466376348175863
0,3.7002232313986476
0,3.4368540151742457
0,3.3932037038485476
0,3.430441155953767
1,3.4719487309702357
1,3.7174387009609124
0,3.437891899318993
1,3.5391769223598826
1,3.4827882059339745
1,3.4532221134374397
0,3.695098432720306
0,3.569248953872313
1,3.4200244372544564
0,3.420983623232089
0,3.5278648299586752
1,3.462865609778685
0,3.519273179777111
0,3.58225090384879
0,3.425783936229089
1,3.7545934606076643
0,3.471096288419345
0,3.4153239437651095
1,3.592419029242589
1,3.5450312496226886
1,3.413523538610318
0,3.4746693663179964
1,3.487662725022161
1,3.827235452322701
0,3.4082690660492303
1,3.648090912567786
0,3.453084973444834
1,3.777746858679605
0,3.401655580655206
1,3.416280359244584
1,3.521143728798648
0,3.5831324595441383
1,3.880904456721377
0,3.6673638669671567
1,3.5043785010185196
0,3.5191433624000847
0,3.422582086138871
1,3.4369568545353024
0,3.5056932794368936
0,3.400641628024048
0,3.4937343126994866
1,3.4397497819268668
1,3.534346818058134
1,3.4082829727709494
1,3.441652675190137
0,3.50397186935491
1,3.415073259676301
1,3.8584495440759814
1,3.4152900239427195
1,3.415263694885579
0,3.419826770969599
1,3.4233449354447387
0,3.518981285781547
0,3.4800505845639975
0,3.4416679410429674
0,3.461540466759693
1,3.455720824593629
0,3.5678164631967713
1,3.6359637053790523
1,3.5001981291809923
0,3.5682939559629427
1,3.516720890854752
0,3.540362308463317
1,3.4192504275379036
0,3.4573004491112136
1,3.9522456649238817
0,3.5826759725025488
1,3.4841369356891194
1,3.6034311531470182
1,3.4595398806177977
0,3.407516276926681
1,3.4996360699787785
1,3.50540404402681
0,3.462795627324965
0,3.385650466580591
0,3.571825091330306
0,3.441674732652447
0,3.782048551724061
1,3.4487368840381545
0,3.4727482303372024
0,3.447012824602814
1,3.657818500298286
0,3.588452299028062
1,3.684136417520737
0,3.557056264566968
0,3.6013251223442695
0,3.424927876381005
1,3.6273694208513567
1,3.4867284434223333
1,3.5537087542607306
0,3.4959426092348687
0,3.5271994659020436
0,3.3736883696894964
0,3.4124937250196044
0,3.591478579513115
1,3.484861751077234
1,3.57754104873282
0,3.4118307228137317
0,3.7449626836104093
1,3.5119172920861437
0,3.4893063172114385
0,3.575694955023065
0,3.4797496547788653
0,3.520022891670415
1,3.4778019383370724
1,3.473364742134897
1,3.516455181064675
1,3.413662346915944
1,3.425081057404133
0,3.4192352083016995
0,3.696919626702715
0,3.5932692611739774
1,3.488808927762781
1,3.772183386885092
1,3.455996679032782
0,3.5953188540364738
0,3.4095801066712204
0,3.5633008434052824
1,3.509982568400858
1,3.4196174924840363
1,3.4530118822653653
1,3.4228575281076763
1,3.5211780228568474
1,3.5891423040390573
1,3.509657006853318
0,3.5746190849319053
1,3.5420505897388272
1,3.652954071791242
0,3.5662772811091616
1,3.479692838534946
1,3.4930995611138576
1,3.617714230251764
1,3.564941422114245
0,3.596631758968178
0,3.5232787890471147
0,3.5861514098938656
1,3.510052129632674
0,3.468366318406343
1,3.470066582088104
0,3.6681395553508094
0,3.687430535031759
0,3.4004884134467344
0,3.5735610856628384
0,3.4956033693631965
0,3.3974325702050945
1,3.6879374205151234
1,3.4143463575929545
0,3.681834662458862
1,3.516601022183798
1,3.765420840794966
0,3.7122256034312926
0,3.586050536784778
0,3.448726553609984
1,3.528853946347449
1,3.6370938915277162
1,3.6595652270514307
1,3.57485977172778
0,3.5270984483236605
0,3.5963105520464915
1,3.420317667360072
1,3.5586524348884763
1,3.4913342855811638
0,3.3886918826754218
1,3.8171138561140605
1,3.4515451432651694
1,3.4536197670377904
1,3.4261808556336137
1,3.478409950605466
1,3.592580435363056
1,3.485602467719793
0,3.5201069006611383
1,3.4521316400340574
0,3.495144370801957
1,3.5596283940542914
1,3.6068794413577097
0,3.5855510181622683
0,3.4693917160992513
0,3.445026422424708
0,3.5894703606999956
1,3.439177392650256
0,3.5987185558906782
1,3.5750951505888584
1,3.4221585829687897
0,3.583716492171976
0,3.674078395441634
1,3.654035801817249
1,3.6335780347188273
0,3.596456851840834
0,3.4194597656865384
1,3.733214130440915
1,3.4114670365770228
1,3.48635646905146
0,3.5780429120356936
0,3.4095992261160397
1,3.4804501395482426
1,3.4848928130892607
1,3.460889800411986
1,3.4595072516784082
1,3.552448276404909
1,3.505599870266218
1,3.6393919429843
0,3.4115619668625627
1,3.418642186324754
1,3.475744931732998
0,3.5177832808788634
1,3.533879076037721
0,3.446385641983385
0,3.4277626227840123
0,3.5368033523692226
1,3.4780799199162433
1,3.4946450584590987
1,3.7197338013019228
1,3.510208970801264
1,3.590388632403786
0,3.408729398345514
1,3.5005124319900793
1,3.4515451432651694
0,3.414389744200194
0,3.65907001734704
1,3.756538474046881
0,3.6977078555126397
1,3.5183318945038535
0,3.42400383060777
1,3.5722611529927573
1,3.49451589106426
0,3.5255759675032214
1,3.424034042348565
0,3.5868316824780506
1,3.5589509277829974
0,3.6751138999863144
0,3.4154695551540413
1,3.461959467007727
0,3.596024180165272
0,3.4490512223318976
0,3.4413685962408658
1,3.435100588791922
1,3.6076453773001207
0,3.686968524765535
1,3.562534142495435
0,3.465661536648845
0,3.472173727567682
1,3.4970755334248964
1,3.4252065525865603
1,3.4703962036979497
0,3.3951254855130046
1,3.412087435779661
1,3.5029060315029765
1,3.459355833009785
0,3.546818041910069
0,3.418600337497516
1,3.505381136956072
0,3.4794578158125233
1,3.675598669602969
0,3.5480692514938386
0,3.5677085589335498
1,3.5115477679569804
1,3.5395089038698813
1,3.7547362271118163
0,3.6843737930732874
1,3.476992674772709
0,3.7090340117660965
0,3.562918239790896
0,3.8230704206031283
0,3.6898725441073488
1,3.495893804283681
0,3.5371844678332267
0,3.7005085807069764
1,3.452153075403645
0,3.5405619121270275
0,3.502410107003454
0,3.477780888702929
0,3.5754273416516678
1,3.844222840814298
1,3.4683544285025705
1,3.497790023534947
0,3.466774216841124
1,3.525414045204473
1,3.420457573472519
1,3.4775376223768255
1,3.4358081974448713
1,3.6871019777594385
1,3.686054081375249
0,3.5388841846584715
1,3.4505241644815587
0,3.514935666726698
1,3.509327547446346
1,3.711702115084993
1,3.5390771926507543
1,3.4082829727709494
0,3.4349485335729852
0,3.579796391507883
0,3.490913667564275
1,3.4144409487596667
0,3.8301979607341123
1,3.498255179111391
1,3.6482170917054164
0,3.4095711081620115
0,3.610387059615723
1,3.4875321957255174
1,3.868469934866028
0,3.6249721786199625
0,3.4943565609664318
1,3.4525811793155943
1,3.4806558101694263
0,3.4144945094403543
0,3.5666131592891155
1,3.507854719320656
0,3.4365965860577607
1,3.613931576268697
1,3.5173915905019193
1,3.413433055893573
0,3.6909125569891033
1,3.4817087443346573
0,3.3893507470528803
1,3.651264271641074
0,3.4381449394217736
1,3.4745369086931377
1,3.593487381213562
1,3.542127709615754
0,3.6072995504174745
1,3.5866883734457478
0,3.7053008065170987
0,3.48392236958846
1,3.6258510559672885
1,3.4460913109656777
1,3.655335133619553
1,3.513689893767017
1,3.652855493758838
0,3.439858986768121
1,3.4205039193257254
1,3.460597877153301
0,3.467514120751633
0,3.4753676192902723
0,3.562033834161853
0,3.4372550347110407
0,3.3894929694865996
1,3.446083266963533
0,3.422452949576348
1,3.726991798064218
0,3.401279347082128
1,3.4733433126119198
1,3.511504470408079
1,3.5211641802251177
1,3.6111815549501496
1,3.5027876863492464
0,3.685456280106087
1,3.4778019383370724
0,3.615533376405266
1,3.4255775887633915
0,3.555642044519202
1,3.895394684922405
1,3.5946915166579605
1,3.4927168858503954
0,3.6898725441073488
1,3.5219462473184118
0,3.631365480288758
1,3.494943294685804
1,3.5182012660485844
0,3.50093018831404
0,3.5878938068021102
1,3.421734607138407
1,3.470079144754358
1,3.506369490856793
1,3.4848189629369726
0,3.511365591619192
1,3.418899512087921
1,3.4679594753451304
1,3.411994236773691
1,3.4228839076217645
0,3.5050508555493805
1,3.4433304087449113
1,3.4768346515872515
1,3.5620630491406957
1,3.5024774962625065
1,3.4492673439253445
0,3.4112980725274875
0,3.4408598860392976
1,3.4224486521057864
1,3.4629461972884426
0,3.6803406237195277
0,3.387545046304425
0,3.4047708717182643
1,3.4959990719679963
1,3.7075261108453983
1,3.6004992120432258
1,3.57841609024696
1,3.5767874687245875
1,3.416871709561777
1,3.735113885104079
0,3.4487497337425888
0,3.6955862349414668
0,3.4137543119961853
1,3.484609383228415
0,3.6133416719522167
1,3.4306614137760136
0,3.668414580215945
0,3.388432504082139
0,3.563989164143639
1,3.681464441166195
1,3.577383505960324
0,3.4365693550038916
0,3.424441559377231
1,3.468506461454877
1,3.4264563010852087
0,3.4336336119728266
1,3.7962724561062657
0,3.4281649478219305
1,3.476883209643253
0,3.627400693099234
0,3.5530343922166723
0,3.57837281564057
1,3.4907342009758513
1,3.4753084208102187
1,3.4225102774717473
1,3.532522825087743
1,3.518284510784461
1,3.512964310958601
1,3.62977780686394
0,3.5341915681302227
1,3.4696580737307356
1,3.633553140186763
0,3.5972488022604243
1,3.503446559292806
1,3.4877273398916424
1,3.5601913012009963
1,3.5550914658708783
1,3.620841792938079
0,3.531906757166693
0,3.4528252211426365
1,3.5304039944327
0,3.422405984440973
0,3.445603380567583
0,3.4202136330865134
1,3.467209717632713
1,3.483793248998035
1,3.5364913171722607
1,3.4572711578443744
1,3.674928092351216
1,3.4677715790217047
0,3.585431288799374
0,3.5401308809531407
1,3.464010922876809
1,3.5735418877846157
1,3.47919995552884
1,3.52629668282308
0,3.573467581285793
0,3.6828812277960368
1,3.476412944783572
1,3.6209287792766593
1,3.452262559021549
1,3.7146298278296817
1,3.5703762824445238
0,3.39569924395321
0,3.414830819970611
1,3.536843401355768
1,3.4382303825545897
0,3.59075101681246
1,3.422068401203264
1,3.512388963045762
1,3.455890323684024
0,3.5175690850361434
0,3.580413200326271
0,3.583388113607046
1,3.477701090409195
1,3.581974501320282
0,3.403164298222875
0,3.4208645544391234
1,3.9136871970635685
0,3.7968113662384697
1,3.456078121311353
1,3.821527741412144
1,3.4296278023899545
1,3.4505646176453886
1,3.503192778669894
1,3.562199882029863
1,3.4470555610964473
1,3.534107635205078
1,3.4987759441341573
0,3.6260864253224354
0,3.4275853904230345
0,3.4505784062179288
1,3.474266940334129
1,3.517083219556446
0,3.4351564348368497
1,3.5622166270948408
1,3.9389447367432204
0,3.461546420628879
0,3.5426328464854664
1,3.490317045987917
1,3.4412805456270226
1,3.468262492213973
0,3.652147924977595
0,3.831724430580833
0,3.4962875556706794
1,3.4612837752046306
1,3.4646883627396696
0,3.5842288721235875
0,3.4893382204849606
1,3.800577142445214
1,3.5330243877322625
1,3.436950053645205
0,3.688153740129765
1,3.4285063034004923
0,3.628706941340005
1,3.4203286608406493
1,3.6492583359975987
0,3.582186376497146
0,3.3836353523466567
0,3.548197188622788
1,3.6768433555320104
0,3.628319531869339
1,3.4545798005484887
1,3.4171685061955173
1,3.5732090488308472
0,3.598891667916055
1,3.590890868192628
0,3.5209298192008025
1,3.5179684958114117
1,3.5491025734498454
1,3.50780274947484
1,3.500883540982967
0,3.5196851287092916
1,3.472974277833908
1,3.508421143535974
1,3.459908148187196
0,3.538114126707358
1,3.6082395209517997
0,3.3890705525309808
0,3.6589215379201425
0,3.696655934513995
1,3.697944186208366
0,3.572947652275229
0,3.53034865892136
0,3.6714971651960933
1,3.493229912911127
1,3.428519970061724
1,3.5875860033639757
1,3.420113256508082
0,3.3883521318477325
0,3.532658060676037
1,3.417326162085859
1,3.4622224679509253
0,3.410196678509717
1,3.4142742756164832
0,3.605638553780794
0,3.5094778710752177
1,3.4614242916349047
0,3.4317801725049564
0,3.3986904734221124
1,3.6384334699798115
1,3.587987604169506
0,3.4283103786267164
1,3.487577672634857
1,3.5942287294870328
1,3.451211714238683
1,3.7950149813056955
0,3.5840478855468008
1,3.4497817976867275
1,3.4196174924840363
1,3.5885457132338923
0,3.4220184211666846
0,3.4549759128746245
0,3.458938046989067
0,3.7071086024968403
0,3.53037015085985
1,3.4431095537137075
1,3.6402827929326724
0,3.382629592408928
1,3.4738916957184194
1,3.447518325970575
1,3.472322708567949
0,3.9309887542814956
1,3.652494380327961
0,3.494845099653269
1,3.603818553956393
0,3.70252739355487
1,3.4181345063928164
1,3.8245549794219826
1,3.4558492337792686
1,3.800849603615961
1,3.4205879619006487
0,3.5465357983734602
1,3.5224885370259145
1,3.4924922935696925
1,3.4291069627613373
1,3.492707546295613
0,3.4463416575020145
1,3.4168509289295166
1,3.4958761082999015
1,3.457947280581615
0,3.6230362509648537
0,3.4273289348316545
0,3.5971362591530287
0,3.7771497444780966
0,3.5759679970627842
1,3.544005864009069
0,3.621801900521462
1,3.4241121378301673
1,3.4602865072484845
0,3.6110101652625426
1,3.4803262641283443
0,3.4760347194684886
0,3.453082069001801
1,3.576341024861428
1,3.4233296057954763
1,3.5011942036905483
0,3.549736745389742
1,3.5007073822593937
0,3.5647686496391575
1,3.6479491769502475
0,3.4285924350323738
0,3.3885085766368737
1,3.424405088249731
0,3.435615522971144
0,3.433642061026536
0,3.567813206633178
1,3.4247921310429645
1,3.6539278118604486
1,3.514119636215672
0,3.729851082438836
1,3.410365795754458
0,3.5799675129269137
1,3.4450363412452765
1,3.4461471302043223
0,3.5713039251986767
0,3.5688056423874652
1,3.437327118604006
1,3.4122223401829497
1,3.446362890497891
0,3.435099417376063
1,3.4415401409273065
1,3.7321962995809113
0,3.5852061177383185
0,3.384216118695474
0,3.5680468158364684
0,3.638636685908309
1,3.7127791636700773
1,3.621978992215409
0,3.391023789829866
0,3.818929339843286
1,3.586272384557254
1,3.486244649699504
0,3.5382550127150374
1,3.4800211307744333
1,3.7547362271118163
0,3.51497488270211
1,3.6733690679988436
1,3.435428315296236
0,3.5609485134834946
1,3.6852198556445384
1,3.461288294253504
0,3.8897371095879527
0,3.470601081758155
0,3.420376198183677
0,3.6792748953714267
1,3.5058550808427125
1,3.594857928315537
1,3.4457046457772242
1,3.598571816869422
1,3.6325131299700235
1,3.4983016131368907
0,3.4095283622511463
0,3.485841404832371
1,3.4788004795098977
1,3.4752815778545125
0,3.564469742060623
0,3.5741913832582295
0,3.37117755158994
0,3.403647304177028
1,3.422062625333686
0,3.6594375969803137
0,3.438145591845019
1,3.4792862836302474
1,3.5196921515629263
1,3.428080095721252
1,3.421746992188133
0,3.468991711630566
1,3.4756309744866574
1,3.5368481047581635
1,3.4828818409666202
1,3.5800578396588407
1,3.620593745114522
0,3.486809296032403
0,3.5376603615022586
1,3.4483126256606456
0,3.465766703956394
1,3.480699497745313
0,3.699827170162475
1,3.447635965331061
0,3.438914726125067
1,3.678424082466546
0,3.484548222223775
0,3.425408806565444
1,3.42349566812618
0,3.526022141099267
0,3.66040087666812
1,3.5063217630195376
1,3.5088821086461004
0,3.8708469501736484
1,3.5524214337603532
1,3.8484574897109867
1,3.6363032323443156
1,3.409733146203178
1,3.519998173456592
0,3.6780403216440796
0,3.577212034563805
0,3.386255197561811
1,3.481510456713756
1,3.5078318783908764
0,3.538120291666871
0,3.4515838999835062
1,3.459881258214097
0,3.4334390753377315
0,3.553369930721971
1,3.6515420552087936
1,3.4531200783710685
0,3.491660072566253
0,3.578254024549082
1,3.5127438892144514
0,3.6148782614696406
1,3.413052816775472
1,3.429764098083591
1,3.4897287140524402
1,3.5909713211277037
1,3.6176149667103714
1,3.6505883451998042
0,3.7691177082064216
1,3.4266454606217196
1,3.419990826821397
0,3.623459097366026
0,3.481567992074026
0,3.4941142474972997
1,3.6251448414252185
1,3.5935858568858374
1,3.51567641387347
0,3.483080172152025
1,3.6554213859785283
0,3.751085137012342
0,3.4343752442681925
0,3.45726549218357
0,3.415871259812935
0,3.428767038461098
0,3.582484515378782
1,3.4221585829687897
1,3.463294151064534
0,3.4286123394894825
0,3.76284288060513
0,3.4885665158989108
0,3.5556476122513243
0,3.4810510824351306
1,3.4206804917586497
1,3.487109797113059
0,3.5618686071790724
1,3.442358138662059
0,3.583573539299712
0,3.39044487213072
0,3.5550277498738243
1,3.4216735229964628
0,3.4123685442850955
1,3.5600926975053158
0,3.6699702921697614
0,3.584192993988491
1,3.476883209643253
0,3.67409026712964
0,3.4209288627041383
1,3.4204478959006157
1,3.4266271216484885
0,3.5804202174112514
1,3.4419374545224555
1,3.4480466905626956
1,3.4756999301255735
1,3.4963802761840355
1,3.610263910365713
1,3.519969007034938
1,3.493572110460571
1,3.5439501938899176
0,3.442997997906003
1,3.459979719696811
0,3.5897989427787866
1,3.7134924800264777
0,3.752749449318217
1,3.5183318945038535
1,3.456367520348068
0,3.5374165996603315
0,3.55250000999997
1,3.418642186324754
1,3.688577400130029
1,3.440198323618686
0,3.441245969876651
1,3.529785563063649
0,3.4116058592318943
1,3.679899266634076
1,3.5016689661488187
1,3.682811952793849
0,3.4621595937614393
1,3.616729993678621
0,3.497415457337017
1,3.509280381286728
1,3.424526846318972
0,3.5396819665582697
0,3.41376905520878
1,3.5392581811383295
1,3.4556635233581154
0,3.4565052754499597
1,3.470426240009795
1,3.6136655918291503
1,3.436751845166037
1,3.4483547969817634
0,3.59768136831922
1,3.4141078076520426
1,3.4865259920903924
1,3.480036579521888
1,3.428724548040325
1,3.6032539961487613
1,3.447077391263376
0,3.6061635170688695
0,3.4332688881321722
1,3.6653671855585643
0,3.791826349503747
0,3.656727433412867
1,3.4660473956596674
1,3.409782430301822
0,3.580395267729538
1,3.492388185190868
1,3.600317813163568
0,3.468542680453035
1,3.671629700141281
0,3.454279122115797
0,3.484877034435541
1,3.4890748698757035
1,3.482693782657039
1,3.5106158731490082
1,3.504606180659402
1,3.5108891265053344
1,3.560558384611049
1,3.467280389283871
1,3.608296832743147
0,3.385819038282566
0,3.4006173535199986
1,3.563442627414925
1,3.5012435882467656
1,3.5208117957511478
0,3.576016425782761
1,3.51427990455466
1,3.4864259159035282
1,3.6072577625037776
1,3.4234907623823836
1,3.698967775506427
0,3.6186794544176792
1,3.50005663959095
1,3.8518267095755676
0,3.387340515075098
1,3.470579464825541
0,3.6691441107151928
1,3.4600231120562372
0,3.4778511022400753
0,3.7980662417361524
0,3.615006809313651
0,3.577092236417413
1,3.499506288667778
0,3.5974936581943937
1,3.8380527073167463
0,3.407182135281473
1,3.474421561183162
1,3.458636204035017
0,3.405651256677633
0,3.664302768436469
0,3.657872476901691
1,3.5959861001016264
1,3.4457887521406243
1,3.4921905083646
0,3.465755771477776
1,3.673863073843381
0,3.7063293748879818
1,3.445456259008711
0,3.6683827321034057
1,3.566301131157357
0,3.5986174788093805
0,3.452223133683603
1,3.4131642088081353
0,3.4792675060495957
1,3.525536994333787
0,3.5790082796418528
1,3.462066576160083
0,3.437166039164369
1,3.6227856775027756
1,3.731733124909383
0,3.5233198836260065
0,3.575206456193535
0,3.379327587033154
1,3.4852036291535264
0,3.593641451998087
0,3.6217042802573274
1,3.4271950743183925
1,3.502731477044022
0,3.5637151202328137
0,3.5697399531978795
1,3.644070956896961
0,3.6194720071640853
1,3.4186238191870197
1,3.7383487995746516
1,3.5126427024585136
0,3.433478542318057
1,3.473558284649257
0,3.7065503553789174
0,3.4107115851144174
0,3.6937531306018134
1,3.4919976256532994
0,3.697991704595786
1,3.6153348736235404
1,3.6250333372628325
1,3.5168663524435395
0,3.5686018162662982
0,3.406344141400343
0,3.5567227945813578
0,3.5186976153919414
1,3.4320750174451744
1,3.4555677562124116
0,3.4990636426137174
0,3.5146135624066925
1,3.455894388988829
0,3.417702383475808
0,3.5443838470059137
0,3.400966862143684
0,3.576411586967554
1,3.5315847056800664
0,3.4633255922817168
1,3.464851659087513
1,3.505974457257286
0,3.427121158579354
1,3.4726507011168293
0,3.501799461750862
1,3.480843579849352
1,3.450628877936431
0,3.593639169169054
0,3.5764302489353264
0,3.6022276494046426
1,3.470079144754358
1,3.5940527270071385
0,3.6109025430024126
1,3.7522818688012904
0,3.6082793551744614
1,3.459490746544554
0,3.4152066039326003
1,3.458574548509605
1,3.433079530686337
1,3.7102350987550463
1,3.536170588396494
1,3.653068300693185
1,3.429414647015736
0,3.515313201217789
1,3.463801605694288
0,3.5353175790866125
1,3.464490565646672
1,3.4924765900571644
0,3.443357497808176
0,3.559145159007552
0,3.4457490292635358
1,3.6133286168989605
1,3.48982425565521
1,3.6040713834606755
1,3.4818087148436376
0,3.466620329168967
0,3.3783493720766034
0,3.41902464684011
1,3.546062215924492
0,3.5186981942081115
0,3.419936091946972
1,3.618493678971282
1,3.6569696349339584
1,3.588265412868645
0,3.4863980573371394
1,3.4466953087534478
1,3.618042585690006
0,3.5696261177116395
1,3.4224173264924076
0,3.3911123811452635
0,3.509648836337728
1,3.6027251096220687
0,3.392829569242893
1,3.4619825978460033
1,3.6790422720961486
0,3.600768896142901
1,3.4124539593184187
1,3.4764387263335728
1,3.610655949137661
1,3.5053759843189036
0,3.415339636934519
0,3.74186288818001
1,3.5108894055504667
1,3.772055082748669
1,3.509683065999801
1,3.446711483280172
1,3.5940193203355784
1,3.492484697331886
1,3.5003482069630696
0,3.5843945394431564
0,3.449628189493983
0,3.4442929420364834
0,3.4160977552564784
0,3.426502966182701
1,3.568834480635453
0,3.633802900466996
1,3.4395740882463426
1,3.460516718717837
1,3.513297802303688
0,3.5441842035432303
1,3.418053781859471
0,3.5668731916684866
1,3.4663081201851975
0,3.492657620332554
0,3.4204544692596843
1,3.4883755359992534
1,3.4296571501465003
1,3.4143235968742376
0,3.5736483317435956
0,3.59545976612683
0,3.5931681083001625
0,3.471756847371731
0,3.518367283754578
0,3.4841311877749006
1,3.4200572508057796
0,3.6232386524599027
0,3.6148505377096876
0,3.5933459314552727
0,3.389036925314735
0,3.577436351206951
1,3.4775918553864016
0,3.426777559264527
1,3.411494364444134
0,3.5636315119450703
1,3.5139814157555205
1,3.7497436171462963
1,3.4605845886361926
1,3.4769013144290675
1,3.86990919864062
0,3.388885159922555
0,3.5759916189134144
0,3.5408827419351705
1,3.5213274065567877
0,3.384469408100786
1,3.447144886713425
1,3.458330735968586
1,3.5086552039900316
0,3.754694404439679
0,3.5922779056060836
0,3.850215600908239
1,3.4779147966838395
0,3.5795306685023016
1,3.4251935770806003
0,3.608020623705346
1,3.4618971289275313
1,3.4449163950023403
0,3.407301007783858
0,3.548989852972253
0,3.5078285702253447
1,3.474294398611647
0,3.6362890039088076
1,3.500217745582588
0,3.4725338444983325
0,3.4533508319157407
0,3.8103190328469965
0,3.5431121334418005
0,3.410106474643819
1,3.432315325992932
1,3.6203822657468145
1,3.559300913393987
0,3.3979534982725617
1,3.429761310267194
0,3.4044178896985966
0,3.739405715810853
0,3.683410184793356
0,3.3807818937323906
0,3.5621900324330036
1,3.468959788151866
1,3.4858587723453427
0,3.57846131653917
1,3.495082773806658
0,3.686933398575603
1,3.495893804283681
1,3.5379205157509643
0,3.5793354117399794
1,3.446291542394982
0,3.7222833149763153
1,3.4503587272769565
0,3.412537807752147
0,3.553366993232809
0,3.4330878319415805
0,3.589844548060594
0,3.436902516586331
0,3.6917106895352076
0,3.417112427999452
1,3.447602396025224
0,3.576369315052972
0,3.6908975462090146
1,3.7176476349136833
0,3.9415277002632596
0,3.42525877123841
0,3.4823413760820108
1,3.724037874858185
0,3.452005690299491
1,3.465785393533576
1,3.5300625135741472
0,3.5868724987923564
1,3.5009544366299092
0,3.5822880191702042
0,3.594445404925813
1,3.5892323890431177
0,3.5731076303168376
0,3.7366319099451144
1,3.482881974722461
1,3.4338583134311844
1,3.478048153694989
1,3.476277596722089
1,3.5015752189817504
1,3.493413039213563
1,3.458251312536248
1,3.5421138096406004
0,3.5524932370357902
1,3.8724510991740013
1,3.589279669694186
1,3.4265964527875186
1,3.4798410487231335
1,3.7089002512056526
1,3.4787891105801036
0,3.431064597390943
0,3.4213713560760195
0,3.462400693743271
1,3.4989273001343966
1,3.602698362611789
1,3.4587099035843996
0,3.4387269620716854
1,3.9170026516472314
0,3.6947580318848443
1,3.4839517365294355
1,3.574770973219627
0,3.6707769359891342
1,3.909054745762428
0,3.606041525047564
0,3.7261803330936965
1,3.5181679723268204
0,3.3904002142669145
0,3.5633122407963236
0,3.577880411908452
0,3.404727436433686
0,3.440537811626815
1,3.485468821493274
1,3.4415237811199866
1,3.4087118100161695
1,3.4615469557561296
1,3.502688956030203
0,3.562988980055389
1,3.4949550833332617
0,3.4255667517468704
1,3.6224750497057583
1,3.6644138986752695
1,3.673729794002963
1,3.504226553424536
1,3.7056955589581397
1,3.5052780755883246
1,3.6146798648251077
0,3.571094475683098
1,3.5481434303875368
1,3.4507342191322308
0,3.601263099750371
1,3.4772101787591003
0,3.473902394436331
1,3.5985814592698024
0,3.5563642677974654
1,3.6597081451979614
0,3.4148297082693406
1,3.584579683879882
1,3.623501319906615
1,3.6546323753214356
0,3.436811331682556
1,3.418575632644016
1,3.564614695506351
0,3.5005712333801857
0,3.5056455275491576
1,3.5170965303158344
1,3.77875075652921
1,3.4749302488254448
0,3.3968735971376396
1,3.6037906921293663
0,3.435880357981884
0,3.712450438461553
1,3.543318006162062
0,3.39196265522653
0,3.4494890607044497
1,3.514297457620401
1,3.4357554097724035
0,3.7224606392243444
1,3.519821551566283
0,3.381331030515191
0,3.5966084478938654
1,3.61024353194496
1,3.478985782806105
0,3.5507058527601187
1,3.6505453383447133
1,3.597262100173452
1,3.4671304621541923
1,3.5767874687245875
0,3.3897013564251006
1,3.432852638183851
1,3.492509060546572
1,3.461992878169902
1,3.478216534006363
1,3.6743136142834354
1,3.61415297272155
1,3.8998120979700093
1,3.6846784941050825
1,3.440081527289652
0,3.6405424968060243
1,3.504366064555856
0,3.390934878404744
1,3.6129501098898595
1,3.498771932607027
1,3.487308223204863
0,3.4784661043339034
0,3.578792764723589
0,3.5970231192065345
1,3.419680179680115
1,3.41700230778023
1,3.5375016185021098
0,3.5269498561025854
1,3.488606817474365
1,3.4158255711791723
0,3.5252600154844473
0,3.6847118517000164
1,3.8302947116267956
0,3.458485256308152
1,3.5556193505935756
0,3.6235797744364207
1,3.567916135910004
1,3.483041043940174
0,3.4787341848754854
0,3.695098432720306
0,3.423628654663946
1,3.5364913171722607
1,3.468554179424824
0,3.593755970324495
1,3.4081871019799888
0,3.4607657536176815
0,3.6332141044611608
0,3.5851960460052714
0,3.433754803843046
0,3.5532504500364763
1,3.493204594423158
0,3.455259492074728
0,3.565275179673657
0,3.6094835414575317
1,3.4237295502576455
0,3.5765216702768123
0,3.4452166255651138
0,3.4269763149274066
1,3.4807786625865273
0,3.5627699938458166
0,3.5511347106530726
1,3.62977780686394
1,3.519664485527707
0,3.590693878930182
1,3.478142211390529
0,3.6358970850275627
1,3.5063507383007937
1,3.6896604740659793
1,3.4499232218121794
1,3.682445056861709
0,3.6692216937051954
1,3.457442143643019
1,3.4883974254064163
1,3.5782923718102833
0,3.680595694333857
1,3.507690050394997
0,3.480874264288018
1,3.465892688397363
0,3.4117362793724575
1,3.4437811093811113
1,3.8353374613955737
1,3.5966148367298167
1,3.463966878635554
1,3.511047827006269
0,3.6404422785102084
1,3.41543243532602
0,3.4193235275974505
1,3.565854075530543
1,3.7895607500010016
1,3.574779009842616
1,3.8539745004678507
0,3.73370179268246
1,3.4695628580556126
1,3.4749876190647107
1,3.5846571133355885
0,3.483521629464396
0,3.4566812591552325
0,3.5024786374675805
1,3.420317667360072
1,3.4196174924840363
1,3.4238537713408776
1,3.700399744123573
1,3.6217798349573016
0,3.8461018455939318
1,3.4136215350991
0,3.4430056171384633
1,3.4429101627064247
1,3.511808970439554
0,3.400451090038256
0,3.6766924041009847
1,3.5297508195856
1,3.467177554307057
1,3.5132504010401155
1,3.496700011002576
1,3.483207607836089
0,3.3996857807506395
0,3.629382486583076
1,3.448181207948176
0,3.5865488994176453
1,3.4983148145369083
0,3.388661038788246
0,3.4002752439572195
1,3.5116897172676746
1,3.4944618574750215
1,3.424391098644949
1,3.510932422099668
0,3.427678325706353
0,3.529022129871504
1,3.4906501045936027
1,3.4680000000932716
1,3.4673213123412094
0,3.7632204989501323
0,3.5684471473673884
0,3.445648127061589
0,3.704387815111508
1,3.4937520047445476
1,3.6462927195157193
0,3.5808481462323325
0,3.4870670390326235
1,3.8497889642139556
1,3.4187846972932388
1,3.4825264290511977
1,3.4284303792235766
1,3.457132921784175
0,3.5892606221935623
1,3.4190992316820363
0,3.4678967565317858
1,3.4697467296764475
0,3.6086421993809497
1,3.4437257938492727
1,3.517402093021221
1,3.6503603789365737
1,3.417774806137224
1,3.5703928753870287
0,3.5247380251932783
0,3.6483383768753637
1,3.454736303075371
0,3.590947755659302
1,3.417867408220426
0,3.384258547567197
1,3.7134924800264777
1,3.474162439483804
0,3.672449055040534
1,3.4437811093811113
0,3.5744431899050064
0,3.4266130049152923
0,3.5910573687647225
1,3.463978255492857
1,3.7264607822306277
1,3.6569613743512526
0,3.404176267725832
1,3.7432066559698987
0,3.6343781382158826
1,3.4910416029780293
0,3.4167166173863404
1,3.417679686146608
1,3.5161004540090395
1,3.4824669240491306
1,3.671040601946115
0,3.4422400726110305
0,3.419238836459722
0,3.549270501056477
1,3.4232384828020184
1,3.455567670407945
1,3.6347871381052914
0,3.405138778514699
0,3.459785923673239
1,3.533846235907255
0,3.4686145619224797
1,3.5980297839300217
1,3.7756122685458235
1,3.500723611528856
1,3.4892849931501173
0,3.3898075417004665
1,3.5416534454419772
1,3.4706616594723054
1,3.493266049037875
1,3.4182546080304665
1,3.457888769026633
1,3.4233643685735973
0,3.6740016651083955
1,3.529748709295291
1,3.4568463136225693
1,3.41700230778023
1,3.5367738834092304
0,3.673729724659024
1,3.6261303293917044
1,3.6002064463776198
1,3.480244888681542
1,3.536923362878408
1,3.4408662171901105
0,3.3959231548929716
0,3.5288394718637965
1,3.5786012790876622
1,3.5862664196689287
0,3.595890221382219
1,3.7112064384271592
1,3.5150034835883592
0,3.433201879604895
1,3.561021829190771
1,3.487170403389426
0,3.790914069711899
1,3.4186647752750243
1,3.5338967948527786
0,3.414005036501416
0,3.5299523332543497
1,3.4674862383252414
0,3.4236560109856975
1,3.4520488582672044
0,3.4801859368303885
0,3.628121175140061
0,3.601884489310072
0,3.6067634798466273
1,3.6209841593795042
1,3.5110596258335733
1,3.420185156447768
1,3.5053947492089557
1,3.4757852777626987
1,3.784774220817115
0,3.382504971566737
0,3.401693512374067
1,3.4836889481832407
0,3.639372869108457
1,3.407330579952393
0,3.5047517803786388
0,3.546061718198958
0,3.9598398785838946
1,3.536415615710095
1,3.449850799670152
0,3.58846219639773
0,3.47721223856745
1,3.890993787397315
0,3.6552339184402785
1,3.5518760631683555
1,3.555687987026942
1,3.4133012488405803
1,3.489536365425174
1,3.6395360704103448
1,3.4999468405125085
0,3.4219220494812648
1,3.6616226101675173
1,3.492303999177484
1,3.420904602261948
1,3.4489530872846994
0,3.387954070248236
0,3.4082839513840084
1,3.600719992487619
1,3.6709967858329327
1,3.465205911134241
1,3.4196174924840363
0,3.633582380784325
0,3.6190717266242407
1,3.4980884848520586
0,3.423114426938261
1,3.4650909820295106
0,3.578546551938882
1,3.4829915465719012
0,3.438134088158401
1,3.476808424678504
1,3.6533735943407435
0,3.5771895685809345
0,3.40366212742326
0,3.511183590258383
1,3.410595338960678
1,3.4434026450953623
0,3.7912072383640623
0,3.413245003241307
1,3.419717579566603
1,3.509128883937378
1,3.4451590948722757
0,3.60340800631732
0,3.5920994716104535
1,3.5060547949479086
0,3.405517095657789
0,3.575313562210626
1,3.458205996596457
0,3.4865073449173356
1,3.4767704754497
1,3.5584857308936226
1,3.415287251958398
0,3.55173281019159
1,3.4296808698157073
1,3.476717130083444
1,3.6398845474746113
0,3.578928384492049
1,3.4862128879527186
0,3.3853503071814024
0,3.5493567859303545
1,3.485107441785848
1,3.447915567298975
1,3.4795704838975903
0,3.423041592326059
1,3.515985831593339
1,3.666272340904576
0,3.6028146675189627
1,3.6543564405825357
0,3.5602606929776055
0,3.510784547027079
1,3.5906525099962616
1,3.5526706350294393
0,3.5731785148270916
1,3.548683108295924
1,3.4693987562389266
0,3.5735726890292576
0,3.380615929904041
1,3.6468207335810843
0,3.4681728329904478
0,3.612040445977591
1,3.4166111198209315
1,3.6223552078690147
0,3.577474812533859
1,3.4723472101588126
1,3.7297087166302374
1,3.668036727643756
1,3.4509960584446024
0,3.4052698829601944
0,3.4463684958284633
1,3.4594989083770145
1,3.5955241265109237
0,3.387825740123457
1,3.56523032421926
1,3.422467599509022
0,3.6197682899581354
0,3.458016079160219
0,3.855693544938718
0,3.8059873233013413
1,3.7364366434806744
1,3.6359887158843276
1,3.516250909195332
1,3.4483251032787945
1,3.582462135125109
1,3.5743244373745777
0,3.591265781702045
1,3.45362348079578
0,3.571163799111922
1,3.4738931972759923
1,3.603048329477432
1,3.5022201332335716
1,3.4727917634435204
0,3.698851873565394
0,3.5759781691840145
1,3.586957479922251
0,3.4868346460150104
0,3.391651290381603
0,3.3929983018957954
1,3.5474568982677215
0,3.5362941333745153
0,3.4718029160046218
1,3.4709944812622027
1,3.413352070280947
1,3.5961757060250052
1,3.449299471538768
1,3.9328967110466366
1,3.555279125627207
1,3.4594989083770145
1,3.440901867138023
1,3.685734972902238
1,3.462537518539063
1,3.446256353356411
1,3.444556317526016
0,3.507284142712256
1,3.5098596536187925
1,3.4761488610571902
1,3.5213430905758396
1,3.424548696689773
0,3.5306553656738053
1,3.5278403529418103
1,3.4824402184868255
0,3.4809648051032416
0,3.574167275535505
1,3.5228273895130844
0,3.6906216118764466
1,3.5087203265332074
1,3.563185888859128
0,3.4848525257512057
1,3.410452638294026
1,3.47054710043672
0,3.570398538803379
1,3.4723311999001685
1,3.6030115232902764
1,3.5242488756455796
0,3.4648996778467644
1,3.6448604710434176
1,3.5213436096549633
1,3.5354053101872087
1,3.495087783072089
0,3.595660920510097
1,3.7685479223981355
0,3.5646538768283453
1,3.486624109051795
1,3.605904153046367
0,3.5460138372159693
0,3.490777971647646
0,3.6470776330953596
0,3.5392909438748914
0,3.398095424933619
0,3.4422095273373703
1,3.582353479404578
1,3.4471849724696635
0,3.5898364700120657
0,3.4512577940493996
1,3.521494797845324
1,3.5009333631635964
0,3.834979218326659
0,3.529873167346574
0,3.4446098407623147
1,3.4563728834073366
1,3.4088377966857717
0,3.496074939751485
0,3.523328297267794
0,3.4149011798244415
1,3.478965366854992
1,3.4656950917224876
0,3.4087321874147163
1,3.477852768752138
0,3.6613987013627165
1,3.5395275226496246
1,3.4779482601283274
0,3.5105646148244993
1,3.545933116507867
0,3.5423283539238253
0,3.604351191147548
1,3.468276953773202
1,3.533669698891252
1,3.496765048065611
0,3.402281776118892
1,3.474820592430996
0,3.4611487040699154
1,3.4824560835076688
0,3.463462531209156
1,3.6077195029597102
0,3.5308327414693843
1,3.4650705588330992
1,3.4234240753695273
0,3.5782706862307574
1,3.478451950854645
0,3.574042894708864
0,4.043244448016515
1,3.5740357448290005
1,3.50358531764056
1,3.4363382271756184
0,3.707429819013075
0,3.532004289746779
1,3.4743143957090212
0,3.4027281278890102
0,3.5393018609950495
0,3.625317907306739
1,3.432315325992932
1,3.5099332377366608
0,3.454226617539195
0,3.5719994862530196
1,3.5027961460666366
1,3.520697562198474
1,3.4611044262052304
0,3.434187782777442
0,3.7243231014911644
0,3.5270224216440798
1,3.5224423234076507
1,3.455091743035264
1,3.4962561871618645
1,3.574364938306341
1,3.6527420727566855
0,3.479832309897926
0,3.790381955264613
1,3.6499808490435033
1,3.4489704883026313
0,3.412755151629335
1,3.513584231483354
1,3.480131247444741
0,3.5842230324656756
0,3.5632220956849916
1,3.4766998548930252
1,3.4259560340122777
1,3.4717804228463374
1,3.466917168028553
1,3.4920552856880045
0,3.5903019750621645
0,3.6129835268323474
1,3.6209259203110813
1,3.478946401034289
0,3.6135645982063083
0,4.0612356637190254
1,3.7509890798664283
0,3.488556411549282
1,3.4487368840381545
0,3.5065855753638937
1,3.458491884137757
1,3.6795433650030533
1,3.420915585469419
1,3.4662568330808594
0,3.4580056183596786
0,3.3888153873509643
0,3.5729217326624343
0,3.456493370018884
0,3.422788359027642
1,3.4636145886802474
1,3.4165227348320815
1,3.4793569053376627
1,3.6089357983992203
0,3.627646257214042
0,3.4343282934992825
0,3.388583666723136
0,3.4380142792302926
1,3.573976019967637
0,3.612716088618041
0,3.552603469761559
0,3.5767868150502014
0,3.562143694804112
1,3.4123116832264393
1,3.7279510672162823
1,3.442325478872884
0,3.64850001334722
0,3.595495975579983
1,3.755205219731857
0,3.6898725441073488
1,3.6226961553037893
0,3.6613942245716675
1,3.5955989851782792
1,3.538448700434624
1,3.460895820577015
1,3.6206495954139504
1,3.5458828166991787
1,3.6449105433882107
1,3.4400639405568327
1,3.4886882706752607
0,3.4594343127141802
0,3.5112274466289652
1,3.454771475696037
1,3.5321977910696076
1,3.4166497374586746
0,3.6568282144860884
1,3.474129308052492
1,3.436645459445798
0,3.5838434759626328
0,3.577412320596239
0,3.6744336351199007
0,3.43171364023632
0,3.4761493839373507
0,3.5182315080351794
1,3.450414589603299
1,3.5375016185021098
0,3.4412027288518483
0,3.5810987500603675
1,3.517265128904892
1,3.489703036213435
0,3.5830285569803624
0,3.759017536887108
1,3.4240865124671087
0,3.510817859225172
1,3.4462297510860678
0,3.5656908896227537
0,3.413436688793573
1,3.408126204067775
1,3.651758631980192
1,3.549697870231091
0,3.570899629456064
1,3.597759250929422
0,3.932740157093167
1,3.602312532686842
1,3.565133498779802
0,3.6291710889252333
0,3.411072330349838
1,3.445389868402222
1,3.4510161390120406
1,3.4928561421240105
1,3.7665786366843257
1,3.4804433794077227
0,3.440070542267221
0,3.475171113918475
0,3.6005512353333264
1,3.55121702516343
0,3.57958994067233
1,3.414792618341871
1,3.4637635024551496
0,3.602830561869472
1,3.410887705045304
0,3.4310716874404856
1,3.4277683949426927
0,3.3955944192440457
0,3.725050760244111
1,3.4615201372245035
0,3.8249838248599404
1,3.509691279446204
1,3.769802907352299
1,3.7542044604758704
1,3.480039056202717
1,3.471412622125218
0,3.4474187749191794
0,3.4548158683939905
1,3.4522247473683487
0,3.581451822702471
0,3.5769601617825213
1,3.4985341761633384
0,3.750699539268088
1,3.4608584273491814
1,3.406992360734837
0,3.390449491526559
1,3.6388894403363845
1,3.5949914129770284
1,3.5794349539116324
0,3.5794613282717966
0,3.4088500647768485
1,3.4186647752750243
0,3.597344404785811
1,3.427893302967778
1,3.543456547561959
0,3.600838268182813
1,3.719260631784789
0,3.5659188481833537
0,3.4242535463057147
0,3.599062289648924
1,3.6013075891406574
0,3.3740965983030087
1,3.4784510704851783
1,3.726454909093477
0,3.5009011858022925
1,3.733933491831343
1,3.4621561512881893
0,3.592788580976349
0,3.4119697940049516
0,3.5736327136501957
1,3.5053144333187247
0,3.436154198471702
0,3.574641635899808
1,3.653158428502634
1,3.5100005901668574
0,3.6980489216932244
1,3.488664927215913
1,3.4245895489701192
0,3.433929056619447
0,3.6936234909329007
1,3.4426520274025476
1,3.4500234125288167
0,3.565893677802892
0,3.633077602885699
1,3.5351208806299597
0,3.4013735519235717
1,3.4688939510377317
0,3.815519456424991
1,3.441045435376063
1,3.421904534836912
1,3.70510560483191
0,3.5172722271394736
1,3.47983356479556
1,3.5942498880565585
1,3.4243108800133153
0,3.412712561202618
1,3.4769013144290675
1,3.4792246391670605
1,3.69533501201604
1,3.5003355447520716
1,3.684413237397131
1,3.477588244942725
1,3.4823041961960692
0,3.397745210138595
0,3.6965081430999964
1,3.5813337694519998
0,3.4101481560402735
1,3.7502757762631926
1,3.9884602501610513
0,3.642919188082226
0,3.5975473386304504
1,3.449536237266049
0,3.5277479556937656
0,3.3891478121869394
1,3.5130017705690326
1,3.459286161327273
0,3.563381552864712
1,3.49410388819832
0,3.4146901913467524
1,3.5031295589160667
1,3.4743118883097837
1,3.4764130674387292
0,3.378893631378829
0,3.654932187984564
1,3.4513010593404756
0,3.4910930252236954
0,3.5808846554494287
1,3.4949486472891227
1,3.6772857589224883
1,3.466189918302509
0,3.3877779316262813
1,3.5341674128343206
1,3.478270229171105
0,3.4190244243041126
0,3.4256313061074035
0,3.5760826153211607
0,3.4728174703916945
0,3.6765688113426753
1,3.575144625421086
1,3.4291446338348797
1,3.683177540677351
0,3.487902351075545
0,3.5683012700629777
1,3.4271213284784903
0,3.469984180294183
1,3.449980500320754
1,3.5182012660485844
0,3.4325041137384735
1,3.6310014920474996
0,3.596905117470795
1,3.48499113117183
1,3.5172569955121316
1,3.6285440446669144
1,3.6674104430483085
0,3.3766966382738888
0,3.5179519090779325
0,3.4580146590605465
1,3.480037251202177
1,3.4694325545592366
0,3.6552004991070666
1,3.479403749640032
1,3.4180013889469634
1,3.734099994198247
0,3.575354057372866
0,3.7348681533660764
1,3.481547322439884
0,3.442272219504894
1,3.4941362607944657
1,3.5351208806299597
1,3.465049194831222
1,3.6250966642672666
0,3.4382644361420005
1,3.4739997505542335
0,3.457259429727548
1,3.5144607153853973
0,3.8772735759898285
0,3.3918918235626
0,3.5322801672514927
0,3.4871321892156097
0,3.446703389696028
0,3.3854549327207333
1,3.45226310844686
1,3.592169702092721
0,3.581982185811566
0,3.611939003158835
0,3.6496588575965774
1,3.4203286608406493
1,3.4356174867378617
1,3.4279411382898637
1,3.462369696605101
0,3.6258444473533524
0,3.4748097965869054
1,3.482666991345148
0,3.5432274478783286
1,3.517738461340002
1,3.5003232848956407
0,3.5786950844845205
0,3.546376925742708
1,3.4602783819043332
0,3.500501329245412
0,3.5507798065660343
1,3.804528479639291
0,3.5689049510620547
1,3.6061692433853487
1,3.4167634953901787
0,3.5704543261459656
0,3.4482954531719887
0,3.567448993754336
1,3.534126729162095
0,3.590599741752467
0,3.4164907852607542
0,3.4438968471841505
1,3.4186999770519906
1,3.42419434510913
1,3.485643128393716
1,3.5748487521104635
1,3.867074016512892
1,3.6384846563988527
1,3.458464903200886
0,3.568680938708271
1,3.489745854058401
0,3.405835678465512
1,3.4224725860591447
0,3.499483770928333
0,3.405022322602157
1,3.460203587631719
1,3.482923181314533
1,3.49007716860451
0,3.4259698100834814
0,3.429925523915949
0,3.4115088754949046
1,3.603384938610096
0,3.583839117762846
1,3.428924309074606
1,3.5176202210028444
0,3.4070762140006705
0,3.4718070714306943
1,3.49942085164147
1,3.4509098525754576
1,3.451164715459625
0,3.604545069969925
0,3.738003926036233
0,3.417078363495655
1,3.6460648144009826
0,3.3818325443937534
1,3.7521179888970053
1,3.6554213859785283
1,3.5401081427131422
1,3.522876370609355
0,3.6962030408054414
1,3.5063677880922204
1,3.4284303792235766
0,3.5605190133501994
0,3.4854604122972552
1,3.606069101948767
1,3.502162063332901
0,3.6220390584607762
1,3.67631097774654
0,3.396581570390979
1,3.4202360726958982
0,3.4374061246493612
1,3.5009025770413844
0,3.4615498906525057
1,3.5002178480083845
1,3.6355574683468825
1,3.417825259176513
0,3.6933519916406796
1,3.625020668193721
0,3.431105484149398
0,3.4051127885178225
0,3.709016401448318
1,3.7663639209306115
1,3.5527170512625
1,3.4443982877333874
0,3.645377949465495
0,3.679443502871874
0,3.4133242493410214
0,3.3877798286509884
0,3.5750092547030805
0,3.465243577140252
0,3.406570546204462
1,3.4965923572455315
0,3.5740395738805137
0,3.429669721581018
1,3.7631678526348047
1,3.479397755943177
1,3.593378509035297
1,3.605056960297064
0,3.4364653394765172
1,3.81878674227988
1,3.5150821111439727
0,3.449994071074921
0,3.5161032751644443
1,3.608718867392953
0,3.531111785783176
0,3.6864063184088116
1,3.5387943656076954
1,3.4959031712236732
0,3.6165126619780286
0,3.4304561505186544
1,3.532241871142933
1,3.5927367288678997
1,3.488233940703177
1,3.446108793561075
1,3.4951785010530543
1,3.8245932254940422
1,3.4671487528245573
1,3.542691670194676
1,3.4681165000761975
0,3.4964300230188
0,3.5544627260971398
0,3.4545573523459217
0,3.689935244309625
1,3.4439576168079014
0,3.6954155964136093
1,3.537704648885594
1,3.6018194804417987
1,3.416391970237119
1,3.5813668188846113
1,3.5618048861021925
0,3.383925259314135
0,3.559889070085198
1,3.477621114052928
1,3.473280902989437
1,3.4867284434223333
1,3.559788442967232
1,3.4941964836979102
0,3.4698572355351978
1,3.7441447270075248
1,3.4668943658142894
0,3.7677260633877956
1,3.540345823855962
0,3.703614498528943
1,3.487745587474136
1,3.470761753489513
0,3.6034368812981827
1,3.583522365272382
1,3.775656901905986
1,3.45663057457114
1,3.504083695385947
1,3.6183371203866086
1,3.7646662985685704
0,3.6755495061853147
0,3.654481970736205
1,3.872495856110366
0,3.66409916287055
0,3.3915816874565854
0,3.632529086643052
1,3.4995084804393546
0,3.408837961222566
0,3.406015812142943
1,3.6426442908542853
1,3.4751042476381597
0,3.411249113317724
0,3.395912873968463
1,3.4275484881127887
0,3.6051145139958676
0,3.6110584148931326
0,3.435135330350867
1,3.5420505897388272
0,3.5830898582268254
0,3.5719478277316785
1,3.4217026043991967
1,3.619177842795088
0,3.407083171012956
1,3.4294302773979153
0,3.5677186917217494
0,3.4692724993706503
1,3.451796396766195
0,3.432930077134839
0,3.6324393823377523
0,3.624062738391276
0,3.4608554988477787
0,3.59492881920564
1,3.4758136665897825
1,3.6645677893552824
0,3.4140475609747543
0,3.5392941108454705
1,3.4694325545592366
1,3.459050963251407
0,3.6749272880745223
1,3.4242669302434194
0,3.572354504256266
1,3.6120032849645685
1,3.5784290192505184
1,3.4675982800412215
0,3.741143821286011
0,3.523693430351728
0,3.6218099306621454
0,3.671244775033353
1,3.4254638718147645
1,3.4803262641283443
0,3.5830724943370873
0,3.4745598693755513
1,3.7596766095951395
1,4.084191988827632
1,3.5494392803046453
1,3.657840659120939
0,3.5649662773629123
0,3.420952412666486
0,3.4254901728099605
1,3.4450513186631104
1,3.419622849945558
0,3.4192312939572846
1,3.7632646348913132
1,3.4719747144761834
0,3.583155712016498
0,3.5261642212602244
1,3.502323146860676
0,3.437453812088905
0,3.5924333990412753
1,3.4861130729606087
0,3.380655463123324
0,3.479519626467171
1,3.5065881362125864
1,3.638883692066383
1,3.4658865371291823
1,3.5117555798448667
1,3.6338557417786177
1,3.5885928166316883
1,3.4405860350391997
0,3.4947254018353973
1,3.525099629286093
1,3.420170424529001
1,3.5624935020596387
0,3.6525798155955327
1,3.666136249578341
1,3.4901677689630946
0,3.501552577672691
0,3.6898725441073488
0,3.473351224107899
1,3.467054646450016
0,3.417185578895476
0,3.4634235210623614
0,3.446099864776227
1,3.518958881881835
1,3.4623224502010763
1,3.4345509384942865
0,3.617895373297809
0,3.389130915137645
0,3.5388496606204014
1,3.4763334034303845
1,3.610000565651518
0,3.4264720472300105
1,3.4899482341594603
0,3.568967504469583
1,3.4647347876096375
1,3.5310095848720398
1,3.4746931025847414
1,3.42266358192895
1,3.4859299121379568
1,3.4673213123412094
1,3.4169659961160574
1,3.4639672447929475
1,3.452620652479285
0,3.4047808814536142
0,4.026025766512653
1,3.609079094928185
1,3.477450112733904
0,3.5524904814915166
1,3.4131350840106767
1,3.4179103625440876
1,3.519783058881828
1,3.691914330442067
0,4.049618553083824
1,3.4751527536373086
0,3.933442095172172
1,3.4521676721961883
1,3.428350001110606
1,3.4470320818497675
0,3.5753381697339326
0,3.565953050271144
1,3.452749812329475
0,3.6942089687584603
0,3.5694137597279996
0,3.5527293367255495
1,3.527052369770888
1,3.4574348461731
1,3.629034350107967
1,3.6146798648251077
1,3.4412425484020592
0,3.7217581614260262
0,3.3855345046131866
1,3.4961628893270977
1,3.5032539419574507
0,3.377801162937816
1,3.7720902366515334
1,3.4801314756381894
0,3.696614441316969
0,3.585689636191359
1,3.4181721314030415
0,3.585530633667754
1,3.57314619003529
1,3.4828818409666202
1,3.4460524776801886
1,3.4681165000761975
0,3.4326187850353147
0,3.4218351354638314
0,3.4170342688031607
0,3.5575248604446474
1,3.5016252536390318
1,3.433724978551862
1,3.4817833610269546
0,3.978045235479068
1,3.599174069965301
1,3.63167722267724
0,3.4333235146106307
0,3.4530477371350536
1,3.634319455976627
0,3.5827302118906443
0,3.4606400389733345
1,3.4650404449194823
0,3.3830575587465224
1,3.7201534343792186
1,3.483389200887224
0,3.520050356838445
0,3.587642345079879
0,3.4748926435278524
1,3.500187186641695
1,3.47919995552884
1,3.6425302687068797
1,3.5024264283080395
0,3.5154113301044454
1,3.708697738270737
1,3.5737800470442487
0,3.6451735116287898
1,3.4439516215496084
1,3.4679534769892904
1,3.527476349562954
0,3.759372161272184
1,3.5122173103062226
1,3.637440828829257
1,3.4899686243770445
1,3.5009853875832984
0,3.555715403278074
0,3.568915921789241
1,3.4417289145224816
1,3.5145362510796856
0,3.683421644745675
1,3.4835409878240395
0,3.693180881076583
0,3.696614441316969
1,3.4925215368163687
0,3.6272068347354955
1,3.448371089869897
1,3.4757902877504008
0,3.3867114593019068
1,3.6354782253382445
1,3.5345505099463197
1,3.558533807651142
0,3.7063293748879818
1,3.491706688838066
1,3.4599761402517433
0,3.5209041376089765
1,3.875449820776191
0,3.5715277459327313
1,3.515832503279802
1,3.451830686410839
1,3.4888775425366365
1,3.4528685504476595
1,3.441874831689545
1,3.5168663524435395
1,3.678416616031477
0,3.564237374882024
1,3.556648204702888
1,3.4732515826977663
1,3.4213297072773337
0,3.4696730069361577
0,3.5844198709313515
1,3.592770155784767
1,3.500440448448888
0,3.4627934045263045
1,3.5120263858411245
0,3.573563738676833
0,3.57760568851819
1,3.470100401916564
0,3.4191930906838097
1,3.4376351894636263
1,3.4479092916362464
0,3.605243007420256
1,3.4376494018042485
1,3.7890794898983944
0,3.4636117093832834
0,3.578020022381863
0,3.5726722010198233
1,3.644779454770801
0,3.4699440753378195
0,3.4214681617992353
0,3.7788475666024404
1,3.5346997431838103
0,3.539729443219805
0,3.384774341016349
1,3.5599773162971537
0,3.524989473215146
1,3.576341024861428
0,3.5872150123682203
1,3.8617834820342463
1,3.486482173773666
0,3.5023524208877217
0,3.4269931452275424
0,3.511585213375338
0,3.422062836904169
1,3.622398692909194
0,3.5366201825113417
1,3.4555725317243438
0,3.411898480110711
0,3.638012172893975
1,3.4842887373331832
0,3.5826562970931612
1,3.5064076808116416
1,3.537652673961771
0,3.403057495667865
0,3.483523136866197
1,3.4848189629369726
1,3.5053817961197953
0,3.4471947405994805
1,3.589928652256885
1,3.5016727945409754
0,3.3911238450303673
0,3.3845236608316243
0,3.5068313787709666
0,3.434604402587898
0,3.5868601369637614
1,3.5233390497353754
0,3.861018236407617
1,3.606485429103001
1,3.419094716821273
0,3.444619764743453
0,3.4097039017291113
0,4.036284047169773
1,3.4760530578512623
1,3.678416616031477
0,3.601375343005631
1,3.6389254363942825
0,3.910235821649836
0,3.6026338992052716
1,3.477873601944366
0,3.416918010999144
0,3.5816807884728563
1,3.5108926453363853
1,3.4402008044765386
1,3.673754723174812
0,3.7654625745031547
1,3.917920909981725
0,3.416424901840863
0,3.6006532479416444
0,3.530785954509707
1,3.578615901176463
1,3.4663819639204587
0,3.689306160551244
1,3.4480226811369445
1,3.50786737304175
1,3.4772103562998327
1,3.806248231526062
1,3.4739288431752704
1,3.4611783727703482
0,3.5275446020235357
1,3.4512290216435506
0,3.537850956595724
1,3.4583686151871196
0,3.39171524103388
0,3.5911962087689764
0,3.7959966500293256
1,3.4752940801748076
1,3.536959416629568
1,3.428059230115932
1,3.579894711578279
1,3.409270572850926
1,3.470371927785938
0,3.5360417053417597
0,3.590304913160934
0,3.5300548740135747
1,3.6199747690354247
1,3.5377316056159147
0,3.46572854805583
1,3.4343044582448052
0,3.6357071700625228
1,3.518582729322446
1,3.4251688801015763
0,3.458999593093612
0,3.621348447180584
0,3.4235088916480843
1,3.5881412920663167
1,3.667442033230001
0,3.5348047841908743
1,3.436751845166037
1,3.6505886895370416
1,3.421080266272994
0,3.629752218415107
1,3.4758552414137234
0,3.479254605167447
0,3.4355111435294337
0,3.5424469663005587
1,3.4864259159035282
1,3.45226310844686
0,3.6396195621607137
0,3.468110664776103
0,3.690211843000497
1,3.492196708939228
0,3.601234218657379
0,3.3948227707022323
1,3.4571803457042476
0,3.713655403724565
1,3.4561570023924135
0,3.8035215099191984
1,3.529561258003227
1,3.647173645298168
1,3.6704851683204023
1,3.523774104949717
1,3.4851115433018385
1,3.7359870611046078
1,3.486242243962469
1,3.5861913983909237
1,3.467778219219283
1,3.439305351137762
0,3.5780930580749684
1,3.447174595108793
0,3.746147656512227
0,3.6024719843503394
1,3.5235690919435076
0,3.83036829542549
1,3.5611459848907656
1,3.495786090635951
0,3.7531315917504706
0,3.5161914181633653
1,3.4774073693175596
0,3.379568453538618
1,3.932885621702716
1,3.4888093708097854
1,3.4670016517391495
0,3.601482711239038
0,3.4027998589659707
0,3.7625955315608306
0,3.5601886736805963
1,3.8118968478723483
1,3.5039909944231766
0,3.43718185734952
0,3.3969414110632843
1,3.4991202370643153
0,3.5381138348689114
0,3.41710031669674
1,3.5071881832949163
1,3.6820945320887604
0,3.8936728806479484
0,3.622998449220175
1,3.6085844476554887
1,3.4715960154065897
1,3.4609081830375406
1,3.6158889501580935
0,3.413686590479568
0,3.623989479555284
1,3.4806234338378768
1,3.4761291727224126
1,3.4446099228611016
1,3.572489709160575
0,3.5498837395563365
1,3.4792112759835434
1,3.4159963383018597
1,3.6823721944840346
0,3.6608697824696264
1,3.4148568647148614
1,3.589928652256885
0,3.5789961941859634
1,3.4731760482348344
0,3.3739923999087167
0,3.6027389738165265
1,3.4539688468690706
1,3.8369426514552685
1,3.7250334243218153
0,3.4317127050103022
0,3.485821458037661
1,3.663966857694962
0,3.4670253942379294
0,3.565724117348989
0,3.5924207116941336
0,3.415842147998677
0,3.6087488017554117
1,3.4909641808397853
0,3.6635910601057438
0,3.454546986981068
0,3.3800229388072514
0,3.6998760772001016
1,3.4775918553864016
0,3.5768712647391085
0,3.542832609267654
1,3.5547111356556544
1,3.6680956447461104
1,3.5805924738509556
0,3.5758872622600393
0,3.435853276855038
1,3.426314610612569
1,3.446504146889215
1,3.4686585596034263
0,3.6458649485995798
0,3.530191727338385
0,3.85527668161066
0,3.7114955024480176
0,3.414139299932393
1,3.449864820541632
1,3.664470584248453
0,3.6832886165070047
1,3.482604877619531
0,3.699607166479163
0,3.452465985349045
1,3.4967191373734887
0,3.6503854789196195
1,3.5293152255572013
1,3.479302848018458
0,3.5925650389016033
0,3.610216646051068
0,3.579838212612149
1,3.491240893754805
0,3.5767378958647917
0,3.597008585874257
0,3.383953936469983
1,3.568363635176328
0,3.6652437172660957
1,3.637946572518561
1,3.436963038954786
0,3.4406994402668194
0,3.4041610125788977
1,3.4226674410733646
1,3.456209588481446
1,3.4552011827335285
1,3.5463660028218604
0,3.4146614738509724
0,3.407734290822053
0,3.6454044447066787
1,3.636385889217441
1,3.8253298384744814
0,3.385585782182368
1,3.46067731947405
0,3.608757125174892
1,3.4443982877333874
0,3.700317133949362
1,3.497882963211433
0,3.5800474720670885
1,3.4873080017313036
1,3.528954820667868
0,3.6767703570665797
1,3.4107113701282668
0,3.4954712664683916
1,3.478601363560488
0,3.5985296116487384
1,3.625188286028965
0,3.427928576655138
0,4.002371753644051
0,3.928467034808684
1,3.531639638097955
0,3.3752751728101664
0,3.388312782017574
0,3.4947457936915507
1,3.523299392665414
0,3.421892100242269
1,3.4627598252730056
0,3.694758943747606
1,3.758340534773529
0,3.401730198756472
1,3.4160454463609575
1,3.5341253466419547
1,3.533286195244371
0,3.514019061761007
1,3.511315710982042
0,3.626308242953481
0,3.4458743749165825
1,3.5198572693994454
0,3.7459035159780467
1,3.4816789423012464
1,3.4915924932004407
1,3.4195639079928224
0,3.7911419780952142
0,3.5800676440175256
0,3.4669423082746165
0,3.459716309934066
1,3.4990965833024172
0,3.4523053675109097
1,3.4265463201656146
0,3.469464597340495
0,3.594612901108353
0,3.606278403056935
0,3.579858979650244
0,3.916224943532044
0,3.675914039534593
0,3.386766274470764
0,3.5779953560927353
0,3.625577674391665
1,3.511917711942367
1,3.497279908447225
1,3.6472588126144267
0,3.455859021168027
0,3.4422060105863235
0,3.7128833779034704
1,3.4476631057188767
1,3.6382482553261446
0,3.3796585485873196
0,3.585750939647307
1,3.5096182425131097
1,3.5231957826288034
0,3.664405781585147
1,3.6865912029425423
1,3.5140990425038936
0,3.5702498253137307
1,3.6078150238258258
1,3.5053759843189036
0,3.7433909071560563
1,3.4226541325705004
1,3.5794294319478492
0,3.4161242244304564
1,3.518549951768362
1,3.4983148145369083
0,3.440505139686678
1,3.450403614446636
0,3.4916729871791294
0,3.599625515671702
1,3.5230036375099165
1,3.479510318050557
0,3.4684425244181374
0,3.5403987306603275
0,3.5004102131952184
0,3.4083889698024326
1,3.6781908662245018
0,3.4841748245082127
1,3.62332014769905
1,3.499389194401848
0,3.570105873424133
0,3.5955007358782702
0,3.4161205928190195
0,3.6276428675760157
1,3.4974305813504545
0,3.6605554169323575
1,3.466207698504989
1,3.4632679288280896
0,3.518151945322733
0,3.500894641792903
1,3.4839545233727827
0,3.6909103230087563
0,3.463637811663719
1,3.76961785122315
0,3.701235364451225
0,3.560572985727893
1,3.664470584248453
0,3.4953936531933176
1,3.4768617492390663
1,3.582043880781522
0,3.5742018646521316
0,4.045336541772451
0,3.5058343403518624
0,3.402972073579935
0,3.5329856897686054
1,3.8557049646969697
1,3.4481259649657154
0,3.6058083093977884
0,3.439786260427117
1,3.469971140069343
1,3.419032958910846
1,3.531209825568668
1,3.458908472138697
0,3.4335874474583328
0,3.639494341365859
1,3.5169947924760807
1,3.659953317766436
1,3.570352952979559
1,3.6063054580891976
1,3.4762068795853334
1,3.4185808979789196
0,3.588891503557729
1,3.4232448329343534
0,3.598556309790226
1,3.5241549922678237
0,3.569529445598591
1,3.418860471947019
1,3.4646578989900862
1,3.64796633392489
0,3.43404013255983
1,3.4821077533038785
0,3.4407517531918628
1,3.5198691649749185
0,3.579111795766929
0,3.4580288402035855
0,3.5868278882474685
1,3.5347439774829734
0,3.621954593588091
1,3.520132901535045
1,3.468484738066729
1,3.568026628157342
1,3.4828818409666202
1,3.649945411408078
1,3.447516232563207
1,3.461727072272332
1,3.4500234125288167
0,3.637528817889731
1,3.4201026402738535
0,3.6149185727559807
1,3.594883971673929
1,3.8706469253501337
0,3.612793608174293
0,3.433035912038638
1,3.4591963775360988
0,3.4019793542316346
1,3.541711536488553
1,3.693291594767322
0,3.4275775772996604
0,3.5723788708819617
1,3.4124986527493975
1,3.465487439975889
1,3.4218325286207767
1,3.4620708999395893
1,3.450659072938375
0,3.532858701659631
1,3.8714678985646063
0,3.6137454751943126
0,3.4900645033135236
0,3.5082995987671994
1,3.5093471573266615
0,3.55213032981781
1,3.5351188218782115
0,3.54985851848456
0,3.4710511814865654
1,3.7057563620158573
1,3.415183244154498
1,3.4115163933335744
1,3.5220692017139545
1,3.414323700024427
1,3.6067902214352583
1,3.5451371885010428
1,3.5861913983909237
0,3.434326806456413
1,3.4261808556336137
0,3.512129330276994
1,3.919487381556603
0,3.5477364437900762
1,3.4596430541756282
0,3.5170007354044555
0,3.3772733122273406
0,3.5549053718329224
1,3.6055805789780138
1,3.5530770341678077
1,3.835388681774119
1,3.434382939673197
0,3.458653686495979
0,3.391870381038214
1,3.5104464506372897
0,3.4460047019278996
1,3.5964426561523832
0,3.4145776537598835
0,3.4076972641115986
0,3.5817680710710973
0,3.5693620027874826
0,3.4382796514788123
1,3.513102766075599
0,3.577126028208066
0,3.632404623917082
1,3.4888211914948672
1,3.4674870841956804
1,3.4523383301931623
1,3.46339103509456
1,3.4364995828784366
0,3.4877514676597894
0,3.439675091966311
0,3.425791191377708
0,3.3885094405552354
1,3.4562201715535936
0,3.5486572791058006
1,3.564358614057782
1,3.47828586595124
1,3.4839313577552082
0,3.680589089648378
0,3.5794941419331234
1,3.4291069627613373
1,3.5083616376852276
1,3.571416673708037
1,3.474695278362927
1,3.805606928095395
1,3.468917954466303
1,3.6271839240038917
0,3.6980489216932244
0,3.7702569979567944
0,3.4257579245722756
1,3.478704769227153
1,3.4266454606217196
0,3.5570415470820187
1,3.587857116119668
0,3.7263815645918132
0,3.6368119939455332
1,3.4397497819268668
1,3.6411233217350567
0,3.587969606784459
1,3.5910991073520186
0,3.486460557294074
1,3.5168889325246897
0,3.577266114605978
1,3.523782604020679
0,3.7373797360075987
1,3.589157523233009
1,3.446568850768197
0,3.3956676896158067
1,3.46257860110561
1,3.7653495929827883
1,3.40847701330808
0,3.6837480260741864
1,3.5593472393118875
1,3.419622849945558
1,3.4224173264924076
1,3.5307764857403328
1,3.5589582092081153
1,3.4162302520914385
1,3.604653883009161
1,3.4429550566828326
1,3.5471076572546267
1,3.5371798992881347
0,3.4081002311831146
0,3.507603115586005
1,3.6763818246160898
1,3.601486753637856
0,3.531817608595401
1,3.5478851760441716
0,3.559589097022427
1,3.4634984572389476
0,3.4170089103634504
1,3.425521383658297
1,3.7586350380410445
1,3.5068598587701705
0,3.540506755594376
1,3.474889704199095
0,3.7013666775072913
1,3.6362235291595035
1,3.4657054521222648
1,3.4257663326561922
1,3.4959199776742746
1,3.7840695005167193
1,3.6256557441322546
0,3.592270186103453
1,3.4511743758059756
1,3.507033769453078
0,3.6132928630382253
0,3.4018421757481385
0,3.450503450460445
1,3.4202360726958982
0,3.4902860058701153
1,3.4162451708678994
0,3.5694209282449343
0,3.6743089786673857
1,3.638808892725036
0,3.5388217908396555
1,3.4762068795853334
1,3.4783093177762545
0,3.4139125926851173
0,3.5395865691604285
1,3.470922210040479
0,3.453512553009086
0,3.5895812913399885
1,3.5091703103596434
0,3.6993365030869936
1,3.531639638097955
0,3.6808808658877985
0,3.555771725256451
1,3.5290132152119615
0,3.542859179679374
1,3.470051499196143
1,3.576309392667599
1,3.583785424930464
1,3.593378509035297
0,3.5123443163721375
1,3.469972408446079
0,3.6663688298123533
1,3.624537640247514
1,3.4791299925178576
0,3.6560754997546727
1,3.754262879476983
0,3.445573724056026
0,3.584444302317081
1,3.6027917137562326
0,3.861018236407617
1,3.5351208806299597
1,3.596950968950221
0,3.541788286604956
1,3.42289792277355
0,3.537116054080162
0,3.568765464309978
1,3.4871729456499305
1,3.4689061893782496
0,3.565373943626675
0,3.543498529914086
0,3.5763952827577814
0,3.3843465179165104
1,3.498826728749768
0,3.4073868928330313
1,3.5118163071358905
1,3.5998701675475386
0,3.4597745848005474
1,3.700626090218054
0,3.583233063735952
1,3.7117366322720238
0,3.664346081053272
0,3.590686482484017
0,3.5021830252176684
1,3.475020273645702
0,3.3955678473597226
0,3.56679565102151
0,3.451306551072569
1,3.462424172384892
1,3.4662425026692225
1,3.4672899311911918
1,3.760222241601723
0,3.5976089544647976
0,3.693696053983424
0,3.4104643489184583
1,3.753334685088453
0,3.3774777486030603
1,3.5394897191957897
1,3.577930136841323
1,3.453575240898715
1,3.4127900426553763
1,3.4468743258829964
1,3.4807493501383115
0,3.428267727318861
0,3.409978144816367
1,3.413067199794345
1,3.449265438155222
1,3.420170424529001
0,3.576126939521084
0,3.545467039685333
0,3.865638781342632
1,3.56206859960321
0,3.650091242755063
0,3.424990540918955
0,3.427414224287113
1,3.531886957377156
0,3.48686450696572
0,3.427617570540246
0,3.6165710611464537
0,3.617870118577458
1,3.5199728897970624
1,3.555496957508228
1,3.4652985937385807
0,3.4740541756115197
1,3.665420613297702
1,3.4928294734265104
0,3.6954155964136093
0,3.3981900960556604
1,3.5841736610956163
1,3.583522365272382
1,3.4670583503919046
1,3.5202976458491926
0,3.759017536887108
1,3.550737918338152
1,3.4973655809900657
0,3.6101176327038083
0,3.521382039555661
0,3.510362138504062
1,3.670215652153042
0,3.427115996080927
1,3.4969068987215746
1,3.4263371977133548
0,3.41803795976676
1,3.9586104803750124
1,3.6459660668668965
1,3.576291157956213
0,3.5701481531436743
0,3.7771497444780966
1,3.461089695015603
0,3.4460485133697905
1,3.5013720109439164
0,3.577066653052955
1,3.5867464330451373
1,3.475281123486981
1,3.4243108800133153
1,3.50537015126028
1,3.5797181990641116
1,3.6325131299700235
1,3.7289608205474347
1,3.4717519848170824
1,3.5224448911588118
0,3.4021068693909196
1,3.460411014456893
1,3.5508687784584727
0,3.4298735342760187
1,3.5096507392542016
0,3.687818375241443
0,3.9185586986234098
1,3.5123419827868085
1,3.4311930149568726
1,3.600838209620935
1,3.8562224239030956
0,3.4685191633208894
1,3.4823226699992404
1,3.4081871019799888
1,3.4474347132112784
0,3.748429865818405
0,3.421885840337542
1,3.4769417408109806
0,3.5742464910182137
0,3.4938176537930077
0,3.7062582467543406
1,3.4546479953510545
1,3.711484026558116
1,3.457044643680321
0,3.476404314052399
0,3.6166269896194487
1,3.6116852424154025
0,3.7509185064423205
0,3.3954542641175607
1,3.621790803494886
0,3.432251119281642
0,3.3985249484689812
1,3.420113256508082
1,3.483947196042043
1,3.4614203177922267
0,3.763840775941629
0,3.498437634431804
0,3.383939863896465
1,3.543656576962922
1,3.4241860321558746
1,3.439498254524241
0,3.5939266969191044
1,3.4690621764428626
0,3.441878560136167
0,3.5811616637430457
1,3.418363232397146
1,3.4941960958199263
0,3.59559179059715
0,3.743501095781164
0,3.5454055204612867
0,3.5688508795345286
1,3.4657027042548716
1,3.698967775506427
1,3.46419771138593
1,3.5586524348884763
1,3.65005581975598
1,3.4556864862590078
1,3.7128753675383295
1,3.7568928097208714
0,3.4381099087678413
0,3.408889516312858
1,3.445260847545431
1,3.5776828760980997
0,3.650204016686649
1,3.4650741723739586
0,3.629467999322069
1,3.5519942074752056
0,3.7281386348995844
0,3.407716273566811
0,3.398135656130606
1,3.6208599565093365
0,3.591810203222083
0,3.7068071090133734
1,3.547221909560584
0,3.379505703998793
1,3.5158474268812103
0,3.83036829542549
0,3.3881764301947324
0,3.553678048072272
1,3.4321023797512686
0,3.490587226675342
0,3.6846844078175782
1,3.5277219119651777
1,3.4648203615767184
1,3.618366513456114
1,3.423884533448404
1,3.4683746040923022
1,3.598550964161125
1,3.4521520472619875
1,3.4323734894420457
0,3.4033579181068427
0,3.438722792189755
0,3.7615000547584567
1,3.4408172932348484
1,3.6411233217350567
1,3.4411308445313296
1,3.6005123627514104
1,3.4464302885188007
1,3.735767762543699
1,3.621200727462331
0,4.075382929032954
0,3.4609554224385124
1,3.6825776497059453
1,3.4126005581381835
0,3.6094229508499724
1,3.4731760482348344
1,3.664837054063544
0,3.487874070205809
0,3.427753215838466
0,3.4601934924554993
1,3.4144481311922874
0,3.6991443128013493
1,3.697777525559587
1,3.942126637060395
1,3.4281388581639614
0,3.646622330992356
0,3.574564763681905
1,3.89733251757181
1,3.4151973407696214
1,3.608206263420416
1,3.427747534681289
0,3.4736636741969953
0,3.563781462969974
1,3.5475761432041897
1,3.5749746453511193
0,3.515554699623802
1,3.604255181407933
1,3.5667018651864844
0,3.459479499101079
1,3.4843558730551405
1,3.518451066722669
0,3.427979399113719
1,3.4851935097008524
0,3.5622120854503074
1,3.5421138096406004
1,3.56679079165383
1,3.5627615373225026
1,3.6321546306227668
1,3.6334451379429566
0,3.416976168770379
0,3.566204534196733
0,3.5724501691688433
1,3.693571605104944
1,3.4767615575689343
1,3.4735756660320125
1,3.461296788477895
1,3.550157786449791
1,3.536049464266224
1,3.4863880501350404
1,3.5363570037261125
0,3.543767548191825
1,3.5231619917091335
0,3.410526439995948
1,3.56865902476668
0,3.4174073433600456
1,3.5208117957511478
0,3.585442928808793
0,3.5264863274305123
0,3.585661447988911
1,3.5179705305634235
1,3.5166559509610424
0,3.69168947065865
0,3.450907431747181
1,3.6271221030426886
1,3.4957395605885044
1,3.528096406501027
0,3.578261233810187
0,3.3941174969392964
1,3.491197493440628
0,3.9677480620053833
0,3.4894060015546446
0,3.573934673279991
0,3.595335255648844
1,3.4254559277118655
1,3.521239160541229
1,3.4779661627520784
1,3.475471556491943
0,3.576894614848162
1,3.473965685163315
1,3.578282747869771
0,3.4195000202333943
1,3.835388681774119
0,3.4334444140830316
1,3.494475737461279
1,3.4731619633021404
0,3.5250958115951105
1,3.494380301876117
1,3.416396992241588
0,3.4360174203162916
0,3.387758607987829
1,3.48527766275043
0,3.6487320914168886
1,3.721898769568185
0,3.490519781377547
0,3.733791565244562
1,3.6546297747526624
1,3.6360986801608397
1,3.6402622927995787
0,3.5718396044916423
1,3.507680039354657
1,3.442584679030693
1,3.4842868915616934
0,3.6099797956898487
0,3.4688241770405153
0,3.6268080535051004
0,3.593571192028182
0,3.4036731436997165
0,3.4770943616679517
1,3.4546635802648673
0,3.584992119090291
0,3.571157706852527
1,3.4859349241726014
1,3.606431544446181
1,3.541085564033932
0,3.6156651921555456
1,3.4743368481444086
0,3.6918022369558465
0,3.6237727996912716
0,3.5471689379462004
1,3.421475361513024
1,3.4301467855619188
0,3.580866474964264
0,3.584278471352982
1,3.455669965009047
0,3.7675935456051133
0,3.4231052017888333
1,3.4621787882772503
1,3.7918509160134692
0,3.526893851168359
0,3.5852776326966183
0,3.5444086819627536
0,3.461546420628879
1,3.422103676261173
0,3.386167887575459
1,3.5024453631088486
1,3.5038627961774793
0,3.4173086604136516
0,3.585643228388432
1,3.677100946748475
1,3.624093185048594
1,3.651539053211633
0,3.4041006969387397
0,3.4353174374263578
1,3.5998902663171046
1,3.4682604527447047
1,3.410595338960678
0,3.5566820924793694
1,3.5791848747071247
0,3.5239225251796027
0,3.7664195130465132
0,3.5675914433816462
0,3.5093520003023495
1,3.527278360350093
0,3.469279021215829
1,3.483167468706837
0,3.414811153899834
0,3.3771838017882576
0,3.568863957869812
1,3.50375625631003
0,3.5692508536785654
1,3.471853076058819
0,3.6003457121758813
0,3.3926129258270685
0,3.860581887862281
0,3.55098417505561
1,3.473356797909044
0,3.4803935969267297
1,3.589159210039278
1,3.621507062042888
1,3.422891092889866
1,3.972960013010783
0,3.730489881990387
0,3.486768446766699
1,3.934163911958379
1,3.494203536527015
1,3.6270722388608547
1,3.6012149112373164
1,3.471042824010692
1,3.662411780859112
1,3.7151737214441387
1,3.4826406625220967
1,3.4345832070709195
1,3.5747116096219638
1,3.4693237310195357
1,3.4677688024637794
0,3.4265120675519647
0,3.424901914895016
0,3.8263852499808815
1,3.5832807870734893
1,3.461157228551263
0,3.6569218588729813
0,3.5771486495308107
0,3.821875986571211
0,3.5957203808052514
0,3.4245450323765048
0,3.719675158562891
1,3.4803012567726466
0,3.4807863410514592
1,3.4913520447833015
0,3.55070861659873
1,3.5334097650493
1,3.6645469473433034
0,3.4023231446530233
1,3.5201761839484034
1,3.5089574717513266
1,3.4763469037349823
0,3.7753383794477937
0,3.59891247877325
1,3.4626626940377863
1,3.5505676281988015
0,3.537146567780822
0,3.3890738047908266
1,3.6716602239107843
1,3.4164402274671297
1,3.4799275925970288
1,3.5302373937048577
1,3.7041753452547317
0,3.4395815914825536
1,3.590885382268859
0,3.4501399862281064
1,3.8574672127651186
0,3.3812789593753636
0,3.4756290565976524
1,3.5161852937103193
1,3.611886648452943
1,3.4407171664292036
0,3.3966243750815535
0,3.6349114973223866
0,3.5275540699182026
0,3.4107911652446163
1,3.6085566342220328
1,3.439305351137762
0,3.4225728450745425
0,3.6974328082539065
0,3.5868313675559533
1,3.445624863208034
1,3.603850636520552
1,3.599753152092143
1,3.5296270624828487
1,3.569800632149206
1,3.456359788519269
1,3.601370008377186
0,3.527638381487187
0,3.6606952490898825
0,3.5886226120267937
0,3.4062281911837395
1,3.4139869324290806
1,3.478945767758747
0,3.59262983851639
0,3.515821860039883
1,3.6031356002417847
1,3.5877618993942537
1,3.504018251490123
1,3.451340107219713
0,3.479844383771735
0,3.6660266079898016
0,3.459514839603637
1,3.497494696693003
0,3.468573587011982
0,3.4474429161821756
0,3.808727328831081
0,3.4268090332179053
1,3.6854306043415366
1,3.5982265516149807
1,3.6250647521428565
1,3.466917168028553
1,3.586354593794567
0,3.6168757571396037
0,3.4263449077764383
0,3.78459654784713
1,3.4751884889660927
1,3.4310506181144222
1,3.5994397418355097
1,3.6229292824846
0,3.506083555663222
0,3.5712501839077198
0,3.5499831243401703
0,3.5225322047657417
0,3.7610134371838306
0,3.4015539863140543
1,3.521880823929262
1,3.5024453631088486
0,3.633778497928736
0,3.4010106644595384
1,3.4144481311922874
0,3.4342864993766544
1,3.6620504524271764
0,3.572583806613284
0,3.5024786374675805
0,3.574328171689608
0,3.418620530209336
1,3.496505543985105
0,3.5461050068898614
0,3.5226917965159497
1,3.981522169790834
0,3.5988571792057247
0,3.392715625064172
0,3.5062904819239042
1,3.562142745781569
0,3.6837480260741864
1,3.557369241006746
0,3.6995202449362776
0,3.387649977506012
0,3.5862148674745344
1,3.485214518369404
0,3.663162902370168
1,3.457906068511461
1,3.4189682958285688
1,3.5450312496226886
1,3.5100005901668574
1,3.5896370713784127
0,3.5189520831916554
0,3.5479926102547545
1,3.525700020957888
0,3.6837480260741864
1,3.451064696310322
1,3.4177258340281167
1,3.698626502121236
0,3.395366700518979
0,3.460076084913456
0,3.644215879675622
0,3.454514477561926
0,3.5634647593704307
1,3.4428077266972754
0,3.575108322760067
1,3.5328205648048283
1,3.450443547247682
0,3.430306443575692
1,3.4518531551637865
0,3.57944975595985
1,3.4771850607858332
0,3.5758529150422698
1,3.4740563998026017
0,3.6936108969613324
0,3.5440259361829987
1,3.883993304693094
1,3.470761753489513
0,3.559240495230916
1,3.4931510947044533
0,3.481343861079161
1,3.4236301345864675
1,3.415071569908911
0,3.4956210078832766
0,3.4078586906568122
0,3.4006273991619906
1,3.4572454061852507
0,3.5914872584230277
0,3.3988513957938933
0,3.468861604476265
1,4.081268715881252
0,3.4078580525267714
0,3.5713654226127436
1,3.564200210136316
0,3.442728662938621
0,3.5549988929116507
0,3.4555237861925536
1,3.5858703393455102
1,3.6250712778146545
1,3.648917930288746
1,3.4718166479158405
0,3.5699499787273674
1,3.5173164275145035
0,3.564779301785907
0,3.412355049121016
1,3.6068206819590736
0,3.4030219331977523
0,3.5662361100473654
0,3.420143736580444
0,3.691519420797212
0,3.72100160193732
0,3.416169932198517
1,3.418053781859471
1,3.5163893863025817
0,3.523211650512151
0,3.5775861493177787
0,3.590733102611334
1,3.4550078464217067
0,3.4468101744184296
0,3.4467131504261617
1,3.6077240882695456
1,3.4116030359029845
0,3.6622163450881153
0,3.4214357509055455
0,3.5590204599086714
1,3.491266627058729
1,3.479208639698522
0,3.4665623922909305
1,3.4515451432651694
1,3.7681209272229284
1,3.7068409007547016
1,3.5705549302158492
1,3.540651896578153
1,3.4270540037341446
0,3.472034644662171
1,3.5699825701084764
1,3.4550106907885
1,3.519969007034938
1,3.478743829785938
1,3.6033462029417955
1,3.5225059226616096
0,3.5329093990207725
1,3.4636963694018084
0,3.4225020261278343
1,3.4532668504010338
0,3.4478811531992033
0,3.6040716235820973
1,3.4376494018042485
1,3.4128186350026777
1,3.5186830899649837
1,3.625843375500301
1,3.4193662103547724
0,3.433647181273607
1,3.4246269524372024
1,3.5553867291677976
0,3.533826789702275
1,3.407957766523416
0,3.4958764402439866
0,3.62693422223087
0,3.53057319430693
0,3.717434797892756
1,3.7394107552588305
0,3.3773491328364007
1,3.4171792114070625
1,3.6487067029783478
1,3.583889864266673
0,3.4054495857777303
1,3.4848025673706173
1,3.753085072651514
1,3.5535686582520363
1,3.4363641856300027
1,3.4605824258370794
1,3.4605996276550113
0,3.66414341102987
1,3.5333745887170056
1,3.501671017202054
0,3.387709177606496
1,3.4853589061312906
0,3.5640235947427725
0,3.395789492102539
1,3.6273333385086977
1,3.457753953979475
1,3.502506743702179
1,3.4721825923708196
0,3.5124031007213175
1,3.750657826674397
0,3.5448413071350777
1,3.467037041655018
1,3.613052507614991
1,3.4441846915662455
1,3.541128108190552
0,3.5665395786527196
0,3.584248476065545
1,3.454792069427671
0,3.444009049059589
1,3.414782061900403
0,3.5529066813398873
0,3.4328352145847782
1,3.485367937254237
1,3.4474199820777
0,3.4467236269054546
0,3.5056777818680684
1,3.9329568601582707
1,3.460623592163069
0,3.5541995105207156
1,3.5581812409975373
0,3.4503006272466834
1,3.513307818715505
1,3.522727066758684
1,3.409406849348181
1,3.609028400562566
1,3.4186983173182486
1,3.6299147186925893
0,3.6942244973076073
0,3.377838353861907
0,3.5489942321755508
0,3.3849544874486277
0,3.4125403828106213
0,3.411164991119327
1,3.5772810830489883
0,3.431410441009942
1,3.8466986173152558
1,3.416325245640183
1,3.4456588724037363
0,3.589823285958004
1,3.443085326041633
0,3.530622805748156
1,3.685126006952536
1,3.5262344305166193
0,3.594195594588466
0,3.6653466937685613
0,3.699265748909171
1,3.489164904164586
1,3.4708020806710738
1,3.463828047422961
1,3.4460217356875598
0,3.5914930709806656
1,3.413662346915944
1,3.453091450864343
0,3.471878475145888
1,3.698626502121236
0,3.622912177701051
1,3.4612237076139007
1,3.598329198111475
0,3.401404389379236
0,3.5843906674575945
1,3.495138945090715
0,3.6194861396301587
1,3.526076435012375
1,3.6034080699055564
1,3.408404033231706
1,3.460617129390309
1,3.5039115160832344
1,3.534564971588232
1,3.4557901226444043
1,3.423771598296724
1,3.416445937921065
1,3.6630347444341176
0,3.521006225328195
0,3.4427531758357373
1,3.4879610941221264
1,3.634105237221335
0,3.5724779079016624
1,3.525804312887258
0,3.5994499988000714
0,3.6985123788961056
1,3.4997770902486365
0,3.5956685749347677
0,3.4408542803825477
0,3.424092498351923
1,3.4800845565657905
1,3.436930883100837
1,3.5179684958114117
1,3.454015590293934
0,4.045053124253392
0,3.804487373945094
1,3.532196712672213
0,3.406538998655334
1,3.511808970439554
0,3.5648789057074395
1,3.5823414982375783
1,3.4182076936480286
0,3.5856513877514975
0,3.494505705868146
1,3.978534375084611
1,3.412021477384196
0,3.582684086827145
0,3.4430050372165932
0,3.585633087418337
1,3.6081252120977094
1,3.4284303792235766
0,3.4122432949455423
0,3.3893129593731777
1,3.5563115024165985
0,3.408512204541928
0,3.4388868598336004
1,3.69194284399015
0,3.3782462082980844
0,3.571139978606762
1,3.5716815383948917
0,3.6227145616917196
1,3.507412228670146
1,3.7570208936732796
1,3.6816585254083893
1,3.4819075852979897
1,3.587273565889893
1,3.4888511199259153
0,3.6981712082043727
1,3.4346982989273247
0,3.4758198436952403
0,3.4954869788174188
1,3.5218322827502546
1,3.5400839763632783
1,3.7467936501399794
0,3.61415690256419
0,3.656835808831335
0,3.4257326838367437
1,3.466733856713612
1,3.469743057369621
1,3.685126006952536
1,3.544061764935925
0,3.4059144439078626
1,3.5430363157750886
1,3.5241218898507487
1,3.4135827029265244
0,3.433524178164673
1,3.5675591450980306
1,3.5097181333381124
0,3.6430363965322865
1,3.5025782554910596
0,3.445129291209428
1,3.4175343402307132
0,3.5165686813536694
0,3.3929564654407383
0,3.4003456336356845
0,3.438784015689487
1,3.4844898427401145
1,3.8269663082889767
1,3.4506628723546213
0,3.384858121290044
0,3.494483586024736
0,3.4065882590366567
0,3.454949877265078
0,3.5935005507428563
0,3.4562352420028533
0,3.6040588335640904
0,3.548680317896315
0,3.568929372074239
0,3.598407232795956
0,3.602574135028426
0,3.5406028991982224
1,3.685046287559029
0,3.586422709900817
0,3.691300624141916
1,3.410184820261158
1,3.4415668224229745
0,3.3780480373317614
1,3.443241353909237
0,3.393604309201659
0,3.6754492403335264
1,3.422807724000669
1,3.4472335989892193
1,3.536544333095437
1,3.4921905083646
0,3.398408535774305
0,3.6332063798009986
1,3.7148113094400155
1,3.4608692317440157
1,3.5332040049116094
0,3.610782923772152
1,3.4551904847576695
0,3.427182261170985
1,3.4372570453269176
0,3.4120969585705168
1,3.4932205107508962
1,3.46644498387829
1,3.4808171765581335
1,3.7518062791690814
0,3.5011191302750837
1,3.4208907115026648
1,3.431881739895495
0,3.5949399993547297
1,3.600646239721369
1,3.609274152615363
0,3.374511441788007
0,3.5925496640990615
1,3.8661064887895944
0,3.595458070651527
1,3.5892591539204295
0,3.6947583439531773
0,3.601284201486834
1,3.5028349735441986
1,3.494617236881955
0,3.604097205527336
1,3.4224752181611477
0,3.529633094013245
1,3.4816596516933527
1,3.419350443149199
1,3.4369231471338684
0,3.5984285189904313
0,3.582633693977718
1,3.6809906125452523
0,3.5858940021670964
1,3.4262498492303326
1,3.657190342951588
1,3.613348482350784
1,3.4268169195423512
1,3.5137697003652595
0,3.4600118916865457
1,3.5468117397968135
0,3.9492489404095803
0,3.692949064275008
0,3.4138584841331965
1,3.5019665933930977
1,3.9685027662258947
0,3.4438054670236355
0,3.6881815138242895
1,3.474428775195253
1,3.504065829486788
1,3.41837872959774
0,3.447426529938878
1,3.443837688379413
1,3.5285883621882657
1,3.4742173742350695
1,3.443043208290369
0,3.577521171544147
1,3.5650820479864196
0,3.40303269259697
1,3.469397530600342
0,3.5893468948687293
0,3.4206444641905724
0,3.690281623197645
0,3.6293822571929497
0,3.4373628998538712
0,3.606627472762376
0,3.524031430642634
1,3.4631280377308706
1,3.606704323016967
0,3.7096527608815046
0,3.4285784979822433
0,3.5989750139286385
1,3.5230373183602537
0,3.718255490555178
1,3.5027961460666366
0,3.754126250035463
0,3.579271846602969
0,3.7133718221073773
1,3.525410682889828
0,3.5973651854304514
0,3.789865729234724
0,3.372301592132441
1,3.8056041662007996
1,3.7345364129489615
1,3.421719901463667
0,3.393778422970659
1,3.417867408220426
0,3.5971987313395073
1,3.5184704099184323
1,3.50622690124388
0,3.6704593660400318
1,3.5287005354767125
1,3.4836797605512313
1,3.417774806137224
1,3.5600926975053158
1,3.703464768821585
0,3.5735119847189374
0,3.420608147968366
1,3.4738712722977256
0,3.5402912462526044
1,3.4533487434248515
0,3.424586532442698
0,3.381264348949029
1,3.5418005625315616
1,3.489703036213435
1,3.6089652576706444
1,3.4591590043783906
1,3.678377266408847
1,3.520645844502438
1,3.6604900173967043
0,3.5811126628015484
1,3.5165637078268306
1,3.4321012288624253
0,3.4235609232193265
1,3.564654397565891
1,3.5242503375985517
0,3.4772640799153067
0,3.5349772558239687
1,3.583522365272382
1,3.6366419422676235
0,3.552256359346929
1,3.630274315541831
1,3.459286161327273
1,3.4302710591681964
0,3.576846637629567
1,3.435104070514797
0,3.6974094635448242
1,3.4157972715293705
1,3.41264761513995
1,3.4738689475178113
0,3.5767065113598346
1,3.5310716257477166
1,3.4248831523510828
0,3.394588660343062
1,3.4148568647148614
0,3.575706475211065
0,3.596153718833326
0,3.5418486741790143
1,3.4762205674253215
1,3.4223940363425553
1,3.6715572844072986
1,3.4722424948672086
0,3.4933954955902933
0,3.4172374168627564
1,3.5226460569875675
1,3.624154005489169
1,3.4791096507077808
1,3.486056738901364
0,3.6045894238157947
0,3.5553146259169424
1,3.4295941967086474
1,3.481834883849852
0,3.392062926893445
1,3.4705067046150444
1,3.451164715459625
0,3.6019350338147427
0,3.4770933483605373
0,3.575831504589879
1,3.6501657816086697
1,3.5167593334091647
1,3.6281322087854613
0,3.52583188442629
0,3.4002868356840135
0,3.38775522888495
0,3.572518602893322
1,3.7616213398430025
1,3.4700558588831374
1,3.559134516425969
1,3.4221724347624196
0,3.5649432925556277
1,3.553552091282573
0,3.434234100936097
1,3.4802451858908663
0,3.3856633916656036
1,3.52480554683708
1,3.5241317172970046
0,3.630259716646293
1,3.4284303792235766
1,3.5139814157555205
1,3.413374848984911
1,3.6446989099287306
0,3.9192018740188828
1,3.5223693234660662
1,3.460746534057147
1,3.5671410477679655
1,3.449747916675514
0,3.4141684441361444
1,3.5350331105173707
0,3.468422273749665
1,3.439305351137762
1,3.657927566285504
0,3.60291882347523
1,3.494759709888299
1,3.4133843966813675
1,3.424521615035804
1,3.471853076058819
0,3.522757711265717
0,3.4046234907031527
1,3.4749197979790676
1,3.882650376852981
1,3.4191816222327773
0,3.565379500012771
0,3.445648127061589
1,3.5511082304845956
0,3.5501454785704034
0,3.602932760176732
1,3.527898024019293
0,3.4169797367822827
0,3.421479056891371
0,3.5112159553399622
1,3.4181909230664025
0,3.630966488707549
1,3.499388678660877
1,3.466950555541796
0,3.3870484016715974
0,3.6126486956839163
0,3.504865296163175
1,3.48954922519722
0,3.473299043184786
1,3.496416083315715
0,3.613271874669716
1,3.455737306255477
0,3.5794390780003047
0,3.5734317872869905
1,3.5100742391299917
0,3.492121793986748
0,3.5565456019491752
1,3.6027361771994855
1,3.412306593424582
1,3.4268169195423512
1,3.4247988920209624
0,3.435505005132847
1,3.4550166065758456
0,3.59430360710269
1,3.463780880928974
0,3.392841237092376
1,3.4181345063928164
1,3.479310767048628
1,3.6236275640313536
0,3.404712244050103
1,3.4255114701480927
1,3.427478682576716
1,3.5807386694355756
1,3.5593266920796642
1,3.509285618941388
0,3.5545787363227666
1,4.0519856616817025
1,3.4998545946172603
0,3.6184649778783355
1,3.5181279098465876
1,3.5789046782971137
0,3.387370463995337
1,3.516823739166164
1,3.4673311070494464
1,3.4532477078789805
0,3.4554967455474306
1,3.4808738987327095
0,4.066548764869021
1,3.471539007974095
0,3.5166625061698484
1,3.4715719011739323
0,3.4408445024220002
0,3.3915590827630853
1,3.839779592785721
0,3.5884393225718623
1,3.434434030499685
1,3.535013695267162
1,3.4599650360531307
0,3.4119481666350735
1,3.4685492360738563
1,3.483639305424386
1,3.6340522134225908
0,3.4053023520699477
1,3.527025368963613
1,3.546843774525156
0,3.606740580293394
1,3.4911982217234097
0,3.53623375688497
1,3.6749810418104274
1,3.6150637045865204
1,3.4126283974258205
1,3.487343200680051
0,3.7083771049693985
1,3.8027505447213072
1,3.747142102809997
1,3.4297851310338165
1,3.599532185169568
1,3.4875880457754107
1,3.4214421638556063
1,3.4261860536215716
0,3.58392064411796
0,3.4785925455420856
0,3.6948653986722895
1,3.4701570646666666
0,3.559264930192956
1,3.4170470969503715
0,3.4297043358493338
0,3.476871544335356
1,3.790297648360238
1,3.4507568660306385
1,3.6261788480584656
1,3.4412521725543073
0,3.581583764176374
0,3.4659406367940373
0,3.575294152828421
1,3.516275640712463
1,3.47243001844725
1,3.527161051286701
0,3.580026469600148
0,3.4607608322053283
1,3.4565133928276617
1,3.4235600897271694
1,3.441737010086642
1,3.6303941375767996
1,3.6238939044858047
1,3.4180013889469634
1,3.4368377818248317
0,3.506693932914446
0,3.5180314643751944
0,3.4059592191920713
1,3.474938135908497
1,3.4868051320043083
1,3.4175343402307132
0,3.601114624928357
0,3.5344249447669513
1,3.451015635627479
1,3.482821042609623
0,3.68267103085624
0,3.5204086915808137
0,3.5407282484488007
1,3.4583457196308087
1,3.416561547756993
1,3.431304688465516
1,3.6261048100931537
1,3.431476800672019
1,3.6167564722574905
0,3.4203826682778846
0,3.3993142554924387
0,3.729002165757341
1,3.512292695862708
0,3.4604212203199327
0,3.525790211989818
1,3.442096820784093
0,3.7763003683435787
1,3.602054068333474
1,3.5592457782590112
1,3.4230747424684216
0,3.426947507200066
0,3.580569685248273
1,3.520238608272655
1,3.4600231120562372
1,3.497279908447225
0,3.462512763525637
0,3.517145464754684
1,3.677992858588872
0,3.5328363643614824
0,3.6981712082043727
1,3.809325994665164
1,3.484609383228415
1,3.5336552099266423
1,3.6348971492620956
1,3.502139203189321
0,3.420424827107484
1,3.5178730857907734
1,3.4442166343299774
1,3.9920030467316905
0,3.748429865818405
1,3.543152998810808
0,3.408669602556039
1,3.422320807955689
0,3.4765286800564916
0,3.635505736500312
1,3.4486509424637743
1,3.4696858403638124
1,3.8708212234981754
1,3.5234892968543345
1,3.5971546475521694
0,3.49379745181935
1,3.523951273482691
0,3.613096731642436
1,3.9370299061211655
1,3.5795417339732296
1,3.4467868934387496
1,3.4570320488941495
1,3.7589982327993847
1,3.479599103042783
1,3.466207455843621
0,3.5257921044961997
1,3.6161366971055373
0,3.407859892577158
0,3.5646881206495653
1,3.4154442908180136
0,3.5647803648310417
0,3.4173220217890616
1,3.5670626228514686
1,3.4237322327694617
0,3.4842543135761193
1,3.447528593353243
0,3.524999198656149
1,3.5820192131454
0,3.398271613363933
1,3.4747410427855576
1,3.4259207396818776
0,3.4626239956559592
0,3.5925812030151856
1,3.474957573847849
1,3.6461831843619565
1,3.425370821780827
0,3.5809758823396907
0,3.707429819013075
1,3.451356236364974
1,3.432214117748639
1,3.461094706413752
1,3.41264761513995
1,3.500217745582588
1,3.536371852470956
0,3.3876504405579895
0,3.530312809793322
1,3.5843910916203203
1,3.5251965458670247
0,3.4853860628548055
1,3.4689061893782496
0,3.4331265550346113
1,3.4599731949189745
1,3.502324789550732
1,3.705847222740072
0,3.5898896730080603
0,3.3931641708011857
1,3.5306606498331576
1,3.517473305043679
0,3.5745928243663982
1,3.449777155636015
1,3.566413025400626
1,3.4888329346520695
1,3.4564679775741696
0,3.417879541116324
1,3.4899030097724633
1,3.5144118265360915
1,3.4907648444314567
0,3.4235821770517503
1,3.4177037043029435
0,3.392736577699951
0,3.63607611431685
1,3.489072070010691
0,3.6723192184383153
0,3.438154004788069
0,3.737034058594397
0,3.5904837767550863
0,3.4592508279106213
0,3.4750303902040196
1,4.16002453888546
0,3.5998866240040828
0,3.614386301301444
1,3.426739490885639
1,3.4905143557379374
1,3.548262897399152
0,3.425643641446685
1,3.4801441194570524
1,3.4158684077048243
0,3.5934035173269194
0,3.4126731663586387
1,3.5141651378614336
1,3.548713182344687
0,3.4332700590119694
1,3.497984072618828
1,3.6175107552972205
0,3.8394900826060616
0,3.6760433049591206
0,3.6197774146089454
1,3.671266992214399
0,3.4148999909992637
1,3.4635026152271835
1,3.6243553555299104
0,3.486793192930355
0,3.5445355092065443
0,3.5407709704883596
1,3.4835617595845116
0,3.4021982277493166
0,3.436226910340861
1,3.564401867336898
0,3.566253059163356
1,3.456995302825706
1,3.564358614057782
1,3.4725327063875695
1,3.5059446171745074
0,3.5919209253346223
1,3.4678495140404357
1,3.5799945047119777
1,3.482881974722461
1,3.512385904065705
1,3.4490601525728493
1,3.4916659231495895
1,3.4621917479662647
1,3.50628844838824
1,3.64847539178894
1,3.4900458839306086
1,3.6087271385732516
0,3.452302465210653
1,3.441864810515835
1,3.4689108281906647
0,3.580177846158592
1,3.4672221532272522
1,3.457947280581615
1,3.682109437169035
0,3.606051477489834
0,3.5791507685568282
1,3.592522837110924
0,3.4358984768178593
1,3.467644917206318
1,3.598224335966896
0,3.488273954333981
0,3.547496301106478
1,3.543134564851388
0,3.47592032000421
1,3.441517819300081
0,3.4396317736110062
1,3.518882209144795
0,3.568475436677958
0,3.575520555066873
0,3.4665916572881974
1,3.442444424443241
1,3.6124375310529406
1,3.4550834877446444
1,3.4588187405817368
0,3.606150466094659
1,3.449762396895939
0,3.433438540707748
1,3.5160729449636654
0,3.3982788021825034
1,3.6529975959244148
1,3.567766358259685
0,3.5089951000687654
0,3.4980764955699484
0,3.416607578450421
1,3.6131096310244044
1,3.942126637060395
0,3.7621479486750107
1,3.483891233501952
1,3.505358246214366
1,3.6757983309048035
1,3.6222109830591713
1,3.5780485843987724
1,3.530480731496147
1,3.454218324457522
0,3.695098432720306
1,3.511336541701716
1,3.4291762611571275
0,3.5676025122151427
1,3.5103148080675597
1,3.5973482570709123
1,3.45929514156511
0,3.5734225751189057
1,3.6779788895634007
0,3.3897704353005498
0,3.5254677738360067
0,3.4256036964579173
0,3.5575941308072645
0,3.4473529782058376
1,3.754671199290012
1,3.4211906530209726
1,3.4648417158826432
1,3.6497224878382246
1,3.417801387779161
1,3.4967720915920593
0,3.58865153979501
1,3.4658304546738066
0,3.5749247302701637
1,3.5608595222764348
0,3.3903639766852125
1,3.4811510201911346
0,3.629380856073651
0,3.7943981729523713
1,3.65466939866821
1,3.509691279446204
0,3.5958927104272767
1,3.67837702772668
1,3.417253090780147
1,3.559969576418924
1,3.7072598146139506
1,3.6027822110699055
1,3.431066524590736
1,3.4216928032121188
1,3.444529686199188
0,3.614386301301444
1,3.4944688172693494
0,3.658793259021805
0,3.6130643038463854
1,3.7424799252856076
0,3.7519375809239532
0,3.633112093653659
0,3.5786320130097455
1,3.465653953345799
0,3.6142724165677635
1,3.51498110571338
0,3.543715859013733
0,3.589518426492758
1,3.658421695311295
1,3.511870699598538
0,3.5489584956100573
0,3.4097234189436985
1,3.5353452720363516
1,3.5377316056159147
0,3.575236997998951
0,3.427976209518244
0,3.547207115068155
0,3.570120577046337
0,3.872112078172556
1,3.5293618773022577
1,3.4205282583132903
1,3.465217076561924
1,3.4894220619697878
1,3.4723201370302665
1,3.467280389283871
0,3.4568007814996755
0,3.4389685897076423
1,3.625800657069324
1,3.5715521483328954
1,3.5248102244582
0,3.956954424510268
1,3.6123725476576585
1,3.5951963320222178
1,3.526331942606499
1,3.5907018733600253
0,3.557555190505347
1,3.424344838289053
0,3.3826703132003373
0,3.4539373883708366
1,3.8245549794219826
0,3.3780372868708413
0,3.5856770155607935
0,3.447256681054479
1,3.826201806097195
0,3.7069253754677165
1,3.4773112890727105
1,3.6384334699798115
1,3.413277366763036
1,3.5197333532006003
1,3.479045593663814
0,3.575503672756534
1,3.6315823467728903
1,3.5176633980044767
0,3.390768027934568
1,3.5869599441314497
1,3.5944773983472866
1,3.462796859533794
1,3.4353852848887416
1,3.492137688267235
0,3.566252073600192
0,3.514982868329121
0,3.3882147894829777
1,3.502323146860676
0,3.584065145915279
1,3.50152217264734
1,3.4603478766535654
1,3.4716670433212573
1,3.47983356479556
1,3.5602329913673465
1,3.5277219119651777
1,3.4710312040956786
1,3.479738943591494
0,3.5070170724760303
0,3.4235709564952703
1,3.484644272648792
0,3.4106771263643734
1,3.6693518980826387
0,3.6625465344735693
1,3.7753599555437805
0,3.68266470619904
0,3.489881970724523
1,3.5039305691758647
0,3.756959277641429
0,3.506386188625721
0,3.587718793797549
1,3.498111010705333
0,3.415290406980342
0,3.4495899814172355
0,3.6063007037647545
0,3.79304553061985
0,3.5719737248838666
1,3.5003354609696027
0,3.490200182991852
0,3.4312845130387464
0,3.4386510965762915
0,3.4046264590645134
1,3.668995362254747
1,3.482956328390188
1,3.671679048345706
0,3.5714023330982707
1,3.462141275689787
1,3.60444149013951
0,3.4370896759681644
1,3.4936718376043125
1,3.6481620626781277
0,3.5916549587178266
1,3.7409170329059234
1,3.6034525814763727
1,3.466627972894799
1,3.4135827029265244
1,3.512244977230121
1,3.5005777648597736
0,3.7679655784792634
0,3.5424876645526573
1,3.4128235746135713
0,3.5818875571694515
0,3.6713315022861233
1,3.449959714469832
1,3.4381633457721614
0,3.396437660056987
0,3.3953858345821004
0,3.4681815790984794
0,3.4275842751372654
1,3.5548025614291077
0,3.4343149124972583
1,3.5173383644032854
1,3.500699833648726
1,3.6275051935784983
1,3.721382408463809
1,3.477598529423203
0,3.4219712600468615
0,3.7991778558041727
1,3.508130484059877
0,3.552669640597235
0,3.576544485075998
1,3.4693399262762843
1,3.4308552101628087
1,3.5003443087317385
1,3.446069294702733
0,3.5309126844831655
0,3.6298710448229228
0,3.861354520536805
0,3.593280001896678
1,3.8299759841424437
1,3.4526983596469063
0,3.5501786014479033
0,3.4848886882403227
0,3.5176995280768697
1,3.5536988024321987
1,3.596496310589557
1,3.488754548299495
1,3.4855869252451237
1,3.4291490218782537
0,3.6050813569958384
1,3.5200964771340204
1,3.648735465022059
1,3.4825087324336503
1,3.446327110424388
1,3.5624410297525775
0,3.459912603223454
0,3.577846883107336
1,3.543185208879442
0,3.4273131719109773
0,3.764019561568836
1,3.5012920494752864
1,3.8085761510254925
1,3.471828681050225
1,3.4207575164887114
1,3.760932505848559
1,3.416561547756993
1,3.5361657156164483
0,3.395525282976841
1,3.5731683606589937
0,3.486047051525228
0,3.5000628050755536
1,3.4470336236318193
0,3.4083729225074695
1,3.49932079611507
1,3.421830103298349
0,3.399334046234935
1,3.492637225835228
1,3.546272971231946
1,3.4932027355446387
1,3.4634242071512102
0,3.5764033003939457
0,3.594441857842617
0,3.5801049112386285
1,3.4838662974119075
1,3.4625365763168148
0,3.3859120504915663
1,3.470134587718725
0,3.621851986628748
1,3.416955484921754
0,3.498928148971442
1,3.4822860563735127
1,3.487231526728385
1,3.408126204067775
0,3.6658108101310254
0,3.4045115148791893
1,3.609717668867609
0,3.5041423285359405
0,3.62596532889073
1,3.587275088483629
1,3.509177146382097
0,3.7580092054964362
1,3.634926670461732
1,3.431476800672019
0,3.684082021217979
1,3.437634169488829
0,3.4194716914990484
1,3.496999421040327
0,3.440797444830175
0,3.557408751457835
1,3.4758417894898033
0,3.414327731275303
1,3.4206835503357547
1,3.4837293370291853
0,3.457757755868787
0,3.6237062001164104
0,3.595468402678864
0,3.401096475491995
0,3.7614776199658904
0,3.3938762347093516
1,3.4247988920209624
0,3.420711200337577
0,3.3946482516834466
0,3.563798773180437
0,3.605318815244027
0,3.5796205667543304
1,3.4774877765902743
1,3.5057783406106307
1,3.4771652756241798
1,3.520132901535045
1,3.514906246471632
0,3.459989691609652
0,3.434015665122188
0,3.4125625342690786
0,3.5746074012523343
1,3.537359557635227
1,3.5828220072219756
0,3.513170998341463
0,3.5763656380519127
0,3.4972109553109556
0,3.5229791597776816
1,3.4199546462053485
1,3.491105528045345
1,3.4568843295600997
0,3.396925035294351
1,3.7190419669293853
0,3.5451802424985814
0,3.565557460842455
1,3.481547322439884
0,3.426923397535172
1,3.4261808556336137
1,3.5343520653104976
0,3.5723896169163325
1,3.44728976683888
1,3.5011942036905483
0,3.6640707066221325
1,3.7272672374047557
1,3.6403459441830113
0,3.5282322073767154
0,3.931328435398236
1,3.472117069450883
0,3.595591742020243
0,3.53762483479243
1,3.4195639079928224
1,3.4577583743452753
1,3.4143583561631665
1,3.610264276446627
1,3.4794878379068472
0,3.5015174164369736
0,3.536351786013797
1,3.4260957140103945
1,3.6391600076025465
0,3.395043708161947
1,3.62351237138226
1,3.4509768796130453
0,3.564497176188374
1,3.4397497819268668
1,3.648649103907144
0,3.487504358848216
0,3.4186662264506675
1,3.5226204670892356
0,3.558010740369822
1,3.457606770069181
0,3.540097061012613
1,3.454967804018115
1,3.5239279424873384
1,3.618790291674468
0,3.6846815319405635
0,3.625119073275666
1,3.4705054009441945
0,3.6016745207749064
0,3.5596525690952743
0,3.617939315275298
1,3.4973655809900657
1,3.5612028462271965
0,3.5742380854036946
0,3.4183967670123265
0,3.555808263570922
0,3.570938316590064
1,3.442302256495741
0,3.6009850210138468
1,3.425943045137095
1,4.056666937323576
1,3.4585530768780335
0,3.404859811824468
0,3.4179850236226104
1,3.4642412347216665
1,3.4936295212183825
1,3.4511181389830714
0,3.7181980844670632
0,3.521038143836099
1,3.577450200722593
0,3.5829356200243327
0,3.573257141211111
1,3.54975792585216
0,3.696614441316969
1,3.488304340325306
0,3.506501374624177
1,3.81464791189519
0,3.453557530312816
1,3.442043760962248
0,3.4403744386219026
1,3.4562385422904742
1,3.6474733103223045
0,3.5505118637147786
1,3.5131152504999092
1,3.4637248455557588
1,3.7393909081439487
1,3.4752940801748076
1,3.4949418000217887
0,3.401359867565384
0,3.4526716649210023
0,3.5783065905855462
0,3.642079168546495
1,3.535218184129028
0,3.574105490568067
1,3.468858082298153
1,3.47373979026893
1,3.530674190141122
1,3.436798254606138
1,3.417812212096737
0,3.5291119508968722
0,3.6152612561895117
0,3.597928831051788
1,3.4640587556996985
0,3.6214173113067027
0,3.405406465183324
1,3.460370830639645
0,3.465064691502735
1,3.4225020109805753
1,3.480619320972949
0,3.4036022640700767
1,3.454328864775331
0,3.5806466029581916
0,3.4133953744570293
1,3.4672011144321218
0,3.416463811191317
0,3.4430098569251864
1,3.588977303897093
1,3.677050029887541
0,3.601453298954157
0,3.4863114621730658
1,3.4342692061932762
1,3.8470732889887036
0,3.9041230093470203
0,3.6480779179769534
0,3.402954287626332
1,3.5055683565434395
0,3.4567784894297895
0,3.614703751229514
1,3.547621583828977
0,3.517109291076892
1,3.4543244224408967
1,3.771420669656792
1,3.600698609444211
0,3.396566854841371
1,3.4443865687898763
0,3.6319686695030384
0,3.51314213420725
0,3.5802698053507838
0,3.530632869434368
1,3.4959988361819105
0,3.7748549265000433
0,3.5385860762813035
1,3.4210889063096803
0,3.716920287771079
0,3.614200140416515
0,3.5689701570842156
1,3.4739877950861415
0,3.63567234848056
1,3.467102706834394
1,3.6390636386998083
0,3.429094666761777
1,3.4948043827626454
1,3.495279868818665
1,3.5572222919995236
1,3.485721015439208
0,3.3928774693136257
0,3.44526073446821
1,4.121373295370971
0,3.5270816982173185
0,3.5926598761642294
1,3.475260941812742
1,3.4175535591271906
1,3.483069671624309
1,3.764295405415635
1,3.422178392681234
0,3.5743140653190624
0,3.6147908555338852
0,3.8080128778850804
0,3.600219679566157
1,3.6283591961317883
0,3.5774357164469524
0,3.6415544055239866
0,3.5257783024817226
0,3.418346883546384
0,3.587427278418827
0,3.5978893369379445
1,3.8682783190722754
0,3.4265498210206857
0,3.4012473721250855
1,3.4085130736250764
1,3.654966797670612
1,3.4740580654027533
1,3.5115822110513375
1,3.442637375949447
1,3.4197901027089843
1,3.6216780290467265
0,3.4351694260546686
1,3.4743768602431677
0,3.4154652173317035
0,3.595468430393788
0,3.7222031618967097
0,3.5075135177880377
1,3.4792112759835434
0,3.4059927436851134
1,3.6348611616657847
0,3.6721547686869815
1,3.4216735229964628
1,3.5027632218593756
0,3.4733947418401634
1,3.6420711091004856
0,3.6147503214648626
1,3.4224659901206302
0,3.4029313806463706
1,3.4438648934402054
0,3.7537697367172105
1,3.4644038877572014
0,3.6270043384443276
0,3.582662075653554
0,3.3918459258828615
1,3.4682786242690895
1,3.4609096367622993
1,3.496366378366166
1,3.6781908662245018
1,3.474999541395393
0,3.3937255307163063
1,3.549211788026948
0,3.640382432962729
1,3.497651887186844
1,3.717731809878087
1,3.5476415767459044
0,3.6622880517498797
0,3.5705026900548096
0,3.5726777484581613
0,3.393651623010538
0,3.4281491459230264
0,3.394814006044714
0,3.607909967261533
1,3.5384101659404585
1,3.5967799236504936
1,3.4797614407155733
1,3.5613576038960155
1,3.4571055306492595
1,3.688236914447138
1,3.4380562696324297
0,3.416310465313575
1,3.513260109083151
1,3.584262378920416
0,3.4119633833477114
0,3.5767768567588205
1,3.5199728897970624
0,3.402581750522605
0,3.6843794171681012
0,3.520700178183303
1,3.5504309220522114
0,3.626492279349831
0,3.50722672965887
0,3.6999486610573236
1,3.4670530342077193
0,3.458232596882214
1,3.4882613577195243
1,3.5288705458526732
1,3.544810479246333
1,3.514457670359454
0,3.737823992416381
1,3.579324058964464
1,3.558779572742151
0,3.447247741733473
0,3.6251373990884486
1,3.5945183298802466
0,3.6946389390603005
1,3.7926900542927298
1,3.515765925273567
1,3.4901111412591956
0,3.625588387535986
1,3.481988546480397
1,3.6760680340489693
1,3.5044159693630714
1,3.4124645016381954
0,3.842012742018145
1,3.5827135790994222
1,3.5994397418355097
1,3.4723173424130365
1,3.422814927828545
1,3.531383356268547
1,3.5593266920796642
0,3.587570374627492
0,3.4252355405656885
0,3.465296037446848
1,3.4377811768114865
1,3.442136141834094
1,3.4831033198562387
1,3.481532696222213
1,3.551779489406021
0,3.4865106331984483
1,3.438109104028358
1,3.745955651455038
0,3.5158844244678096
0,3.6728866298909026
1,3.4690577730084042
1,3.4902071386863667
1,3.581424209499419
0,3.512265386254986
1,3.5974736619670473
1,3.4602716125810256
0,3.80038194314626
1,3.4765060593577957
0,3.4257748681184124
0,3.4299757247114404
1,3.46191798744894
1,3.470131753456592
0,3.5706902795307447
1,3.4124986527493975
0,3.5703147470321395
0,3.550743657222136
1,3.6696865684577826
0,3.5299848765282884
1,3.627044636816022
1,3.4757852777626987
1,3.496353190425975
1,3.6235280864732076
0,3.4841311877749006
1,3.472782688375399
1,3.498186223033113
1,3.6292294553256963
0,3.599016487338178
0,3.454979725437325
1,3.4770085709133047
0,3.4203992727492314
1,3.650990660030837
1,3.499215532060603
1,3.4907149636870116
1,3.49146356475577
1,3.457900038485585
1,3.5188952756336667
0,3.7675935456051133
0,3.693801817667961
1,3.4616879791218294
1,3.5970726395694954
1,3.5626431818260293
0,3.7305196587211387
1,3.664905381088849
0,3.6962736986165026
0,3.824319823668731
0,3.4670347040064793
1,3.7208360221207206
0,3.7332894191849597
1,3.6097220508789376
1,3.47421607580909
1,3.8851404949852073
1,3.5695571206012455
0,3.5236901029978718
0,3.448383282669634
1,3.7790906467399217
1,3.7716964969361073
0,3.584588877282046
1,3.5583341901139396
1,3.4159714841959565
1,3.509691279446204
1,3.5013686863566993
1,3.4672221532272522
1,3.4561404767323047
1,3.5020981994843607
0,3.4369864306790703
0,3.4278311919597932
0,3.575817360103563
0,3.414009474572929
1,3.547118770723949
1,3.424254795133654
0,3.8367373090108297
0,3.3807122347214293
1,3.623926980102063
1,3.451541636540314
1,3.487433716381903
0,3.6315230877425964
0,3.534718354034467
0,3.514168146237824
0,3.6003457121758813
0,3.3714100258963464
1,3.462066576160083
0,3.568965320730677
1,3.5165223219380373
0,3.484601029651251
1,3.456232181754275
0,3.4079827977459267
1,3.7508887511992803
1,3.6119584896101964
1,3.442644457259091
0,3.6697865572606494
1,3.4852231672623537
1,3.60789150204942
0,3.5752737066915863
0,3.4021600143449118
1,3.5216060447595248
1,3.5157785848706373
1,3.454491126093346
1,3.471519582193
1,3.4180397562937666
1,3.988684910223166
0,3.707429819013075
1,3.515512018766195
1,3.5831618778892436
1,3.4938924570374676
1,3.602702116439433
0,3.8269673680073053
0,3.546471896681816
0,3.3908315949474397
1,3.5913228182165073
1,3.487955018683901
1,3.611468349577986
0,3.824319823668731
0,3.498154161946701
1,3.481926784370112
0,3.4325431572395555
0,3.517154146863562
0,3.551340660052927
0,3.43667905625435
1,3.5357230268995425
1,3.5136654944939694
0,3.612408414584103
0,3.5524988823420256
0,3.572236828224343
0,3.5770629452878877
1,3.416090865038428
1,3.4581906336505472
1,3.8584495440759814
1,3.4836418279915953
0,3.396179128901751
1,3.491568927230783
0,3.4258549826457383
0,3.584691948834378
1,3.5224654764668357
0,3.441411306767299
0,3.4074338928870453
1,3.4853358383812174
0,3.479591685889279
1,3.6407742996613854
0,3.4776824480597903
1,3.488116264524491
1,3.4563242588994605
0,3.480737118822495
1,3.5019205519999286
1,3.554619602911312
0,3.5276329872339534
1,3.4660216139882607
1,3.58742702949929
1,3.5635922566453564
1,3.564654397565891
1,3.511002707882752
1,3.513047343699675
1,3.431264220517784
1,3.520180166484536
0,3.4423000797457526
0,3.500770176436208
1,3.415667601689368
0,3.382891482584286
0,3.449705071560536
0,3.3934673977855963
0,3.6387518506684455
1,3.4512949859886843
1,3.4528763642992186
1,3.432676990787518
1,3.507780863674652
1,3.42167582247052
1,3.473965685163315
1,3.478704769227153
0,3.5183557828480514
0,3.5953555022287005
1,3.505630956686677
0,3.598793269015598
1,3.5299574480438087
0,3.7344371168742407
0,3.6844275740769263
0,3.5791123727165264
1,3.4417666888030687
1,3.443657569704156
0,3.6375154322964693
0,3.4366162149704196
1,3.548253686065971
1,3.520108402571409
0,3.3781740346644025
0,4.052598769001879
0,3.623101063883944
0,3.529527260223647
1,3.5118293518529824
0,3.3954852433051816
1,3.4270887379177766
0,3.425836486485706
0,3.4312731599154738
0,3.493203923186781
0,3.594007960746693
1,3.4500325334979864
0,3.60572258338519
1,3.614316092499161
0,3.419015828323088
1,3.416633688131467
0,3.407231427370966
0,3.59207276254495
0,3.851979343386503
1,3.5125046837745644
0,3.4384824459073937
1,3.4870302324043663
1,3.4211296318861724
1,3.4117325269641854
0,3.4357962342529578
1,3.4717797999818485
0,3.5616425957524047
1,3.5816481591731253
0,3.4539577968662125
1,3.5970278739651054
0,3.472086134798002
1,3.4505016473999452
1,3.5109214784230973
1,3.4724663509934226
1,3.4606474899134136
1,3.605547323686932
1,3.5964712011272026
1,3.4723791361192213
0,3.617552571592937
0,3.408818072872866
1,3.651377088116967
1,3.479097924530686
1,3.7973419701670004
1,3.600086527077681
0,3.3877795416455605
1,3.425360082121409
0,3.615826070796245
0,3.4551315824511857
0,3.4075043200138366
0,3.564223227033655
0,3.5694573998236554
0,3.572553048328692
1,3.4702724249537176
1,3.598650691236793
1,3.4811659625184572
0,3.618495747261764
1,3.4185828385007047
1,3.430170728355835
1,3.706310840628511
1,3.519792951987375
1,3.5578294122370253
1,3.6365841281178195
0,3.4248129151524678
1,3.7348974073605263
0,3.586840377283947
0,3.4363644388595604
0,3.691929545777321
0,3.5758781441663907
0,3.556833268562379
0,3.4792675060495957
0,3.8005984070995127
0,3.447540375365792
1,3.656674945557884
0,3.532704183472158
1,3.4696572077394476
0,3.3794746033901015
0,3.5616431396640484
0,3.4066903845651715
1,3.8605320031046757
1,3.416709134088974
1,3.5717377453107138
1,3.5162780421346307
1,3.407271885941366
0,3.5007990766011288
1,3.613418696047092
1,3.7021478827259453
1,3.473394147757205
0,3.5744446523597797
1,3.505739518306682
1,3.416671579047938
1,3.5368481047581635
0,3.4232534239889834
1,3.4191816222327773
0,3.5693935009473505
1,3.4707482400082976
0,3.5798335974792206
1,3.473573918602989
1,3.4600374827788336
1,3.740089474132896
0,3.4315988116741796
1,3.4488827767031727
1,3.6220487208539702
0,3.517023394645387
0,3.42814861513825
1,3.429030911573771
1,3.477128611023758
1,3.4794991440967524
1,3.631936398562133
1,3.4173052292315993
0,3.846825838086715
0,3.582007539315795
0,3.390993355849051
1,3.4883623907109502
0,3.5453896473702886
1,3.423437620233597
1,3.455091743035264
0,3.656318970875514
1,3.4757322782656184
0,3.563807366689686
1,3.4793669470980113
0,3.569441844187748
0,3.5365753676207192
0,3.5085436936248007
0,3.4297055058283816
1,3.4934094784945753
1,3.492878313633247
1,3.4187846972932388
1,3.477265767473635
0,3.683410184793356
1,3.7806657552394287
1,3.41554861830728
0,3.546875565201119
0,3.4805630114381887
1,3.742303717466542
0,3.534660072265931
0,3.736174879867328
0,3.5521161523071254
1,3.5476415767459044
1,3.6592440822962202
1,3.58874873065758
0,3.519268477409162
0,3.404455717893943
1,3.4862341076106946
1,3.4156827037597486
1,3.5333523394718163
0,3.518321170729798
1,3.473910861967383
1,3.454986165466802
0,3.423052311708525
0,3.4467427579409478
0,3.5596595694690993
1,3.6108186661169275
0,3.685034433963312
1,3.5897104569242044
0,3.927281683129004
0,3.436754445422164
0,3.386681831885021
1,3.489927994005373
1,3.531577236599053
1,3.589872445801202
1,3.4960303775116848
0,3.5909775573512768
1,3.47086167807719
1,3.4482711150660372
1,3.6880946610310836
1,3.536219618195355
1,3.5060953292145287
0,3.4307771746894127
1,3.594702204511819
1,3.6548334832240923
1,3.5216237376000454
0,3.7272409849799004
1,3.504296616801538
1,3.6050894586028543
1,3.431257535068118
0,3.4111618559753105
1,3.56206859960321
1,3.6220527508932685
0,3.63644452573038
1,3.815204746108826
0,3.3813058687279316
0,3.4235453845936656
1,3.5204972551005214
0,3.376912317653562
1,3.4211877848676457
0,3.579896274560999
1,3.494949285872154
0,3.4720612503089847
0,3.4630012325683963
0,3.575089467200151
1,3.4956616441993345
0,3.413918691442374
1,3.5244507518994563
1,3.546658235958471
1,3.51250902048895
1,4.01350312319893
1,3.485474522942109
1,3.436761591301221
1,3.4386460445328217
1,3.5572222919995236
0,3.430567736214294
1,3.8564557103986936
1,3.425380202981366
1,3.4972561763024013
0,3.405552820008849
1,3.464816510878689
1,3.4492501796543387
0,3.3813595696681
0,3.384001744679942
0,3.528196510049729
0,3.4781634327510393
1,3.4117325269641854
1,3.5825044852866044
0,3.5609868803391547
1,3.5242964240753643
0,3.5288469627477337
1,3.447602396025224
1,3.5493186823907825
1,3.941380943930054
1,3.601127048025328
1,3.4356479321239837
1,3.532953087854831
1,3.455669965009047
1,3.486536872527476
0,3.5687621167114965
0,3.5677165216817
1,3.5486420054005627
1,3.4349587254286735
1,3.6543073645413062
0,3.5971667943109695
0,3.5687445957716792
0,3.7987594033617107
0,3.49731777577748
0,3.639970955324352
1,3.614995552756858
1,3.4126283974258205
1,3.444887429996928
0,3.472086134798002
1,3.524918567216674
1,3.532533112026329
0,3.798232146521818
1,3.438897345800207
0,3.597379634482863
1,3.4121303443981628
1,3.8891571108503737
1,3.463557176236418
0,3.4336732402849885
1,3.5302373937048577
0,3.666448366314563
1,3.4431017145527623
0,3.53217057027009
1,3.50342213893457
0,3.6402989987043037
0,3.592158008326145
1,3.4205039193257254
0,3.6020107364817475
1,3.4916194309625834
0,3.5624091560877216
1,3.5000440244241395
0,3.649201338943066
1,3.489974808520462
1,3.497134490044278
1,3.446288789325429
1,3.417891436846898
0,3.572500508740886
1,3.543185208879442
0,3.45338776987947
0,3.377202998260699
0,3.5975377436032034
0,3.5940893729196004
1,3.819663295298172
0,3.437974381552795
0,3.697840094699027
1,3.416719278674659
1,3.420457270777782
1,3.4564474322065064
1,3.4168311203044146
1,3.446089164855418
1,3.665271808247092
0,3.5294335600789153
0,3.4784314982766893
0,3.4325941420684227
0,3.855384706889891
1,3.6523602260915995
1,3.4922794480832065
0,3.6676287613291483
0,3.5672343046968074
0,3.5855520428621173
1,3.4633054265253174
1,3.453452861724469
1,3.5598282312116116
1,3.4192876647663697
0,3.52107845846656
0,3.57144923328354
0,3.6032087786695763
1,3.460572639319743
1,3.706977010007887
0,3.451719805254195
0,3.563065680707047
0,3.425553178899192
1,3.580998889514404
0,3.68304450756364
0,3.4132040353661632
0,3.5856733338130975
0,3.526100562569877
1,3.5011942036905483
0,3.38908208856333
0,3.5468949188391807
1,3.694491097805453
0,3.423586886565008
0,3.4484249765298287
1,3.477128611023758
1,3.4157972715293705
1,3.63799876213283
1,3.4899753564023985
1,3.4239489601276216
1,3.4768564388488654
0,3.4008168699017514
1,3.42539171347512
1,3.528444727904876
1,3.46962450511599
1,3.5095591195037104
0,3.426933015319802
0,3.6001035115069215
1,3.741968128225394
1,3.5131697614540283
1,3.525191760956277
1,3.448577916089599
0,3.400259933610773
0,3.623551777673236
1,3.5860155545972967
0,3.597747163900238
1,3.580446017793143
1,3.6538443897486284
1,3.5102398719793224
0,3.4506957112302428
1,3.4934910715459067
1,3.709102815496919
1,3.4729129519345503
0,3.4120246692497145
0,3.4609388727569415
1,3.500116390737266
1,3.465284297458064
0,3.661395991135501
1,3.4681276703842525
1,3.480217956672561
1,3.415263202394962
0,3.4127571512135413
1,3.4870664078920917
1,3.5992040746385485
0,3.514317931332995
1,3.4316793123419336
1,3.5165664610097083
0,3.4543067610196774
1,3.493085775326269
1,3.6037242092578943
0,3.390761703377959
0,3.4910269924230635
0,3.541733396759686
0,3.381008736451653
1,3.4468446735686795
0,3.528658604828
0,3.455178544830989
1,3.584851208914071
1,3.4202264633431363
1,3.4183583166428027
1,3.596275158016214
0,3.6045011032411147
1,3.6823091052173065
0,3.427148873363077
1,3.6377397931970217
0,3.4194872516761072
0,3.5612864026304054
1,3.5120331073860753
0,3.4233348306394578
1,3.849413741403422
1,3.568733209149929
1,3.4860554035903037
0,3.3949159552668497
1,3.5490331198384912
1,3.4507358434993676
0,3.7182159784557687
0,3.4432610635807372
1,3.48796238346248
0,3.3914595426303635
0,3.4127942514912717
1,3.586697263784105
1,3.532533112026329
1,3.477646082412214
1,3.438359842377854
1,3.5647299629648703
0,3.536821680834227
0,3.5273680121496502
0,3.7072365540449175
1,3.5083379315138323
0,3.474319275457412
1,3.4443768114103688
1,3.601243718883211
0,3.71793008389749
1,3.5842898206533813
0,3.4249679482341433
1,3.6795914543528596
0,3.373373521184445
0,3.591881342015213
0,3.3914177157021204
1,3.585914699032358
1,3.509177146382097
1,3.437789686333112
0,3.58218668359848
1,3.507606354435614
0,3.580359019624604
1,3.503941319917971
0,3.4804053623778963
0,3.704231901962439
0,3.582927716234804
0,3.3854075262222136
0,3.5789515898665076
0,3.6706541731366014
1,3.5149491828846533
1,3.8494304666713552
1,3.487018856978203
1,3.4836168259311733
1,3.6236415288739017
0,3.437219100320522
1,3.4658673057786844
1,3.6232160743789454
1,3.52134843546282
1,3.4593885983874553
1,3.4732388718464544
0,3.470200417507411
0,3.413071601803955
1,3.4933246141913448
1,3.4967383634417586
0,3.419129923540911
1,3.4992614430808806
1,3.7495298755302175
0,3.5913971931808386
1,3.617545729100223
0,3.5564020581055478
0,3.3778953144715107
0,3.5121761554404105
1,3.4983237766059085
1,3.4666644361801207
1,3.415219090508358
1,3.4089642975135956
1,3.701708524270588
1,3.524110058245012
0,3.5054540583801863
0,3.5771825973610665
0,3.5639036318911
0,3.5984421038352226
0,3.3976579363771324
1,3.6130320831806206
1,3.414927686657461
1,3.4892658348064503
1,3.425252236993673
1,3.506369490856793
1,3.4963953103775056
0,3.463620662270585
0,3.6596495661767396
0,3.4101869217473184
1,3.42579754163632
1,3.4231028390589495
1,3.5939488381825955
1,3.5386133889828852
0,3.4517605807610914
0,3.631214674813402
0,3.490618002876427
0,3.67312922624192
0,3.600728193031534
0,3.436204178972769
1,3.4128186350026777
0,3.5959539278832486
0,3.4563447936546154
0,3.381048549159223
1,3.6647839765439176
1,3.458781109813886
1,3.5960689436584734
0,3.720168810995469
0,3.412049953148512
1,3.465528848759478
1,3.419906725848839
0,3.6527041811153746
1,3.4178164750651754
1,3.416508868008648
1,3.4943766768910476
1,3.446077590378955
1,3.671961585650026
1,3.6038359821787824
0,3.5945385332751427
1,3.4513902895905435
0,3.6250534323761867
0,3.536261452907029
0,3.4107464647323664
1,3.573566588102049
0,3.4605672795066886
1,3.508351755164939
1,3.589213641629829
0,3.491411111089395
1,3.7522251458413827
1,3.458130482903161
1,3.5680140779878795
1,3.8714199674948873
0,3.479648512423348
0,3.5636793142224885
1,3.4204402069395123
1,3.4784536698957056
0,3.5535995549322617
1,3.4768564388488654
1,3.5604179231861113
0,3.711389441333094
1,3.6115290185401787
0,3.42172548924219
0,3.421703459754723
1,3.473078374002889
1,3.462242428873635
1,3.662119772456366
1,3.4958761082999015
1,3.4330008796898333
0,3.411953231185304
1,3.4412425484020592
1,3.4463280215333514
1,3.631160837832668
1,3.473462674704002
1,3.4849278183908075
0,3.6271381695730627
1,3.4563822981436396
0,3.580580786723098
1,3.487515877985811
1,3.657907474159649
1,3.4098549568387506
1,3.6397422323927398
0,3.5759044965743376
0,3.4230253860175104
0,3.589089159797722
0,3.814526514557116
1,3.4291077768380096
1,3.6212066615012763
1,3.7617882936087086
0,3.413029580003598
1,3.569065550632327
0,3.469657570070347
0,3.408669602556039
0,3.399142097579547
0,3.598708475488127
0,3.5230330835261134
1,3.554356760598102
1,3.673226272615079
1,3.635474948312394
0,3.528445970042376
0,3.588175755999382
0,3.4990615797144793
0,3.5392865325207876
0,3.612631993605698
1,3.663372688413886
0,3.6926145554307688
1,3.484586298696512
1,3.5994702963422287
0,3.7844820933586654
0,3.56813775122332
1,3.476784815448464
1,3.4845713989721765
1,3.4772521783091204
1,3.5819611262653095
1,3.4500226782535566
0,3.6967153367989076
0,3.4509437307777806
0,3.4996392046511504
1,3.4728267186223345
1,3.4544175533603076
1,3.605122044782497
0,3.4963364224382447
0,3.5883427509373087
0,3.60447168806238
0,3.393238713501668
0,3.699265748909171
0,3.5771918001222662
0,3.5307217137603844
1,3.472897322734528
0,3.412324076634177
1,3.596881035112325
1,3.6031550195368047
1,3.4970685579846976
1,3.46876284898327
0,3.4637874106205224
1,3.5103148080675597
1,3.503511431662333
0,3.5242402845188816
0,3.5396262090435324
1,3.5404837316816824
1,3.697944186208366
0,3.496032100076069
1,3.4251988324610765
1,3.408523289660603
0,3.427685313591456
1,3.4165576645080034
0,3.6097251453156303
1,3.4605824258370794
1,3.724015801526975
1,3.5914338723676797
0,3.3960585875794416
0,3.4380573203298574
1,3.5256689957958236
0,3.607180006326071
1,3.494982557339304
1,3.553481340259826
0,3.475540208710478
1,3.4448942684302812
1,3.562372971349772
1,3.4740254869753753
0,3.4275475143620584
0,3.76793332907567
1,3.4377732758126114
0,3.4372925448399587
1,3.4826977490538877
0,3.522507870919096
0,3.5927673469861348
0,3.5711900826375134
1,3.808249348588269
0,3.548000945984997
0,3.4775262012268837
1,3.457923660915747
1,3.4823517798808097
1,3.765057531391425
0,3.410667501939629
1,3.5790756012978546
0,3.3843759686196107
0,3.6583276510420353
0,3.5346706204522786
0,3.439328479342708
1,3.5069568543709
0,3.4970142221942333
0,3.585373554529221
0,3.547871731621654
0,3.4096921854803712
1,3.511808970439554
0,3.45338608729802
0,3.567753219053358
1,3.6175705306705295
1,3.448088716656667
1,3.5355934814055434
1,3.462290879113856
1,3.490079291832792
1,3.6631025295692092
0,3.5360968225623313
0,3.423230123061738
1,3.5004231065462723
1,3.469012162281607
0,3.5816438724687076
1,3.527673678959276
0,3.4015670518919716
1,3.4151826316143485
1,3.4516026789802785
1,3.4933246141913448
1,3.489441728439187
0,3.707490659716489
0,3.4378564489844665
1,3.7399995999644475
0,3.494162285414862
1,3.5321858962917356
1,3.5974199484836373
0,3.733844352992
1,3.495680745428585
1,3.532707908426385
0,3.4112064504145923
1,3.418860471947019
1,3.4977790589553703
1,3.5641767109297935
1,3.4230501645432105
0,3.441757721939693
0,3.683410184793356
1,3.587273565889893
1,3.661755328677759
0,3.429170364875636
0,3.372238130659441
1,3.4921966067679286
0,3.560438373808266
1,3.481834883849852
0,3.479018713651136
1,3.657897855727358
1,3.5451919833083796
0,3.615445952783243
0,3.3970751107848973
0,3.5977080437522972
0,3.6159445945655984
0,3.55866311017607
1,3.417825259176513
0,3.6234050694267084
0,3.7706819840653543
1,3.485544945676216
0,3.5880990538358453
0,3.415541709368884
1,3.416058069591301
0,3.561128735649151
0,3.5804150499099707
1,3.4570320488941495
1,3.889076489168889
0,3.621438729535489
0,3.411215975251863
1,3.4185828385007047
1,3.4141078076520426
1,3.513428616307567
1,3.5425375746341206
1,3.7726156641664055
1,3.475541675196895
0,3.3816778953221984
1,3.4399675210314546
1,3.518643831316137
1,3.4632679288280896
0,3.777714988755246
1,3.424589458874088
1,3.4614812162659896
1,3.421165344191969
1,3.4190992316820363
0,3.5382868093641355
1,3.5500220171931187
0,3.5785932627265313
1,3.4171411473725595
0,3.713655403724565
0,3.6404163889896957
1,3.560558384611049
0,3.4129199268098818
0,3.468471194186429
1,3.5233488968514695
1,3.521254219244365
0,3.597837376460836
1,3.4917374293275985
1,3.455241341906849
0,3.3891508975644555
0,3.4067160191469483
0,3.5721060021107576
0,3.4067518919432764
0,3.795952117312528
0,3.466798330083181
0,3.658868244794834
0,3.558959977487334
0,3.7509740589582745
0,3.604184375049742
0,3.4119129486727418
0,3.4230268299404973
0,3.5337940499524176
1,3.4168311203044146
1,3.4908462214039577
1,3.53479940460518
0,3.4210425759625074
1,3.4775935409738277
0,3.6220897841424406
1,3.535301214711073
1,3.4784536698957056
1,3.502006994087324
0,3.590868709482101
0,3.3808645014823435
0,3.576584318405845
1,3.479651348615399
0,3.725039299218311
0,3.6580694957568194
1,3.437111670309122
0,3.564829180412183
1,3.5245706141364432
0,3.5507396268620925
0,3.483427527418998
1,3.4573886800665212
1,3.4201299690083915
1,3.4181285967355315
1,3.6711617451148753
1,3.507654721515669
0,3.4088701960852847
0,3.6587461166049486
0,3.4678080786954095
1,3.4237201613357344
1,3.5869885657330367
1,3.4921905083646
1,3.4954483147704143
1,3.414157909654263
0,3.4456758693228204
1,3.474693852006607
0,3.609385439863425
1,3.472094399009969
1,3.5389654477490877
1,3.5057292099220527
0,3.425448895346789
0,3.4310750365605167
0,3.621817587705165
1,3.4500234125288167
1,3.5103201921470935
1,3.434202820268516
1,3.443085326041633
0,3.563992031684929
1,3.4681253809755157
1,3.8370493074003837
0,3.678570532441904
1,3.8171138561140605
1,3.550134712969568
1,3.498255179111391
0,3.537755257034632
1,3.474574236285615
1,3.4103791977305686
1,3.709102815496919
0,3.3905116651524416
1,3.655565737348762
0,3.664080402908886
0,3.4107118915281824
0,3.5602208835167954
0,3.422779732457024
0,3.4342455121847073
1,3.4706453930330734
0,3.5924983986106844
0,3.601316041266506
0,3.399508623823384
0,3.4152422832245293
0,3.4450501698973337
1,3.5355381114592777
1,3.6065725165840172
0,3.7141405913958754
0,3.392970250311611
0,3.390637076978407
0,3.4343135272134346
0,3.433173265486825
1,3.616853899997367
1,3.52793188760084
1,3.4958761082999015
1,3.6453589282879424
1,3.476254521186854
1,3.4154786838674815
0,3.494236646559919
1,3.4629996530164098
0,3.661347639717874
1,3.546723272885599
1,3.4930112972985152
1,3.527553099799472
0,3.5648826539031404
0,3.5922178646386524
0,3.6593157563274294
1,3.4772101787591003
1,3.5250375594559853
0,3.572512133614539
1,3.537373241954758
0,3.4394799006624655
0,3.5315409171600476
1,3.4911554094271926
0,3.610931503437569
0,3.614935327458374
1,3.408135460506793
1,3.4631620914899646
0,3.5372936198077514
0,3.5470067062464223
0,3.455704748754656
0,3.5673432346699983
0,3.6991994976715454
0,3.6417668143394275
0,3.518696602265432
0,3.409951971496818
0,3.5562220804973173
1,3.4165492846704986
1,3.444556317526016
0,3.817782702736168
0,4.052724562052499
0,3.713773941217928
1,3.6764957087401062
0,3.707429819013075
0,3.4971698777516242
1,3.461636577481122
0,3.4495642497980787
1,3.4694460216956906
0,3.582847480395607
1,3.4448748631233546
0,3.64850001334722
1,3.4567523488069294
1,3.4573172952158373
0,3.5332767721779277
0,3.5570858631516495
1,3.496170731021826
0,3.416780537559433
1,3.4439865967632888
0,3.4972392952895572
1,3.5173359752213402
1,3.463978255492857
0,3.428260242840629
1,3.4620991550152196
1,3.59897632937653
0,3.567298302743343
1,3.7024110075111207
0,3.5438666112916453
1,3.7619444035696463
1,3.4671242906039357
1,3.4435242804572814
0,3.5442825143363454
0,3.552931033954481
0,3.3901051141908223
1,3.5479439303803355
0,3.5619307241395726
0,3.5599418680436967
0,3.44340884466978
0,3.8275497706426034
1,3.4887312227309906
1,3.4880646655005885
1,3.4624630254407176
1,3.507623703094222
1,3.4822776999954397
0,3.3940990799928032
0,3.4175449334995096
1,3.5363570037261125
0,3.3798028919313716
1,3.5150034835883592
0,3.669558308396514
1,3.6358272482053087
1,3.4917160941357737
1,3.5887152679877294
0,3.4166080439335738
1,3.489339436563782
0,3.5888049491287073
1,3.641490588711086
1,3.5105426828579187
0,3.449284440116263
1,3.5542809422294606
1,3.4386819898332175
1,3.612670753033153
0,3.4283285357721014
1,3.481853397967553
1,3.637813000032457
1,3.6346923626839396
1,3.5352837919909996
0,3.4098794121562808
0,3.3792180811080197
1,3.4903304633399674
1,3.7236396999807475
0,3.683410184793356
1,3.4836418279915953
1,3.5842569804346702
0,3.4427993868654743
0,3.544140517886577
1,3.540592059833039
1,3.4128186350026777
0,3.3872574581586408
0,3.5733447537580725
1,3.490732765622965
1,3.745955651455038
1,3.5526706350294393
0,4.076989331295743
0,3.9340340654681394
1,3.592718895460627
1,3.485668026641928
0,3.432584455207042
1,3.467006173845669
0,3.673607749137952
1,3.5851474543646193
1,3.500702353855575
1,3.4621529083858915
1,3.422406462222107
0,3.405230326008583
1,3.473173548822701
0,3.5902743104411923
0,3.393579309511129
1,3.6650102753385494
0,3.5881204307150276
1,3.484422568689002
1,3.414185192187779
0,3.4977032587393997
1,3.7151089481557644
1,3.475775369734077
1,3.6003424217093194
0,3.5335831057117684
0,3.3929407695476295
1,3.6053277074039323
0,3.4561370750262923
0,3.576701148719748
0,3.402279128208976
1,3.576920376855237
0,3.5794390261357196
1,3.489927994005373
0,3.4955942140877236
0,3.5650307118163744
1,3.4720665802223
1,3.449608760030174
1,3.4795925148769693
1,3.505083262016482
1,3.420186824575866
1,3.645384929784971
0,3.391757019900088
1,3.4612021179143704
1,3.44402953495633
1,3.547051731326076
0,3.555361251605213
0,3.588718858337518
1,3.4647154085430536
0,3.5938063331446495
0,3.5738057135490795
0,3.4232195120713755
0,3.3973114039381005
1,3.60256196993058
1,3.6002117597084853
1,3.5068298852110016
1,3.508616634822801
0,3.3981493388008444
0,3.824319823668731
0,3.4331533868086335
0,3.5233112752897306
1,3.421875238691003
0,3.584367861239781
1,3.5225970407546425
0,3.4402836751141708
1,3.667576070569067
0,3.583126263175293
1,3.4195695767062704
0,3.4328081863341064
1,3.473805368337337
1,3.5672631725768857
0,3.55013161069298
1,3.577268116203218
1,3.6854306043415366
1,3.662315947818188
1,3.4438687508666956
1,3.6533735943407435
0,3.4115541796179247
0,3.58302529275594
1,3.4765195272768965
0,3.580713626665788
1,3.600071556167782
0,3.612964730658847
0,3.6073422594772375
0,3.489895964080802
0,3.5799497038648402
0,3.584192993988491
1,3.449243631474561
1,3.6772626118658565
1,3.567169208478955
1,3.76648502481936
0,3.5846519962842067
0,3.6227121003922096
1,3.4810232724742303
0,3.57846131653917
1,3.4192504275379036
1,3.5277219119651777
1,3.4192398126980845
0,3.4031845428646834
0,3.521948024692341
0,3.423831467445848
1,3.4462509472085325
0,3.467637381716479
1,3.761420686025702
1,3.741479306870184
1,3.706724394503495
1,3.5791721012030187
0,3.396671168472195
1,3.467706312103963
1,3.4651416201479233
1,3.467853172357603
0,3.488910600143798
1,3.4593624266819885
0,3.976920748451023
1,3.820954475304497
0,3.5773200874520255
1,3.501295618560081
0,3.8638245140591567
0,3.6411703607404515
1,3.415419373304301
1,3.588527206927319
0,3.533243628784347
0,3.3946515072835877
1,3.5158442218622894
1,3.418824879723703
1,3.5510460820687624
0,3.440318895928499
0,3.7211911212709783
1,3.449195140816973
0,3.524804584804815
0,3.6063459197587773
0,3.3937363728737635
1,3.470303489763093
0,3.8638245140591567
0,3.4478383329943405
0,3.5834783613881194
1,3.7843535391553518
1,3.6751214077022634
1,3.4150489442561924
1,3.436761591301221
1,3.7948994107973473
1,3.685749563796286
0,3.702889024092502
0,3.476798562818701
0,3.5725638305987473
1,3.652494380327961
0,3.5658579366253846
1,3.448654516494577
0,3.436050842998575
0,3.380140208457217
1,3.476805620504405
1,3.501435077241207
0,3.762209772850009
0,3.6251207178949794
1,3.4433564831214767
1,3.579413639595
1,3.4725764966485575
0,3.4104143135569323
1,3.5217146868064626
1,3.458834071500016
0,3.421256545871686
0,3.603778228556667
0,3.665613309063651
1,3.8159376614202594
0,3.4770362887817536
1,3.599215787692245
1,3.413352070280947
0,3.70553928428326
1,3.546127540328885
1,3.447966020836994
1,3.4684335850334342
1,3.5332040049116094
1,3.461955801148635
0,3.516331403023946
0,3.5320722927941097
1,3.514370184730562
1,3.4553952385762785
1,3.4909904540635774
1,3.5042680749368014
0,3.4304504491440833
0,3.4167206468469034
1,3.4910695969724075
0,3.714112740869372
0,3.5811654482685005
0,3.6705864460568014
1,3.6589001437734043
1,3.734076432238542
1,3.419029524290953
1,3.4348538494435714
0,3.6027080803063503
0,3.565979144757142
0,3.852270191773756
1,3.492594969879862
1,3.6346477109500572
1,3.480375935906998
1,3.7152153942365627
1,3.425550002351925
0,3.6906216118764466
1,3.428765081529822
1,3.417883715402901
0,3.5739724522475926
1,3.5079028395393284
1,3.519670701506317
1,3.7116243110555063
1,3.5328392771532253
1,3.7203024379637823
1,3.47300546400241
0,3.5452931335481894
0,3.402911660448257
0,3.690359974198846
0,3.4101287001307155
1,3.708973265693653
1,3.454815667960964
0,3.619075409397403
1,3.4563242588994605
1,3.719375439752112
1,3.505787461488516
1,3.450864518134616
1,3.459921172878834
1,3.416417757284148
1,3.488253452907734
0,3.5626975675236596
1,3.4804578780531603
1,3.4236301345864675
1,3.4972193543960373
0,3.7877865684937158
1,3.4666091179945626
1,3.8888789668670927
0,3.3889023621408474
1,3.5194768726503045
1,3.7221068978433847
1,3.4159714841959565
1,3.490063302857373
0,3.4655870051579996
1,3.460227073111803
0,3.6022449998568042
1,3.5030001625692004
1,3.425360082121409
0,3.6734222645699837
1,3.6527420727566855
1,3.462753344604383
0,3.395591616360207
0,3.3799560197127723
0,3.6411703607404515
1,3.417258609841966
1,3.44695083133396
0,3.5436741242796614
1,3.5147350846131773
1,3.5777980724903387
1,3.4381996888763986
1,3.946188980959779
1,3.5278168600137843
1,3.4642412347216665
1,3.53227077861553
1,3.42271100283886
1,3.524765063695703
0,3.4386594766856775
1,3.5137315787963117
1,3.452739615294721
1,3.4846338190340056
0,3.379200785845574
1,3.4519539637167447
1,3.44272657089571
1,3.498801415763703
1,3.5011198260653664
0,3.5098672328624265
1,3.4309923192192873
0,3.495345900921473
1,3.465827870736126
1,3.409992233204134
1,3.5041251425714806
1,3.5035632524612126
0,3.687992439298906
1,3.7582876452732163
0,3.4499409510663397
1,3.5771390110592574
1,3.461959467007727
1,3.441874831689545
0,3.7345660182382696
0,3.5817885540835217
1,3.81687419110371
0,3.5836341291968803
1,3.5736730132698655
1,3.4697661367865917
1,3.4328126136685264
1,3.444062341042599
0,3.630347165124053
1,3.413184358396581
1,3.477265767473635
1,3.5770838147730424
0,3.418794226875879
1,3.6187333180861923
1,3.475629907018436
1,3.4850665149491737
0,3.611883449654048
0,3.866600023694167
0,3.4607961555783557
0,3.3858384022022094
0,3.4767283871464327
1,3.4263371977133548
1,3.591514178406646
1,3.6185666773779785
0,3.606365657372137
0,3.4208492300908704
1,3.5215054421306284
0,3.481085357752032
1,3.868808099013343
0,3.3968187013888276
1,3.4967072805574437
1,3.4979506837442846
0,3.4600786555118606
0,3.3904109236488855
0,3.5737572370952355
0,3.417568044424341
1,3.5872231420832015
1,3.603910335665967
0,3.4822442392904893
0,3.5816707043678564
1,3.5246980562591834
1,3.5344119227606314
1,3.542506390806383
0,3.5018116498085163
0,3.5807806721691073
0,3.555547882708391
1,3.5758436655932737
0,3.5056168068553757
1,3.4498673943881495
0,3.5788741881037693
1,3.446655690936752
1,3.7568925362010233
0,3.4400931135104136
1,3.8347719334425996
0,3.385838937739643
0,3.574596835876202
0,3.706400506348574
1,3.4477612122517263
0,3.406230440306142
1,3.6507105998236016
0,3.4030784744389284
0,3.437714283322303
0,3.679310568723234
1,3.436043325262233
0,3.733791565244562
0,3.421181646655202
0,3.573446757213822
1,3.666115190334774
0,3.4550875509356964
1,3.4690288581427
1,3.661681988582621
0,3.434761796937863
0,3.578312702974918
0,3.8189637508032024
1,3.427828652440556
1,3.417205963970241
1,3.4654161086347472
1,3.550127839483177
0,3.4250092023719154
1,3.489494729740035
0,3.435350709502337
1,3.547098511101311
0,3.513185111611556
1,3.4233643685735973
1,3.5205034074726265
0,3.4262261624418024
1,3.4885498227833436
1,3.455168701974312
1,3.4588989782273387
1,3.5156497386859593
0,3.5825481088764914
1,3.442145596293775
0,3.624846177153782
1,3.752578508626059
1,3.4433771971346387
1,3.4348694193847584
0,3.5801234396732875
0,3.6700904201920754
0,3.5454586317571932
1,3.507551266626811
0,3.5504037941788678
1,3.5913228182165073
1,3.464021313318191
1,3.4681221743170627
1,3.557438667726641
0,3.5184832127915255
1,3.666272340904576
1,3.448167533924794
1,3.508368011991974
0,3.4512436767936174
0,3.465077021573653
0,3.3958987083354373
1,3.5187179710030265
1,3.617870272878349
0,3.5925551758678473
1,3.486203206948055
1,3.500217745582588
1,3.42426812265007
0,3.557635708937391
1,3.574290966449029
1,3.6088635206707664
0,3.5537253646753593
1,3.429044070371549
1,3.501517485221754
0,3.4327881542017846
0,3.5389201633391156
0,3.504352152664821
1,3.421475361513024
1,3.5047956630267563
0,3.603046060047534
1,3.408404033231706
0,3.58106330570317
1,3.581748147126896
1,3.6671158008427147
0,3.490219234882822
0,3.601234218657379
0,3.5761616247374852
1,3.5069568543709
1,3.7242317934207976
0,3.5524786059757103
1,3.415752468227707
1,3.4868269251544355
0,3.6917106895352076
1,3.473761904846386
1,3.439981396584467
0,3.5736140012686826
1,3.502550172629266
0,3.383583855836637
1,3.5165664610097083
1,3.587632659779451
1,3.5217798916158434
0,3.4002223464146524
1,3.4551663126954875
1,3.5590057435994296
1,3.608150288644073
1,3.70663797301714
0,3.5708445213492683
1,3.697296169794862
0,3.6550369671432184
0,3.586769191222993
1,3.624101667589073
1,3.5447508995347845
1,3.569227592755366
0,3.5718975582382777
1,3.4103791977305686
0,3.564359799333125
0,3.595901609774479
0,3.502683582594967
1,3.479708454171648
1,3.4833820821198356
1,3.482516025179197
1,3.669773833883819
1,3.4544254425054066
1,3.568083344818014
1,3.455173846612562
0,3.564561893457725
0,3.5767763708262454
1,3.4175343402307132
1,3.415263694885579
1,3.7876232900171223
1,3.4412674816234508
1,3.48015521348092
1,3.4920894806132896
1,3.4395519773890313
0,3.429184730168442
0,3.5154819330065017
1,3.448241820536819
0,3.4212046464557964
0,3.7290682929154535
1,3.7050617671144033
1,3.4798815180703184
0,3.583454990264059
1,3.447528124533226
1,3.5904517698701324
1,3.4489150208147206
0,3.6060375294939684
0,3.3882856293943107
1,3.428579719198133
0,3.688372748654224
1,3.6250100387216886
0,3.4503931291105374
0,3.475714039316569
1,3.4578198814723464
0,3.542849963041866
1,3.6027251096220687
1,3.4153371786434956
1,3.4721753667105473
0,3.5074950653427064
1,3.5883757233187095
1,3.6722959494777876
0,3.489149188841357
1,3.4630460223860964
0,3.577137889713882
1,3.571893430598639
1,3.4883464003839566
1,3.521242500144983
1,3.4894939503644937
1,3.4584171476681536
1,3.417685191203984
0,3.4666112260900146
1,3.4244197426503313
1,3.474420231441127
1,3.5415722132445393
1,3.683941246281421
1,3.475890754196092
1,3.4351052583959967
0,3.631421318167434
0,3.4222044089558894
0,3.413125029465144
0,3.6456460482546493
1,3.45270790589185
1,3.4318269880189116
1,3.460217015710197
1,3.4690288581427
0,3.465368360293598
0,3.4377616633837187
1,3.8489347599197536
0,3.5971787063953538
1,3.4753789698420348
1,3.6155633175138826
0,3.5167767742507383
1,3.544294912625283
0,3.579729881249505
0,3.4228492751484856
1,3.4191978935890983
0,3.56911211998692
1,3.5855928662926297
1,3.522364277351304
1,3.5426072518477083
1,3.651060580470975
0,3.543082274284091
1,3.4206072016459648
1,3.4781747699530623
0,3.4231782899691594
0,3.4804999207578367
1,3.5232410246578363
0,3.4073975077575946
0,3.687611563752009
0,3.61984282741152
0,3.6737435726859995
0,3.4059752112565493
0,3.5296752704133523
0,3.576452472040477
1,3.451164715459625
0,3.4169926864460125
1,3.469063446385541
1,3.569154640230363
1,3.411994236773691
0,3.57582554798444
0,3.4690884865154525
1,3.465881141637041
1,3.612694303022107
1,3.556384144221467
1,3.611993696667064
1,3.4185808979789196
0,3.6010755462241884
0,3.6377414979304303
1,3.5138376087852343
1,3.441669447148536
0,3.4819538062122275
0,3.426857407184288
0,3.395286165806769
0,3.4231635330556016
1,3.5039220028343085
0,3.7980662417361524
1,3.6153106212785593
0,3.543407343580702
0,3.9521949051659395
0,3.477567767546318
0,3.4222480446788395
1,3.418461734257445
1,3.440978401683762
0,3.8005284423553958
0,3.4331810464847936
1,3.600196146684745
1,3.4812186000410974
0,3.5685295177848193
0,3.4967999729037595
1,3.4513598370755467
1,3.5332040049116094
1,3.5019083891228653
1,3.4947419675267573
0,3.4630029804566775
1,3.653111633514046
0,3.4209187379967947
0,3.4614316648073
1,3.443801085906165
1,3.435124252755253
1,3.481517621523333
1,3.518833315051945
1,3.58957567085054
1,3.4747121192417163
0,3.6337436696268934
0,3.779206934186073
1,3.474982206641535
0,3.520290193786716
0,3.562543264677501
1,3.634590182646486
1,3.5375016185021098
0,3.6203229638076992
1,3.4550690591188338
1,3.705847222740072
0,3.419902063023685
0,3.443171886735192
1,3.447148087601435
1,3.5808113587391874
1,3.461094706413752
0,3.43396596963202
0,3.401407616955373
1,3.4604258579985023
1,3.4186238191870197
1,3.4792025634732826
1,3.4107785802765074
0,3.403416004628616
1,3.4389272577020846
1,3.550157786449791
0,3.571396101342184
0,3.5780196034193636
1,3.457442143643019
0,3.6907783441615827
0,3.4441102120037654
0,3.5253638563124614
1,3.4663819639204587
1,3.5203730249819403
0,3.6918590911503233
1,3.532836922348926
0,3.7515114840476995
0,3.5649054982440314
0,3.829997390783918
1,3.481788898544354
0,3.667101649890127
1,3.4551954843920045
0,3.3807565441807808
0,3.485112955657401
0,3.4904241567396808
0,3.448721147548903
1,3.5830337093534133
1,3.5545801546820024
1,3.4599690406319095
0,3.415211010077096
1,3.4963416828990224
0,3.622239764321601
1,3.514457670359454
0,3.6774409597196875
1,3.4773602762675067
0,3.399184084437507
1,3.590917807331003
1,3.731159296594867
0,3.491218796027444
1,3.5568656529805986
0,3.4080403328838815
1,3.8485171851261555
1,3.656674945557884
0,3.41891686986703
1,3.628099630615968
0,3.423306498174342
1,3.4775918553864016
1,3.452508075879301
1,3.4738369145010233
0,3.567270625841636
1,3.439662434297053
0,3.6541603505221714
0,3.707240661182796
0,3.4522636415620855
0,3.545099796919712
0,3.5650235041695253
1,3.4515324299552255
1,3.4121303443981628
1,3.4268169195423512
1,3.4088377966857717
0,3.4601446011213475
1,3.431761872473624
0,3.4316064765309515
1,3.4185829269756884
1,3.41241174327326
1,3.4567256562590303
1,3.7042024918984873
0,3.3947940872360434
1,3.4863626179562526
1,3.626192914347066
0,3.7086811184003254
1,3.4975546384708034
1,3.6435295725415435
0,3.3880540644154205
0,3.5004071177129443
1,3.5921060642747618
1,3.4473135591240816
0,3.6189765255551363
0,3.561718879569149
1,3.634031606312218
0,3.555596432956124
0,3.430844395312769
0,3.67716554210187
0,3.5771299491159803
1,3.464851659087513
0,3.448142307617429
1,3.7081989860606153
0,3.6336888303363444
0,3.5861440070668236
0,3.524985106817624
1,3.4415762129756073
0,3.5965377981741375
1,3.6845571053699135
1,3.4310016036266626
1,3.4574348461731
0,3.4161552045929984
1,3.4589166959621402
1,3.669890318857957
1,3.5298943639433373
1,3.4418888898425535
0,3.5998515088990675
1,3.4569924821200733
0,3.600357672852573
1,3.5050622184742735
0,3.425171399877191
0,3.5738135071446506
0,3.6464844976948116
1,3.5730875120865853
1,3.5389798289409664
1,3.420337742464037
1,3.8506650813545167
0,3.6598595992566896
1,3.4593179062338084
1,3.652332142375706
0,3.42068653338714
1,3.425918041532133
1,3.5691235980399467
1,3.418485717391747
1,3.525390264387256
1,3.7746907286374634
0,3.537473479050916
0,3.4178287907569294
0,3.423470653088841
0,3.409719011536229
1,3.470892060220141
1,3.5556688550696154
0,3.6083433318367018
0,3.387788841130111
0,3.5424734756342677
1,3.4962192543826984
0,3.4165023696438195
0,3.612542469235098
0,3.440030862456501
0,3.415629606138895
1,3.417249905201634
0,3.4125151284528203
1,3.549209673057891
1,4.013320614680455
0,3.566550416593375
1,3.481439125156414
1,3.5549602738265094
1,3.6529058833624717
1,3.4532668504010338
1,3.4669289742816964
0,3.576372748872434
1,3.4736735058989052
1,3.5600394631438834
1,3.4925040519863573
1,3.5331160020748182
1,3.4729426333538935
0,3.4352229036991524
1,3.5641813538826246
0,3.453091329402561
1,3.4703054674042257
1,3.457394790630608
1,3.520746157588139
0,3.418233136250764
1,3.512343445999991
1,3.4810379086208565
0,3.380924467833909
1,3.4178787681685097
1,3.675598669602969
0,3.672740839338026
1,3.473291552095342
1,3.6172135467632307
0,3.4994049701284182
1,3.455920014502692
0,3.466394266606661
1,3.4725097451057305
0,3.5988852831525744
0,3.689446990773984
1,3.504422545357105
1,3.4225020109805753
1,3.421405441034188
1,3.7972491347508406
1,3.5277788813255992
0,3.471899724859636
1,3.4799475307575523
1,3.5110849448479775
1,3.4143098710128177
1,3.49479268261332
1,3.4662173845913196
1,3.4674946557034803
1,3.631664406912259
1,3.512230582391215
1,3.4439229157780002
0,3.5769046183993387
1,3.660111514360583
1,3.481140394331529
1,3.4439386527607767
0,3.376869765384792
1,3.4832921840130457
1,3.707416959819837
1,3.6200268598041214
1,3.877935503609885
1,3.416452673751402
0,3.505653689460512
1,3.7664864736572166
1,3.454328864775331
1,3.473874047154394
0,3.544265671590105
0,3.5467324605637613
1,3.436634762359661
1,3.4302376647540322
1,3.415208115296357
1,3.8888789668670927
0,3.583928982480083
0,3.478595267185035
0,3.4515820314971766
1,3.4711775924911903
0,3.520551722816392
0,3.615851927355728
0,3.5704530958542087
1,3.4742704937397195
1,3.465990276837241
1,3.4516609409396573
1,3.5866883734457478
1,3.6141970534835623
1,3.566576934159615
0,3.631985574030307
1,3.488051483171239
1,3.468691854480127
0,3.6457707597739484
0,3.6172125861699103
1,3.6782494845809093
0,3.4654211089227447
1,3.4230501645432105
0,3.880453526979589
1,3.4601914564508034
0,3.577580018281215
1,3.510729130037789
1,3.514914317115385
1,3.537652673961771
1,3.413523538610318
1,3.481472648881969
1,3.7521179888970053
1,3.4137786036810773
0,3.5957935322081602
1,3.460117466588393
1,3.418513610581855
0,3.4655023385187174
0,3.6165803452656453
0,3.4909825147748865
1,3.4373245096989704
1,3.5013352744691417
1,3.4320761314438695
1,3.4506823460626515
1,3.8567638163676605
1,3.626912451551771
1,3.4773602762675067
1,3.4214655507486365
0,3.43509178847931
1,3.472360212772749
0,3.4383696166767472
1,3.5084214971742504
1,3.4598998059043446
0,3.5976815458658105
0,3.574225974853981
1,3.540841444836803
0,3.51959932176213
1,3.586847756657144
1,3.565587545814098
0,3.4060418482586683
0,3.549138157785699
1,3.651590052106503
0,3.559460122297873
0,3.3865949573494194
0,3.4921269353643125
0,3.396085580899799
0,3.6282952515667515
1,3.4200926698788052
1,3.451514517548123
0,3.548891280120855
0,3.5817183324687094
0,3.7964490262464046
0,3.7738614242453647
1,3.5005386915094476
0,3.460732179356269
1,3.482615165553175
1,3.4210187261523886
1,3.4781747699530623
0,3.6270627413823955
0,3.640967415365125
0,3.661175805657817
1,3.4624657503974
1,3.544481249432646
0,3.421947981122156
1,3.5510460820687624
0,3.4151173908251766
0,3.4900697642499234
0,3.418600337497516
1,3.609257278533765
1,3.4350804361775147
1,3.4809684796647122
0,3.4967648412340306
0,3.5428417413359177
1,3.7631054753573827
1,3.5053841913358585
1,3.4811992627158297
1,3.667279156780935
0,3.5607230686340157
0,3.380216317851386
1,3.4841369356891194
1,3.51241063394462
1,3.4608047109223983
0,3.546961753256755
0,3.457517895918894
1,3.6212556977371557
0,3.435227538835789
0,3.3734786525193097
1,3.4378447992148455
0,3.39387932389423
1,3.4228668529074677
0,3.4048485082075937
0,3.4159228835786797
1,3.4958492226836837
0,3.4461993907860218
1,3.564993413638665
1,3.9974886788991664
0,3.572258362456283
0,3.465585386122766
0,3.5544824101459254
1,3.444139879965541
0,3.38829068529278
1,3.465328300390748
1,3.5774923705251247
0,3.5730052600067492
0,3.437791776504648
1,3.438478322422462
0,3.602959251112362
0,3.616659755177766
0,3.4857556669754985
0,3.6922693086358462
0,3.7058944990883056
0,3.832394859970728
1,3.629092841603832
1,3.5033404400783343
1,3.483029181367957
1,3.4456564013275957
1,3.5377651718151832
1,3.6061676911189258
1,3.520566429556888
1,3.4716402984633414
0,3.572424463580588
1,3.4450723524019726
1,3.414123023225932
1,3.4144918173779417
0,3.740530890562072
0,3.748429865818405
0,3.430371445696176
0,3.4004668048112414
1,3.509285618941388
1,3.563280013865871
0,3.4136695796538796
1,3.531315567453055
0,3.6053690825949234
0,3.4613552742319555
1,3.5945183298802466
0,3.428559353957086
1,3.418890428714162
1,3.4573989037501227
1,3.456935571064379
1,3.6253259777502147
1,3.505137018931524
1,3.5584776559646873
0,3.448230205950172
1,3.4793815861922064
1,3.6418769003921594
1,3.704493307253989
0,3.404972909178309
0,3.64654793450354
1,3.45217791191137
0,3.4298197667822445
0,3.5305784346804505
1,3.46737114376349
0,3.50300830319588
0,3.6369092722230234
0,3.5751232184427524
1,3.740271337193926
0,3.4126931323400695
1,3.4863577482382766
1,3.4740556660515196
1,3.516169407636396
0,3.392706505291728
1,3.834224401635616
1,3.460405421503141
1,3.4330069046560316
1,3.4518053955780745
1,3.6200092277620044
0,3.437273441064174
0,3.6860304019479138
0,3.5266482378717146
0,3.422785782277975
0,3.6658273519123474
0,3.5934409237768876
1,3.450535802597104
0,3.5724849523900204
1,3.46734684199158
1,3.54194270522648
0,3.8012419056099938
1,3.6099453131679975
1,3.452090719424054
0,3.6311714305973246
0,3.4287570623332027
1,3.499095785790589
1,3.510235847059194
0,3.578121910994337
0,3.5636181636807156
0,3.493533136395676
1,3.4668273206154185
1,3.418466921777141
0,3.4216986618332688
1,3.443157036467249
0,3.4204109525012742
1,3.7954349438410766
1,3.4081871019799888
1,3.5187179710030265
1,3.67463477242583
1,3.5009930760605097
1,3.4582149094194223
1,3.6986811789162464
0,3.5637841171246007
0,3.394013446363196
1,3.4908850761818475
1,3.577952936649659
1,3.505241708068851
1,3.5577427493524665
1,3.6906341384904193
0,3.4282860052580517
0,3.781663058021101
1,3.52860435234923
1,3.572319797158112
0,3.4435583743699087
0,3.4133361275192255
1,3.516321782488946
0,3.577856461678363
0,3.3771525136498517
1,3.8470732889887036
0,3.407487613397742
0,3.3793138511290213
1,3.4869642205629834
0,3.6917106895352076
1,3.4655611635714694
0,3.6611742830611496
1,3.4469050399842036
1,3.438147610802881
0,3.5664579231243962
0,3.570424418055444
1,3.4687127654971968
1,3.4766998548930252
1,3.421409675502697
0,3.541956973763081
0,3.4584953396067877
1,3.449265438155222
0,3.445441950799664
0,3.5588286859874874
1,3.7038996676079514
1,3.4767485790617307
1,3.4642412347216665
0,3.567038300757772
0,3.5545017637738794
0,3.4335970315476363
1,3.5957855271320747
1,3.493438183988402
1,3.4237325426046468
1,3.4732879492931046
1,3.5551584689839273
1,3.483363759913463
1,3.4999321997833883
0,3.5163065979553054
1,3.4163413174184747
1,3.5431677641103323
0,3.5793805315021157
0,3.5787978460180803
1,3.6604677923331583
0,3.439059771936017
1,3.9106063742288484
1,3.479791774695823
0,3.4995519551419747
0,3.686248871708101
0,3.5113777761209537
1,3.505628382053717
1,3.6257564903899073
0,3.5904295213731303
1,3.6577361295010373
1,3.5526706350294393
0,3.5763199758136865
1,3.4689276136228426
1,3.7197128023585657
1,3.5215054421306284
1,3.7127725429859333
1,3.4954845023278054
0,3.5711530800247053
0,3.605931279750582
1,3.5242153509435057
1,3.458619829272659
0,3.7069253754677165
0,3.475496431374628
1,3.4497953315270404
1,3.4687625159022026
0,3.4549252690345225
1,3.5980137934903804
1,3.5860155545972967
0,3.4759006908281664
1,3.481834883849852
0,3.444559936695038
1,3.515641552571438
1,3.467794008814131
1,3.5276297109863295
1,3.682902239861989
1,3.4640948436117336
1,3.4136676227953076
0,3.4609056204254176
0,3.3866374417457292
1,3.4809427794898076
1,3.782880082954893
1,3.4815244823075546
1,3.719516345024701
0,3.4895759539292777
1,3.550497208121368
1,3.5884609826451785
0,3.614746339797193
0,3.67070418006976
0,3.65665908269374
0,3.4290844073411004
1,3.53981691330229
1,3.53925611496388
1,3.4254217410676726
0,3.5849277823113375
1,3.7591222092113146
1,3.4178783283568794
1,3.494758197575781
0,3.503082134218274
1,3.4663390241408973
1,3.4848189629369726
0,3.398449674061127
0,3.507611128409958
1,3.4569880710138214
0,3.6048470101707224
1,3.491152275531946
0,3.4014460202410666
1,3.8278532139308368
0,3.4195174573735216
1,3.707306064276666
1,3.519008459728006
1,3.4375923714833947
1,3.562627869165166
0,3.55160652403021
1,3.6817056292142434
0,3.548998814594227
0,3.6006270885378733
0,3.611472322541817
1,3.6079668676192957
0,3.45148073610732
1,3.4622511294962486
1,3.5442847353112787
1,3.4734619695209563
1,3.6986811789162464
0,3.560235555250326
1,3.4869122531684638
1,3.6548410392167865
1,3.479066508394674
0,3.6319651359886147
1,3.497660732358598
1,3.6379798458871266
1,3.6290761009682573
1,3.578271090711523
1,3.5592457782590112
1,3.4692320341853247
0,3.5740553033054594
0,3.578684799004783
0,3.570879463393724
1,3.51700341755165
0,3.4029606097332032
1,3.4240865124671087
1,3.5438568994892545
0,3.4044402736399713
1,3.50419407871826
0,3.4810496465733225
1,3.4283803286135366
1,3.482112130068902
1,3.473280902989437
1,3.47579656795749
1,3.487289913649825
1,3.6389706120952234
1,3.4727720371661204
1,3.6201450888255793
0,3.5461254258092527
1,3.498513004083799
0,3.5200128275664415
1,3.481041029760078
1,3.5961688929971167
1,3.447019947237122
0,3.414840401635203
1,3.5385851304382507
0,3.415004809999869
0,3.546105872779994
0,3.5512012324526716
1,3.4982087009521514
0,3.4149011798244415
0,3.500990431244496
0,3.571846311538102
0,3.585640167048981
1,3.587452908126978
1,3.4103791977305686
0,3.3973892013180156
0,3.380590363651181
1,3.458459179608093
0,3.571193282693439
1,3.450244588310608
1,3.5244507518994563
1,3.5041998029329235
0,3.3795429066454172
1,3.5351437515008253
0,3.5274123132838566
0,3.63848867392522
0,3.528902745092935
1,3.4738595286603338
0,3.4797607523666345
1,3.5170965303158344
1,3.4740876935962626
0,3.8795412562815157
1,3.497414374717109
1,3.485468237534608
1,3.482948192556049
1,3.419358779884184
0,3.579961380572315
1,3.519557705122749
1,3.835388681774119
0,3.4253885877256
0,3.4149011798244415
0,3.4480986338885455
1,3.5857889066609854
0,3.532736865523031
0,3.575491570321292
0,3.7075058212013423
1,3.478985782806105
1,3.700174977353764
1,3.438028720265057
0,3.5851777661143425
1,3.597110427483781
0,3.470133253130985
1,3.4802621652445858
1,3.6348098303331717
1,3.608674465878711
0,3.566148225674667
0,3.39392487545099
1,3.6221538476921116
1,3.4819075852979897
1,3.4622224679509253
1,3.417049405236897
1,3.6704851683204023
1,3.487232075179117
1,3.467150295382791
0,3.696646612886564
1,3.422178392681234
0,3.4891951360766593
1,3.502440468761629
1,3.4193939527459487
1,3.6040572940270295
0,3.4335472765428694
0,3.4746461232356625
0,3.437393903171848
0,3.5783280375825006
0,3.7135518086721304
0,3.572849258781326
0,3.5834285737175624
1,3.539690471532506
1,3.414185192187779
1,3.5518748137652487
1,3.5578025197501106
1,3.4781584904615626
0,3.3982412682217364
1,3.6574488210078964
1,3.621080272004016
1,3.5603786732094864
1,3.482168302760564
1,3.5624935020596387
0,3.839884406346444
0,3.4866318067322495
0,3.4123539976730766
1,3.447729698351742
1,3.8324509221599294
0,3.4175964389175073
1,3.558631958825474
0,3.4146273537258653
1,3.4261808556336137
0,3.773085071488998
1,3.494502231667053
1,3.4604595473348883
0,3.628117410532475
0,3.3899748618152086
1,3.438969407429747
0,3.513095926238587
0,3.4036428595688566
0,3.4492636710267965
1,3.5358551587719673
1,3.4941960958199263
1,3.802489936262964
0,3.741862822963246
0,3.411600404242158
0,3.4203846696107414
1,3.498553822277583
1,3.677346065580631
1,3.4732153317403274
1,3.4891470881571527
1,3.4082829727709494
1,3.5067730636158694
1,3.5016252536390318
0,3.5436076311860747
0,3.814510261806933
1,3.5285259286469466
1,3.4803597591868694
1,3.532836922348926
1,3.4368737552139126
0,3.473302570830158
0,3.597679202570484
0,3.5015021112727247
0,3.583129254278306
1,3.491266627058729
1,3.8280621425228385
0,3.415881549731004
1,3.466917168028553
1,3.4345991146140915
1,3.413081272348595
0,3.6326291592741455
1,3.4442445760402878
1,3.553777438429697
1,3.4589166959621402
1,3.4629024516791347
1,3.4433371484615702
1,3.775722113124728
1,3.473173548822701
1,3.466126470607658
0,3.4747996413714737
1,3.5466792846936017
0,3.6329943243959684
1,3.4795280247232196
0,3.633828866076752
0,3.7120542807758885
1,3.414285711089575
1,3.52802135966738
1,3.5311499843531076
1,3.463461639423772
0,3.579462122800361
1,3.467310393010964
0,3.393450465115384
1,3.6403770869719687
1,3.506580783106979
0,3.580555477058347
0,3.5764739895520425
0,3.8487003022971527
1,3.4221724347624196
0,3.4222921432973554
1,3.546321393360839
0,3.4237526978934834
1,3.6383317153192123
0,3.709573946908636
1,3.43578891245681
1,3.4287972083156144
1,3.5474768258015317
1,3.7554441652812613
0,3.428757997416323
1,3.4632865801400596
0,3.411884987707035
1,3.6632530446721483
0,3.398792864275957
1,3.4160454463609575
0,3.4394550224985942
1,3.7435196119612577
0,3.5813456288174925
1,3.5504832185274267
1,3.485499203055408
0,3.5685448677569154
0,3.5995425298847867
1,3.4926019975822213
1,3.5398775571324443
0,3.710210385650011
1,3.4249276537199433
1,3.4447445899680043
0,3.5725838462795254
0,3.4500393284764272
0,3.628341672755753
0,3.5911451571125093
1,3.62012643353616
1,3.455336226466237
0,3.3945111191869874
0,3.6917106895352076
1,3.4994842954312904
0,3.5163586739186115
1,3.481652878337034
0,3.6854584093076452
1,3.4708444309408386
1,3.416719278674659
1,3.5668469705381667
0,3.42150296464224
0,3.6769642570323486
0,3.7390865344171598
0,3.427978081317516
1,3.5238000117303145
0,3.44164793594442
0,3.614161008221059
0,3.5536188802427833
0,3.5657221233409735
0,3.582616049922466
0,3.570162557329895
0,3.395737430501869
1,3.5341588973015607
1,3.515902468336499
1,3.4914349679726815
1,3.8613571966146765
1,3.4488218892528186
1,3.5275361337522604
0,3.4103072780574912
0,3.380305046168089
1,3.4330175245796846
1,3.481758756641259
1,3.6377905408115776
1,3.4392645390340006
0,3.44657088967125
1,3.414285711089575
1,3.6380139704780112
0,3.478149023831202
1,3.6528452801988665
0,3.47508185746438
1,3.5482585366544455
1,3.522428522466196
1,3.465631223395764
1,3.4778019383370724
0,3.5195007551258057
1,3.5995672154470033
1,3.671532254007098
1,3.502650037691657
0,3.512161650156926
0,3.4177593054796316
0,3.6003584639086936
0,3.580055470292714
0,3.457601574386062
1,3.5283434456770655
1,3.5976405808646534
1,3.4236301345864675
0,3.4138090070392666
0,3.5689921406275062
0,3.6017583255128143
1,3.5341818422198474
1,3.5746443790603455
0,3.5672343046968074
1,3.472059532849149
1,3.6424314002913936
1,3.443264464880371
1,3.720814097176101
1,3.459854046751074
1,3.5218422946098262
0,3.579365633362801
0,3.6677636416041124
0,3.4926016093290406
1,3.582605405142669
0,3.3960010109938903
1,3.522479984704578
0,3.589111629849718
1,3.683521856251631
1,3.4574159829029516
1,3.441245780542269
1,3.4818406037391805
0,3.4016937219293393
1,3.45864571274064
1,3.4790623930198388
0,3.424513295784002
1,3.7093217216790864
0,3.4472486264642797
1,3.463923681726787
1,3.478048153694989
1,3.527278360350093
0,3.5559660466631673
1,3.499773821625021
1,3.469308205085838
1,3.543456547561959
0,3.6014140099514016
0,3.4684589824503784
1,3.409733146203178
0,3.5594843207966513
0,3.70564365259499
1,3.516445012780429
1,3.4459110581969945
1,3.5050594223101883
0,3.534480089778191
1,3.553665602046365
1,3.740462409763241
1,3.5069871037264555
1,3.586665784894787
0,3.4370716918481468
1,3.5018633393148813
0,3.569430954685877
0,3.7960330462388954
1,3.7326928348970023
0,3.5168139558889537
0,3.4128729040005186
0,3.5986396505129923
1,3.4528108174890257
0,3.6313135358627835
0,3.3832225899994226
1,3.575920136971975
1,3.5128494439240288
1,3.4953721327496856
0,3.636473738189092
0,3.4466381234579773
0,3.523421500225248
0,3.5880162223000447
1,3.4665156936414783
0,3.427662259402102
0,3.822446220085956
0,3.4587692295724284
0,3.577625732486043
1,3.4679834116172312
0,3.406649036684189
1,3.4478790355263507
1,3.495554948674133
0,3.5351124578444177
1,3.4936469235970216
1,3.778585015364967
0,3.683410184793356
1,3.5173676486801253
0,3.532607405324558
1,3.543360918324797
0,3.589173889009215
1,3.525291754941356
0,3.4684774243861707
1,3.4672809965403038
1,3.4755700429907295
0,3.5869883567035754
1,3.5068241579908705
1,3.5443555648334053
1,3.4530758685380594
0,3.4110299922065077
1,3.479526443832857
1,3.456396670735842
0,3.4304449012316907
1,3.6121394671949036
0,3.567617780426482
0,3.4512747840663818
1,3.647609818724613
0,3.688457469604291
1,3.4624465289251143
1,3.4800856469664327
1,3.41968319168088
1,3.4277733398844883
1,3.589938630469354
0,3.5681849864320427
1,3.509285618941388
0,3.572685297125297
1,3.4118488741457726
1,3.4917407467907764
0,3.5710376923391083
1,3.557928157188035
1,3.4810116081578264
1,3.5827837868792622
1,3.5229300596416238
1,3.8294627400670245
1,3.4670530342077193
1,3.475143302499151
0,3.4632742089393367
0,3.377287255149395
0,3.3923505291854483
1,3.7092468626500237
0,3.5682010923448244
0,3.5713081286911423
1,3.416275537431792
1,3.759532335504
0,3.4844592735949926
1,3.4619825978460033
1,3.6884735604867847
1,3.541089236968277
0,3.727734595117231
1,3.442136141834094
1,3.43925472688436
1,3.4860678742636027
0,3.6003185973558365
0,3.519506668900592
1,3.4969411671511175
1,3.53989741857378
1,3.4837741485530076
1,3.764588081196337
0,3.609298896249564
0,3.573773321175544
0,3.5748794542720375
0,3.394733894121514
1,3.4956456960063598
0,3.5757811501271544
0,3.419622886600217
1,3.4139681657459606
1,3.4223270020302663
1,3.4221724347624196
1,3.4844915797427056
1,3.4666779632353633
1,3.450188191863519
0,3.4476315510960536
1,3.5650877680826953
0,3.454672484221291
1,3.42999183548698
1,3.601428546328547
1,3.4843386285590747
1,3.559659040191315
0,3.5924336501654976
0,3.381829976878546
1,3.4894065583242155
0,3.6409788718070324
0,3.469789684340056
1,4.002689254537637
1,3.5272838979037444
0,3.5089692505842205
1,3.4175112416665643
0,3.439840645769586
0,3.6668055627923204
0,3.4370731546861064
1,3.699566274716294
0,3.615445952783243
1,3.5032783831158785
1,3.511504470408079
0,3.4155306304961006
0,3.497154545174482
1,3.4918192544487305
1,3.6693518980826387
1,3.462039540697019
1,3.471368189248913
1,3.460289802158769
1,3.642883715209235
1,3.49448051578873
1,3.457379986813817
0,3.850215600908239
1,3.4853514875190728
0,3.669243350879813
0,3.3848125393282875
1,3.4136158212009367
1,3.567349249954012
0,3.6101890295711927
0,3.4083900032764833
1,3.4767757779080224
0,3.452907267492625
0,3.5204886534390205
1,3.5021994245710855
0,3.66617372183674
0,3.5766415667304052
0,3.483570950688223
0,3.513009005027122
0,3.629896052717467
1,3.523629456539507
0,3.4240107336772483
0,3.562947019892223
1,3.4669872465256426
0,3.387040918880423
0,3.591729071098953
1,3.486242243962469
0,3.5709583260124282
0,3.56264453815225
0,4.0606144895676834
1,3.45664139095985
0,3.570536473802696
0,3.6030739317704894
1,3.503192778669894
1,3.5331406287937823
0,3.4047060323122014
0,3.6898147990050947
1,3.54302047635324
1,3.532831649562957
1,3.474693684374693
0,3.4543231391914992
1,3.4224173264924076
1,3.474407301166087
1,3.8780371608427195
0,3.4841800206693714
1,3.6244487909826155
1,3.5182257220839532
1,3.627669614038333
1,3.484255704198683
1,3.663808094408435
1,3.4223389558221284
1,3.6272273511443394
1,3.495928663089911
0,3.4422063391915496
0,3.425780316362289
1,3.5250375594559853
0,3.589872723168038
1,3.456296855673775
1,3.6361209104216656
0,3.439436016854094
1,3.477053563706282
1,3.553466008695498
0,3.7348051760370367
0,3.617734229652605
1,3.7504975837030146
0,3.5648697587781966
1,3.58591980890588
1,3.540841444836803
1,3.4501270019124135
0,3.596754812617651
1,3.437183149377631
0,3.3892017373668986
0,3.3878195598894885
0,3.458773895200179
1,3.5112811976611282
1,3.419351270469449
1,3.4579572800924008
1,3.4596710475460717
0,3.6127224018104243
1,3.9781345264578922
1,3.4395727932362385
1,3.4742352747873873
1,3.6181259922645426
1,3.507088820989373
0,3.6404655467746556
1,3.584751046423373
1,3.5561458300514137
0,3.3726443180109347
0,3.95046784666644
0,3.4658393899760798
0,3.5924985064779
1,3.5042761590871394
1,3.4533019155823848
1,3.5176202210028444
1,3.487075869466523
1,3.5647299629648703
0,3.9167860793247065
0,3.5769907192763597
1,3.471787179407417
0,3.5776343625984324
0,3.600455526307267
0,3.6094796027723515
1,3.4511235437327863
1,3.4861060119717817
1,3.5033404400783343
0,3.549232965330031
0,3.5256879809755715
1,3.6331317701720325
1,3.8216878635207348
1,3.4426055165309006
1,3.428679093254791
1,3.4189920377475955
1,3.673797217203941
1,3.4174761337208643
0,3.3813559969288494
0,3.6560574318411496
1,3.7394699701440506
1,3.522727066758684
1,3.6388797402184982
0,3.4757511743995058
0,3.5514274638714287
1,3.502979218266847
0,3.460246156683204
1,3.6063054580891976
1,3.442978617230498
0,3.605925209779312
1,3.4290947830503535
1,3.5781930058209435
1,3.53044236496368
1,3.4859925846715814
1,3.4629461972884426
1,3.5222567906331244
0,3.4032460027328577
1,3.5881013457054594
0,3.496044686140434
0,3.4022444356979356
0,3.597052865279172
0,3.5633844446936926
0,3.587210457996723
0,3.5920705696534814
0,3.6858032066479476
1,3.6778110034182174
1,3.4453923583172337
1,3.45063087535714
0,3.4258931377301733
1,3.657907474159649
1,3.572298601122391
0,3.656062658247469
0,3.5695344603859436
1,3.5667661246781432
1,3.45964297982787
0,3.7204281865058504
1,3.551914928883461
1,3.586354593794567
1,3.619416665907954
0,3.459620719670984
1,3.5192180009922054
0,3.693097025525418
1,3.5149491828846533
0,3.6458649485995798
1,3.4141597783068356
0,3.6947580318848443
0,3.698505390148182
1,3.4787545306756664
1,3.85315980447468
0,3.5814392732140785
0,3.5430766215415224
0,3.422623400799404
1,3.475320902727453
0,3.5237478009231413
1,3.475309876158562
0,3.420614961832228
0,3.4945714503064136
0,3.6000725326892815
0,3.4102616271506374
0,3.850583207843762
1,3.4819442660355233
0,3.7222540125725327
1,3.457057570213608
1,3.467102706834394
0,3.5742961902675847
1,3.4436180550302535
1,3.6853486862434326
0,3.470181798556802
0,3.3894444853165084
0,3.4120368801705263
1,3.4869848206163936
1,3.503405441462761
0,3.45956903803641
1,3.4215786302691003
1,3.418559978143496
0,3.6493513011268597
1,3.632805343026067
0,3.4179832838006003
0,3.4933719773926604
1,3.5164213913824445
0,3.4629144355819803
1,3.421084062008917
1,3.422843598812606
0,3.4584118081269444
1,3.671832338728935
0,3.565591024500682
0,3.5840691354244454
1,3.492157130954477
1,3.497488833402503
0,3.5172936131520385
0,3.4451837508766205
1,3.447695588944968
0,3.5079780414373882
1,3.6040713834606755
1,3.8235832689236102
0,3.4459207213581275
1,3.4949808532243263
0,3.5394543571780295
0,3.3925794161949
1,3.463079100418426
1,3.4828139088967918
0,3.6967153367989076
1,3.6536727559212236
0,3.640634649073621
1,3.6490266497578436
1,3.5435015774811713
0,3.392190544090294
0,3.384304457295085
0,3.558237873234352
0,3.4869053416349014
0,3.394588758022132
1,3.6628697534579207
1,3.460548234852043
0,3.5581155591869793
1,3.416695286683922
1,3.504063185481223
0,3.624440400183507
0,3.6488318411626013
1,3.5093576883110678
0,3.3882416400968793
1,3.5315366482388835
0,3.612851037813547
1,3.4452297483615824
1,3.7233748130405644
0,3.4030697380979302
0,3.4791169342358317
0,3.5460927740494665
0,3.5017915426319575
0,3.5485226966843
0,3.6852915371119095
0,3.7679655784792634
0,3.392049082577609
0,3.5729365423088706
0,3.4647324587785238
0,3.434881326443536
0,3.437871381001269
1,3.7674613697497383
0,3.72818697351682
1,3.462410039496668
1,3.4863626179562526
0,3.399721946050599
0,3.468651090316916
0,3.5290629276679533
1,3.631076387622618
1,3.6519175660640215
1,3.449980500320754
1,3.509427415337909
1,3.668920760521363
0,3.456914101072891
1,3.4197609840159977
0,3.530786508725895
1,3.4587088611714343
1,3.476128721577631
1,3.4180289151595855
0,3.3741819217883746
1,3.5312096301754727
0,3.630134499097763
0,3.703695455582638
1,3.4437257938492727
1,3.67397011797327
0,3.590330197218083
0,3.4361922137635754
0,3.5353275139729465
1,3.463781291706534
1,3.6270233600835025
0,3.6586805763291554
0,3.390546862377971
1,3.471368189248913
1,3.494210953727594
1,3.5002347640877787
1,3.5817952404036717
0,3.72327174478042
0,3.469776078289022
1,3.5471175904565193
1,3.604910133779246
1,3.4873080017313036
0,3.5711198785032217
0,3.469240432095136
1,3.594603296922379
1,3.4572872486567996
0,3.616638048358837
0,3.695027829878605
0,3.723775190888313
0,3.584056002099122
1,3.6196064271486987
1,3.6111815549501496
0,3.469691738136092
0,3.464529346414206
1,3.541711536488553
1,3.484609383228415
1,3.7575207225397422
1,3.499169844430698
1,3.488158987563856
1,3.538692572721643
0,3.592621580751296
1,3.550691517657044
1,3.8688022430573348
0,3.410144142797514
0,3.4882583396119755
1,3.4253814143700616
1,3.4291446338348797
0,3.4706076500469947
1,3.489726304015476
1,3.452344733399852
1,3.5023425626496922
0,3.5192723097344616
1,3.4291446338348797
1,3.458209392983804
1,3.4801213429567905
1,3.466171245539452
0,3.5521483342848095
0,3.417287860714022
1,3.711484026558116
1,3.583128621712268
0,3.712530230953888
1,3.474525381573055
0,3.4278833494941194
1,3.4561081482115945
1,3.4449222624326996
1,3.543538668539183
1,3.4493843006746934
1,3.6165640266857575
1,3.442681186511063
0,3.5835531436782087
0,3.7347576337346333
0,3.391137023087994
0,3.602947759780597
1,3.609941861087375
1,3.482239336617607
1,3.416204925832164
1,3.420915585469419
0,3.419364553792967
1,3.587886520748354
1,3.7767427438262877
0,3.4452146594433772
1,3.5068339923142573
1,3.4235070827567045
0,3.745001418289208
1,3.5062111567382988
1,3.4395727932362385
0,3.5357738831156005
0,3.6580957860210264
1,3.5322159153652177
0,3.4303295065928445
1,3.625518591911692
0,3.4069907998973896
1,3.4407171664292036
0,3.400231558525645
0,3.5076222541934277
1,3.522078567370298
0,3.6219622427129297
0,3.5082393213694596
1,3.685701321956871
0,3.7980662417361524
0,3.5840157476585284
1,3.4719200496302425
0,3.5906121075354624
1,3.457264125051898
1,3.509427415337909
1,3.5006073617579068
0,3.599211463191571
1,3.4810379086208565
1,3.644964740594011
1,3.4760185521297773
0,3.511566744492204
1,3.4784176155260917
1,3.528727767599652
0,3.4713050416837263
1,3.5412518035932754
1,3.577598776700354
0,3.6785566724473187
0,3.6090574687489245
0,3.6228564231152713
0,3.5870240758266214
1,3.4409645926668095
1,3.5162780421346307
1,3.4177037043029435
0,3.5795039491896934
1,3.4945081326588614
1,3.408126204067775
0,3.4028844677135286
0,3.665549763741071
0,3.5914691288433764
1,3.484148461959912
1,3.517083219556446
1,3.490195948906993
0,3.576727166108302
0,4.100098139823253
1,3.5153021305131915
1,4.136001833343832
1,3.904234146533189
1,3.5730509111433078
0,3.3820618675944845
0,3.7066214971756586
1,3.690701075608975
1,3.5743688791114074
0,3.728752643080021
0,3.5739393528659646
1,3.5851474543646193
1,3.4160454463609575
0,3.512235657981388
1,3.4480632604368076
0,3.4561468938443682
1,3.4699438958517006
1,3.414710852398904
0,3.4623620760011247
1,3.4329655672228756
0,3.604922869283496
1,3.4930686359589087
1,3.41777560361493
1,3.428865545185899
0,3.578646672442511
1,3.52773558398828
0,3.4113942530531256
1,3.489925619682567
1,3.7182723921241605
1,3.470515154495164
1,3.425184187884623
0,3.429318444336135
1,3.4941959597509147
1,3.4556153957547826
1,3.4494656978510303
1,3.4852425250601105
0,3.6031448134038415
1,3.4515937723737955
1,3.697944186208366
0,3.6958267824734823
0,3.5005425896222273
1,3.416533544678974
0,3.4681986061294405
1,3.60742498932464
0,3.6740944300434655
1,3.4696326539960256
1,3.7541607698601096
1,3.4735928601940147
0,3.5562618457359814
1,3.4507922389694228
0,3.426526890279132
1,3.423943628799364
1,3.609500007099671
1,3.577433750123563
1,3.688631548906527
1,3.4557973245469964
0,3.4107808810284177
1,3.5304930743590783
1,3.5493862491421018
0,3.5914434196143588
1,3.5281240431722587
1,3.4894411652433335
1,3.449631550333441
1,3.6157524025324674
0,3.5762585992704623
1,3.4877922272503588
1,3.511862491667867
1,3.4741485667910896
0,3.4362692400625754
0,3.5615008287280605
0,3.689924723899672
1,3.5730875120865853
0,3.5173332268449604
0,3.499908937415653
1,3.468588979123351
0,3.574402944104468
0,3.5542686571459066
1,3.5047461973903844
1,3.7569696115451383
1,3.4390433035187375
1,3.491157835892682
1,3.5566090698278088
0,3.4127138360449973
0,3.657156779103862
1,3.4620872357271595
0,3.4300604193316966
1,3.6866692840417765
0,3.671129923990011
0,3.3912110287554054
1,3.487883666824665
1,3.541759173593159
1,3.6404855572824477
0,3.417490170321455
0,3.444292311036343
0,3.409207225345612
0,3.514147486599629
1,3.588107437794443
1,3.476436625605191
1,3.469069335462321
1,3.508130484059877
1,3.4805119938323723
1,3.4792112759835434
1,3.4471634403975364
0,3.518799899036901
1,3.489289829287801
0,3.4547172362541874
1,3.4861773109690426
1,3.455086646477709
1,3.537603506107863
1,3.4778019383370724
1,3.4812594253646516
1,3.459597258359873
1,3.461856103270341
0,3.5992140722826984
1,3.585231265425672
0,3.6094229508499724
1,3.481687809353561
0,3.4795828741489716
0,3.858778457957368
1,3.745603782146788
0,3.4294085769137985
1,3.4701849093400057
1,3.4864016673121987
1,3.4459973057226185
1,3.4991235118631083
1,3.5989907223382893
0,3.4334944211475933
0,3.619353675427146
0,3.3806770004015094
0,3.5309413564663474
1,3.538319533067691
0,3.7507009864974448
1,3.4918825452884614
1,3.54787453991821
1,3.548713182344687
0,3.402193809223335
0,3.689874377788662
1,3.6474172319213265
0,3.5751872326743
0,3.5903906931913774
0,3.4287839450883237
1,3.5038090833378415
1,3.5399383143056244
0,3.6463111288021377
1,3.5344119227606314
1,3.565613185706918
1,3.4496607363615173
0,3.3752694552962024
0,3.5805969655145176
0,3.5067038759373252
1,3.7318585690322634
1,3.497279908447225
1,3.6422182051642724
0,3.4819032829439167
0,3.549699320288655
1,3.5188897950963773
0,3.7447671918505403
1,3.4738916957184194
0,3.4220000966870394
0,3.6108477996853003
0,3.5804640196265187
1,3.419690689017106
1,3.442003894350314
0,3.4541865453787843
1,3.422271721769879
1,3.6542187300907067
0,3.424996748437812
1,3.4800739218127172
1,3.4260089937540936
1,3.4570050706110402
1,3.4783955709345533
1,3.456815982365925
1,3.498760698668595
0,3.4353110135057463
0,3.5496340906003527
1,3.4304614623404883
0,3.599894483078364
1,3.4739877950861415
1,3.823106279432428
0,3.7204516810143247
0,3.6056456671281514
0,3.4541458614337164
0,3.488088582473509
1,3.4765891847468886
1,3.6555433190002127
0,3.4721271198809145
1,3.650404124840043
0,3.4340258389943634
1,3.4567523488069294
0,3.5335450953472787
1,3.476301540850845
0,3.407766151991839
0,3.421345689254736
0,3.6613179848444344
0,3.3826469048906276
0,3.4147128047133464
1,3.624025125694214
1,3.4955922538205892
1,3.4615469557561296
0,3.6016767361508384
0,3.4730109635826367
0,3.5957204377437018
1,3.742731280329911
0,3.4387558681845887
1,3.445706800311296
1,3.908617074153153
1,3.461305516650391
0,3.5882153047128145
1,3.4576094572662384
1,3.415263202394962
1,3.6393473204374254
1,3.526076435012375
0,3.5801266712210116
1,3.4338605628581527
0,3.435407306102898
0,4.044724007069993
0,3.537117404170145
1,3.5389654477490877
0,3.4695496616112775
1,3.415415087710527
1,3.4594064167095993
1,3.511246393228611
0,3.5518792759767255
1,3.6134501013230174
1,3.451830686410839
1,3.4674705552861904
1,3.4602241543236745
1,3.424746417269823
0,3.5502158090484817
0,3.5376015441153075
1,3.777746858679605
1,3.4198429401886306
0,3.5752094965070764
1,3.424526846318972
0,3.3888228896839547
0,3.3937782955012983
0,3.4424717831219294
0,3.5108377081164757
0,3.443733064474808
1,3.4570618267455773
0,3.425484967850269
0,3.5755711523420413
0,3.434014875503946
1,3.509934551579016
0,3.428993460629241
1,3.6715219699701604
1,3.472084917485358
0,3.561905423304399
0,3.395984391943989
0,3.604025116401131
1,3.472553451846038
1,3.526076435012375
1,3.4515451432651694
1,3.487486143622422
1,3.6646018732476224
1,3.560567565453476
1,3.4920552856880045
0,3.5850562307304426
0,3.4824853365930326
0,3.5957427454085207
1,3.482705370064775
0,3.5815277378132886
0,3.590377275816828
1,3.4494893508703295
0,3.5415967252771687
1,3.5032649713776496
0,3.4852717523236967
0,3.41192766915557
1,3.413717562079121
0,3.564173057134527
1,3.4852173905774557
0,3.481573858068435
0,3.673241536718416
1,3.47560126210196
1,3.656852834855333
1,3.4363649319947007
1,3.4537786095666347
0,3.5765327926160646
1,3.498140194450311
1,3.483273984863589
1,3.4499450858239205
0,3.545310519070479
1,3.4509960584446024
1,3.4152807376724734
1,3.7359870611046078
1,3.4160454463609575
0,3.4488364578992416
1,3.481601675353353
0,3.6906216118764466
1,3.6158287398734004
0,3.6569880418903895
1,3.6053277074039323
1,3.5894704729896176
1,3.5897558740729516
0,3.4060588051194705
1,3.4210038731335835
0,3.5799367294640274
0,3.4090435412636797
1,3.450597704570946
0,3.5719500129068713
0,3.556967696029952
1,3.5257853933918994
1,3.5051034399747665
1,3.5957306952282977
0,3.412880737880829
1,3.5091703103596434
1,3.5335151791027286
0,3.4430428291592725
1,3.5258732469610736
1,3.412833415364095
0,3.567024233257405
0,3.5719162445843926
1,3.457782329691608
1,3.451015635627479
1,3.416509782875656
1,3.4184555103761176
1,3.5461997657716937
1,3.4262114007967712
0,3.556343570999293
1,3.616874295927673
0,3.696531473891436
0,3.483521629464396
0,3.4348284483356126
1,3.4231028390589495
1,3.410452638294026
0,3.5784750610198715
1,3.6341870782274523
0,3.5459051978534455
0,3.5481144993333866
0,3.587263725599812
1,3.489308193475791
1,3.461094706413752
0,3.4125761662044
1,3.4730128894610957
0,3.514579656411338
1,3.4299630063931237
1,3.6412374803160907
1,3.83090916668273
0,3.56915910525878
0,3.416596860835547
1,3.425971840091797
1,3.4150489442561924
1,3.5147369167998916
0,3.5684317489361423
1,3.481537659695518
0,3.404821497733894
1,3.485975248597383
1,3.57754104873282
0,3.569915845647505
1,3.5067033669541954
0,3.686727497849123
0,3.4113684333941308
1,3.455996679032782
1,3.512451751245964
1,3.508543396656183
1,3.6877679646105057
1,3.492744228155237
0,3.456410437426356
1,3.467260458833067
1,3.41268076357347
0,3.58042193858313
0,3.413915223920662
1,3.4150489442561924
0,3.578229647113234
0,3.4426588358955814
0,3.5636714120745814
1,3.4294302773979153
1,3.667188526695274
0,3.4981165578006657
0,3.4133749202312007
0,3.413264592395742
0,3.7676032830638255
0,3.413371999846163
1,3.5331406287937823
0,3.5674044583601145
0,3.493118411635594
1,3.5050622184742735
1,3.6317745289280627
1,3.476990739052508
1,3.5020917311483943
1,3.5505691730389857
1,3.464109407453147
0,3.53083278336657
0,3.4791093112473446
1,3.4473047801685652
1,3.453956017486589
0,3.4116975976114854
0,3.415646961913002
1,3.4602783819043332
1,3.631293530471973
1,3.4622224679509253
1,3.521253178771423
0,3.589701505774719
0,3.462710093426217
1,3.534138827748415
0,3.4722022094005536
0,3.424291843658166
1,3.488531309627508
0,3.545882494166506
1,3.4282404786560265
1,3.5155064289845086
1,3.548713497033873
1,3.731556335244759
0,3.59520323375188
1,3.610263910365713
1,3.7633100370764256
0,3.402483823984726
1,3.4228839076217645
0,3.44177839596527
1,3.451976918487161
0,3.5977511541051603
1,3.4154442908180136
1,3.498170130130437
0,3.386593175537999
0,3.7761524303965928
0,3.580473877201274
0,3.6180201425427163
0,3.5699047069600454
0,3.4508166005562875
1,3.7084589704473108
1,3.4784536698957056
1,3.4339315786267353
1,3.62830971560763
1,3.6979992655172733
1,3.430230808776019
0,3.599479831893729
0,3.42068653338714
1,3.5779474498745993
1,3.4194015103527713
1,3.5403552077746583
0,3.6370987139973985
0,3.594412046575381
0,3.6769290124402434
0,3.442599163027791
0,3.6263708164612063
0,3.6041615470990003
1,3.412403921147447
1,3.5130017705690326
1,3.618310535427215
1,3.50111667679496
1,3.5937516810174084
1,3.5807070337330438
0,3.586531271239538
1,3.663230537408269
1,3.5888323638850586
1,3.4239513804262733
0,3.581581145538896
1,3.421746992188133
1,3.4215995644219537
1,3.474045466022426
1,3.631220510705309
0,3.4315402950169114
0,3.568638443605587
1,3.666249646600245
0,3.585677039611092
1,3.450581509592525
1,3.4221572207779567
1,3.463461639423772
1,3.5863015478609044
0,3.5685414960591384
0,3.5246121218774222
0,3.5676258116750525
1,3.448133020075453
1,3.4150127140394604
0,3.4080462794994
1,3.719375439752112
1,3.4672144762525114
1,3.409316637318439
1,3.4207794148487753
1,3.4131251184606177
0,3.4293773205516036
1,3.5023036622897803
1,3.5129945966578173
1,3.497991747269313
1,3.538662957153718
0,3.4092830194983947
1,3.822458777050551
0,3.517965083831789
1,3.57754104873282
0,3.705915329343518
1,3.4785991646318846
1,3.6295228413508465
1,3.588328175851259
0,3.6102029864644454
0,3.432327853408553
0,3.6085996733470176
1,3.505381136956072
1,3.5212598339761767
1,3.470381815818017
1,3.4627598252730056
1,3.4801441194570524
1,3.469746699967635
1,3.4796050631598225
1,3.4195080589011666
0,3.5766308398080078
1,3.478514583334583
0,3.7240436955106233
1,3.536624083048087
0,3.621888445143812
1,3.48072472989135
0,3.5887144637451693
1,3.469810474756281
0,3.3923731736044127
1,3.7479057714165425
0,3.713655403724565
0,3.436223614378152
1,3.4415942324533995
1,3.507829267463473
1,3.833656020906643
0,3.4662470369271072
0,3.5972672926570546
1,3.6502613444492447
1,3.4959882868296233
1,3.609941861087375
1,3.419919432128181
0,3.4267239867416515
1,3.463220207001459
0,3.4119383794741753
1,3.6138395455008774
1,3.474730700757231
1,3.548683108295924
1,3.469397530600342
1,3.848976925107226
1,3.4409567063141506
0,3.695050686183012
0,3.6085996733470176
1,3.509280381286728
0,3.523777116790666
0,3.599114052135342
0,3.6612884701720025
0,3.5864112781287165
1,3.4853153148702543
0,3.4404990270226525
0,3.4581385966037304
0,3.410520786101227
1,3.4905670393856343
0,3.5039634611753967
1,3.491596624621978
1,3.4415401409273065
1,3.6846784941050825
0,3.5983324036777367
1,3.586884183901172
1,3.455669965009047
0,3.580006995423824
1,3.5042761590871394
0,3.611701780628442
0,3.498224608171602
1,3.461566414773295
0,3.6297498986133805
1,3.451180637558735
0,3.4120796099256863
0,3.40673191281664
0,3.5501845821643054
0,3.4331094827692725
1,3.465387558664437
1,3.5902876165499378
1,3.4773602762675067
1,3.5106572589459635
0,3.4820021848003053
1,3.572486974254971
1,3.409617813380976
1,3.4401955929165675
0,3.5693291538994143
1,3.6463494991196335
0,3.658995694558481
0,3.5378848980802804
0,3.481313951690946
0,3.4328690479285644
1,3.4918408909856518
1,3.8327743561060843
0,3.522793151185216
0,3.6325151182504554
1,3.4265758714733408
1,3.473213235454927
1,3.4748802731787123
0,3.8103190328469965
0,3.4055873063799167
1,3.472236896582487
0,3.5889270455782856
1,3.4494085998465254
0,3.474825096893009
1,3.626339159094824
1,3.4720725793740375
1,3.471659502209436
1,3.5965883497873756
1,3.5241326494946947
0,3.527547538045808
1,3.4321012288624253
0,3.516007752782653
1,3.477873601944366
1,3.462932095480831
0,3.4758033573939864
1,3.4507605868592015
0,3.5168590723137623
0,3.665177830144907
1,3.5200964771340204
1,3.4868667534836324
1,3.5723766027063495
0,3.519531015849479
1,3.467239207743668
1,3.498414533492123
1,3.575973549047887
0,3.4199140150568947
0,3.7327258775075096
1,3.4595527002211157
1,3.6149813037475274
1,3.4604791331043088
0,3.401870098362977
1,3.4682604527447047
1,3.5076414208531688
1,3.7540125820572428
1,3.708951283045919
1,3.45204858532917
0,3.5729291915088117
0,4.0218459024446975
0,3.7740732492647058
0,3.3977306118142994
0,3.503604406424941
1,3.455487654995875
0,3.571157802197689
0,3.403363224367928
1,3.5978987549201698
1,3.6225269702678795
1,3.437720938712392
0,3.4743990283906903
0,3.427839172051034
1,3.507001035614601
1,3.4843558730551405
0,3.565740763673605
1,3.613910022102178
1,3.4364411584651906
1,3.4610772452118588
1,3.4743143957090212
1,3.8498697220417704
1,3.462858657371469
1,3.4225102774717473
1,3.4869383416270012
0,3.5742524487865985
0,3.4368669125325306
1,3.6402973767616342
1,3.6620073858175615
0,3.4228085151949794
1,3.442043760962248
1,3.835388681774119
0,3.4112158427306873
1,3.5719140629131103
1,3.465855540833722
0,3.558352741518621
1,3.473280902989437
1,3.493657424561393
0,3.4597382045289407
1,3.4813301039837765
1,3.66283069133235
0,3.4165920089207322
1,3.4224725860591447
1,3.5352752249884114
0,3.4008155700581755
1,3.5674752174318405
1,3.5245586678399947
1,3.514348789145663
0,3.430723781316225
1,3.5268122860651774
1,3.537652673961771
1,3.479066508394674
1,3.421734607138407
0,3.6856570925934045
0,3.708849852237353
0,3.4384220905292664
0,3.48868948619451
1,3.6082818352401413
1,3.474912126477224
1,3.41523115145969
1,3.997184736949138
0,3.397678741807876
1,3.4140122978388736
0,3.450339029122753
1,3.4633997500980707
0,3.4322609807675017
1,3.4884602703599206
1,3.4769089988124784
0,3.4086642582519526
1,3.4234907623823836
1,3.5721559793751436
1,3.8136699844565385
1,3.670130216675595
1,3.5508687784584727
1,3.4551663126954875
1,3.446327110424388
0,3.585318538535504
1,3.4863302435341077
0,3.414230936018193
1,3.5166366381255134
1,3.48015418620545
0,3.4455004277066257
0,3.6820989460359477
1,3.462865609778685
1,3.478573275844365
0,3.5656476122951437
1,3.467930161499768
0,3.5799016522789273
1,3.4973996633450843
0,4.071251753743144
1,3.687551589977897
1,3.4202493504930476
0,3.5787630166840136
0,3.414791230197583
1,3.4896873048043076
0,3.5400711608347892
0,3.591580190179504
0,3.5020542196215776
0,3.6554993991852034
1,3.6544643175820175
0,3.456923913892431
0,3.5444225995069987
1,3.7189497018916753
1,3.7778537005601183
0,3.574830671085994
1,3.4996360699787785
1,3.518810658314326
1,3.6749706343754975
1,3.4386009047726156
1,3.6018990879740964
0,3.565729944713674
1,3.47828586595124
1,3.4542976044633185
1,3.504068674506841
1,3.4806297085247944
0,3.452077129941086
1,3.4193662103547724
0,3.3856136546714914
0,3.397566423790291
1,3.450945241957418
1,3.5775835989530353
1,3.5600808486673685
1,3.566301131157357
0,3.5623296944702094
1,3.4186083104890868
1,3.523247662023441
1,3.4400476345353885
1,3.4867319907704313
0,3.4345895020452675
1,3.4364300069325067
0,3.464639693034495
0,3.6918590911503233
0,3.6906216118764466
0,3.6069468589874596
0,3.743652920399155
0,3.431570778911185
0,3.393955886688078
0,3.5386530497698367
1,3.487331731015223
0,3.6036623454330665
0,3.5342262897293435
1,3.4205039193257254
1,3.467418282744134
0,3.458784892319626
0,3.504252471528652
1,3.5976405808646534
0,3.563603550352733
1,3.461677322427692
0,3.5643989964705787
1,3.457458938270049
0,3.4745741942963737
0,3.5633003475996636
1,3.6573649017698813
0,3.415307144873577
0,3.485771472679234
1,3.455775862753264
0,3.4720420045179075
0,3.517691319581126
0,3.4096128736310916
0,3.372912904500944
0,3.5852360121685947
1,3.43313229315078
1,3.442136141834094
0,3.5621283797806798
0,3.547684569510494
1,3.5231619917091335
0,3.5394488426395005
1,3.4757834324155525
0,3.4213412029381574
0,3.452255219541328
1,3.449816646057477
0,3.595492128840627
1,3.4649996722249017
0,3.3891114333084933
0,3.4980719608245248
0,3.695098432720306
0,3.5775871214207076
0,3.6874943056790235
1,3.5506890971453418
0,3.4702951581830246
0,3.6195177775751035
1,3.6319540620276634
1,3.5504309220522114
1,3.456121389443829
1,3.417149026165884
1,3.5451371885010428
1,3.460548234852043
1,3.5769310284168365
1,3.8750106344745516
1,3.4639669276809086
1,3.559807494544977
0,3.5730111807033236
0,3.425551584787105
0,3.7060904221129634
1,3.6535391612521275
1,3.4116030359029845
0,3.435387010037895
0,4.076876582450118
1,3.618050386643153
0,3.496979526958665
1,3.486769806787195
1,3.6402973767616342
1,3.720776277424966
0,3.4130189885640587
0,3.5816425786740496
0,3.5372031985576684
1,3.5360916580882793
1,3.5569976040328193
0,3.64070261651676
1,3.4807922043458954
1,3.4688859039054907
0,3.4321748304793727
1,3.5126024714258444
0,3.631058615621196
1,3.630478011586915
0,3.652670813663958
1,3.4674109584830513
1,3.4181644258947737
0,3.513241455296215
1,3.4451545479575496
1,3.4180397562937666
0,3.514186977941819
1,3.588857672298542
1,3.4537316485858582
0,3.5054013555082446
1,3.4264563010852087
0,3.43020860573829
1,3.4475179100438296
1,3.5798703388286253
0,3.688274226395973
0,3.5839013330731513
0,3.41172297090556
1,3.603548371159632
0,3.840129250822003
1,3.4484229915806095
0,3.7348051760370367
0,3.53813375038139
0,3.4628743667861266
0,3.696614441316969
1,3.556216224453014
1,3.422473074561865
0,3.603892321469366
0,3.587980977153084
1,3.608296832743147
0,3.509761060089291
1,3.4418320636822846
0,3.410352947038248
1,3.439458332926617
1,3.588964648089757
1,3.416661662007752
1,3.607267462876504
1,3.4486953948757697
1,3.463978255492857
1,3.784972617081007
0,3.658662196902491
1,3.649475310189144
0,3.4174862505482024
1,3.436726834989638
0,3.439768575860724
0,3.5057764295476543
1,3.5799025590775413
1,3.4848187742495687
1,3.572486974254971
1,3.489830477650764
0,3.4968080775803108
0,3.4308218800201753
1,3.4881122992983573
1,3.485886298041874
1,3.415727345294245
0,3.4702861114019568
1,3.494928874507479
1,3.42082281454752
1,3.461134311293308
1,3.5093058481538537
0,3.399143764895807
1,3.583246414310625
0,3.430923179147353
0,3.7250499223761184
0,3.5887857240352146
1,3.4296571501465003
1,3.499669921340826
1,3.512124036805499
1,3.41777560361493
1,3.5074827035770237
1,3.523763359981263
0,3.518770996059952
0,3.727925363301933
0,3.575999264941437
1,3.419738880411876
1,3.5141004314998563
0,3.674778229848912
0,3.434082794172659
0,3.6374377082761242
0,3.5660202054227335
1,3.590054429352212
0,3.536270955657206
1,3.6257561686168995
1,3.736405574039307
1,3.543456547561959
0,3.6003527162209137
1,3.5091970949768054
0,3.3991831796238907
0,3.4857815093966944
0,3.421846609953701
0,3.42471517709848
0,3.470106773841347
0,3.424759816904715
0,3.7980662417361524
1,3.6454254725875725
1,3.733428452618018
0,3.5724128780080426
0,3.4984011450306562
1,3.5113049156486964
1,3.509547761427828
1,3.4430900190295186
0,3.397469000282731
0,3.5453531163497787
0,3.673766702283579
0,3.7400880763647275
0,3.584884166410203
0,3.636615199908718
1,3.614443623126739
0,3.5653040886581917
1,3.503861423692881
0,3.5753299270536774
0,3.5202483745857234
0,3.646865328460371
1,3.4999830264095126
1,3.531116442835994
1,3.4226962997365167
0,3.6962030408054414
1,3.7068670138017974
0,3.593385116072076
0,3.635624786504831
1,3.4786055539747136
1,3.871713725689565
0,3.880344069305183
0,3.6349003115401843
0,3.8152435225604147
0,3.5873171425840855
0,3.464802743914916
1,3.520566429556888
1,3.6070817225163068
0,3.432569717166756
1,3.451434237399217
0,3.597298184966108
1,3.565065425939264
0,3.613586430268699
0,3.584944188839502
0,3.5598888898947485
1,3.8557049646969697
0,3.400460487557602
1,3.4778913915261
1,3.414809118996904
1,3.4572872486567996
0,3.6201141055011616
1,3.517681978106806
1,3.419966648633498
1,3.481535419439753
1,3.4742872131644185
0,3.568588745512189
1,3.425717937731517
1,3.4714469123069605
0,3.579319161554858
0,3.448351047922507
1,3.764287603678746
1,3.521371194692828
0,3.4238915771470615
1,3.64796633392489
1,3.481750371629294
1,3.5358720886944592
1,3.4688880784804113
1,3.5367713606306204
1,3.553042318083873
0,3.488578193758775
1,3.6305227242679594
1,3.4874362981835927
1,3.4417235835527555
0,3.6454285230945347
0,3.457844076603045
0,3.486860207911558
1,3.505845266444902
0,3.4355712211994094
0,3.682019009026691
1,3.4492501796543387
0,3.58029088972608
1,3.410887705045304
1,3.438959434671222
1,3.593448547523753
1,3.5149491828846533
0,3.5922911315885764
1,3.6918655997894017
1,3.7117015256978796
1,3.417891436846898
1,3.459326375477268
1,3.4740556660515196
1,3.8140649301037453
0,3.3807834125738654
1,3.6176075014241884
1,3.4270540037341446
1,3.530480731496147
1,3.479887279858796
1,3.727730675017948
0,3.5610193807819837
1,3.451860957150681
1,3.5615327312068294
0,3.420416548499862
1,3.464222440392116
1,3.9263956904781887
1,3.623821919762833
1,3.4660216139882607
1,3.489433073118846
1,3.466957104156628
0,3.790911509753435
0,3.481261400272373
0,3.4186082120222183
1,3.563760336439785
1,3.59844910355508
1,3.51250902048895
0,3.557632170623173
0,3.561057819186212
1,3.5770987870608604
0,3.737878915847643
0,3.4821898987676576
0,3.4520310613774687
0,3.697068541564189
0,3.448162370979974
1,3.4088007707545334
1,3.5058357393356463
1,3.4604595473348883
0,3.928467034808684
1,3.491673524785107
1,3.4913520447833015
1,3.4225418999602972
1,3.4801407083336895
0,3.4426656536218423
1,3.761389563377391
1,3.5622069870785475
1,3.615488373223636
1,3.77482549763468
1,3.4518734781767715
1,3.610791490259934
0,3.4302049281632327
0,3.497226764499168
1,3.653733673221826
0,3.4078465517465983
0,3.575801765217869
1,3.64173440374893
1,3.4596463986104053
1,3.458367021055171
0,3.6527809218814147
1,3.4162935071995624
1,3.4175535591271906
0,3.395829143468902
1,3.415073259676301
0,3.473103400931177
1,3.4816789423012464
0,3.415215723874952
0,3.6998697555343822
0,3.604216770173617
1,3.463863245703039
1,3.551455470982875
0,3.4216221708796857
1,3.461219811413831
0,3.3802826551721803
1,3.626213889862529
1,3.4817339451750464
1,3.7420270537902405
1,3.5157382254409866
0,3.5681222706327866
1,3.4159436269729984
1,3.589663692399291
0,3.6047136538337714
1,3.4398665511731834
1,3.702526283648124
1,3.467529289407442
0,3.630210525713497
0,3.398442774771098
0,3.5010427077118127
1,3.600205146677677
1,3.574046773920002
0,3.4667379227555015
1,3.5116082875981767
0,3.5746831929361815
0,3.6904221265375075
1,3.4634302897958804
1,3.484950743383997
0,3.3824431237265395
1,3.6930489375794977
1,3.476003123528135
1,3.5287937975788206
0,3.5095286952663343
0,3.456427014825355
0,3.4434683651778584
1,3.5004944641125926
0,3.671245170430469
0,3.494114917921875
1,3.5695974394707157
1,3.5630034382407367
1,3.429038781702132
1,3.4726885459319186
1,3.5327340903233226
0,3.5233198836260065
0,3.627818970998749
0,3.594205095896704
1,3.516169407636396
1,3.4499533978265773
1,3.5087203265332074
1,3.592051618309308
0,3.567240346432478
0,3.5204386287009615
1,3.6693518980826387
0,3.4240510530134975
0,3.4845350773843053
0,3.4082863718562058
0,3.5777588897970096
0,3.5593807361951337
0,3.503440176171446
1,3.457044643680321
1,3.4224173264924076
1,3.578482276633661
1,3.4180663861818363
1,3.6491790112628797
0,3.578715394579395
0,3.645680763280778
1,3.7579940064360557
0,3.406994599946469
0,3.549460997097827
1,3.509547761427828
1,3.539305830126378
1,3.4599650205205155
0,3.691775379038062
1,3.523299392665414
0,3.4005617212696837
1,3.651586527515157
0,3.525577760799759
1,3.48581340750963
1,3.6342977693026173
0,3.4155822765583714
0,3.584795665434571
1,3.4827311766409923
1,3.5771701522071386
1,3.440716907630335
0,3.587479164810027
0,3.4682048494351636
1,3.500447100455556
0,3.570725283249479
1,3.4918598443429296
1,3.610014502106824
1,3.4579074551487397
0,3.620932849086474
0,3.4094491572565118
0,3.395618470073307
1,3.409361938278307
1,3.4155888957704987
1,3.4687974591910993
1,3.4613824035035483
0,3.4183273544666077
0,3.4279255170219276
1,3.558262497290919
0,3.674425589571438
1,3.516233951219913
0,3.426965970462668
1,3.4817245710291327
0,3.4194672955220584
0,3.3891402766768803
0,3.521006225328195
0,3.591910942704738
1,3.5842002453890847
1,3.465653953345799
1,3.6332136749509854
0,3.6326504282294874
1,3.495954416818856
1,3.582247943675892
0,3.6628332683412914
1,3.4436387728014264
0,3.5749816201562923
1,3.5048620794888103
0,3.5508397855344396
0,3.4069992269325913
1,3.4100262273416173
1,3.5041486544577367
0,3.6804450823045918
1,3.4281903514449388
1,3.501435077241207
0,3.7108287142598915
1,3.4615548576697797
0,3.678466983286017
1,3.5339083240552416
1,3.6037425735168895
0,3.729494736294939
0,3.472841178595901
0,3.442246510975269
0,3.6436034576959577
0,3.5758521903054814
0,3.4533094239357016
0,3.694786855616379
1,3.527066878727616
0,3.405651077432493
1,3.4656552022902307
1,3.594702204511819
1,3.4829708199748666
0,3.581211330562839
0,3.395018555772533
1,3.4806015705278055
1,3.8714678985646063
0,3.577966269421557
0,3.5066583377291924
1,3.4762207811284975
1,3.4456310787549236
1,3.4696189175251053
1,3.4261808556336137
1,3.4330175245796846
0,3.590304913160934
0,3.569780864749472
0,3.4255281296760853
0,3.3867097245259616
0,3.623674183178427
1,3.460616424626212
0,3.4186787542269914
1,3.758105388774752
1,3.4476872574639477
1,3.692320784381999
1,3.4988715913721697
0,3.5347266497664607
1,3.488051483171239
0,3.5032930752465874
1,3.490960799209954
0,3.4092507013805533
1,3.779352492319297
0,3.5724515101988685
1,3.6121337680420416
0,3.612651904295271
0,3.6153966408382057
1,3.4449222624326996
1,3.417493304408115
0,3.433200486585823
1,3.546407843560234
0,3.4063535050139575
1,3.509547761427828
1,3.4253256254781523
1,3.5551584689839273
0,3.700742082761121
1,3.5913228182165073
0,3.6356834248604013
0,3.691048163094976
1,3.473356797909044
1,3.5792682814999126
1,3.7416760703938925
1,3.474557428933783
1,3.4546771806896817
0,3.5659743804064723
1,3.5395533689328875
1,3.408404033231706
1,3.42030557483523
0,3.4418170164241433
1,3.693623152745094
1,3.686865201821796
0,3.7054765819655064
0,3.434179248021301
0,3.434040725973627
1,3.462683012761586
1,3.5671575106203814
1,3.4117325269641854
0,3.60949845750777
1,3.55500818620885
0,3.5419283610240284
0,3.7662870091870913
0,3.651886861189226
0,3.567460693204526
1,3.422473074561865
1,3.5007196743221036
1,3.4394815698918886
1,3.591744947600107
0,3.6752173172604192
1,3.465014694054042
0,3.7420629861728374
0,3.5576869009911984
0,3.5339768069222766
0,3.5263138278021273
1,3.5157753607603164
0,3.575274132332
1,3.4447892260591044
0,3.4051962875601487
1,3.67197961660962
0,3.4228211002001547
1,3.471823782076379
1,3.607129838332949
0,3.5543041454099358
1,3.5934435511388356
1,3.4224173264924076
1,3.472678194133098
1,3.647535383626231
1,3.48216562026917
0,3.7254489150882066
0,3.674580585500187
1,3.4996504491844505
1,3.4785475041706917
1,3.5178248312992784
0,3.601138122339912
1,3.7315361664425604
0,3.6115110524215925
1,3.5374702050047255
0,3.4718637541866184
1,3.4966309712506702
0,3.3917745682910683
1,3.4212372329439105
0,3.492533941389296
0,3.5828029671597235
1,3.5297508195856
0,3.536506291750407
1,3.4702605985881347
1,3.5849746693362294
0,3.6336894426986492
1,3.551186321002623
1,3.486369279905732
1,3.432839434082814
0,3.6300853730926477
0,3.7332634116525183
0,3.412944199240864
1,3.495818957411459
0,3.428577122301437
1,3.463014034856878
0,3.553774326040352
1,3.632399866822381
0,3.5895577109490873
1,3.5569604732678957
1,3.4402563752550464
1,3.4644417087278416
0,3.5790599622599677
1,3.457749470692206
1,3.5027961460666366
0,3.448142307617429
1,3.541258535376269
0,3.413940962930285
1,3.469282064636396
0,4.012025912988204
0,3.6052085932716214
1,3.682027649383498
1,3.454328864775331
0,3.451684093714244
0,3.4553410707488412
1,3.451816805076477
0,3.642079168546495
0,3.4201202355733438
1,3.4499533978265773
1,3.656708030313996
1,3.730420462812343
1,3.589046243671449
0,3.4142997321236765
1,3.452249543632235
0,3.3966366827209
0,3.5109339265154085
1,3.4790254839834054
0,3.589320320243863
0,3.4910140632670186
0,3.4058985407895017
0,3.6006382972213875
1,3.5629647825038138
1,3.432058059672647
0,3.5875027916305653
0,3.390266490056386
1,3.6037906921293663
1,3.4419353648883275
1,3.4971208730630035
1,3.460097444182709
0,3.6018948149625007
0,3.3829518132127867
1,3.416816989446448
1,3.55826647813173
0,3.482874776691918
1,3.477172634283547
1,3.4554838066725257
0,3.6238973189040484
0,3.4727764104660825
0,3.459425543931695
1,3.584708608672445
0,3.5739027751217383
1,3.5605232684827106
1,3.41592044343799
1,3.512143234543532
1,3.6133126603792496
0,3.7042019018760395
0,3.5897296256230837
0,3.556639633308261
1,3.5147740126536466
1,3.5060953292145287
1,3.5057793793206016
0,3.4722600501767045
0,3.5801938967896083
1,3.4815897009266954
1,3.4926195011052434
1,3.5901882633560183
1,3.416695286683922
0,3.6070993015137516
0,3.5794807824153207
1,3.548837718648622
1,3.6031163502177095
0,3.596025805923369
1,3.4300093966706027
0,3.424271027122228
1,3.5182012660485844
0,3.653280132471726
0,3.5635317899679633
0,3.490917625426151
1,3.4874375628257748
1,3.573730606491742
1,3.5505166390777148
1,3.4868051320043083
0,3.597511417203045
0,3.604175466292635
0,3.649710455577983
0,3.416739857774987
0,3.5985191057202166
1,3.5242963415792006
0,3.815651364563483
0,3.5798350172247884
0,3.598166721815949
0,3.4205442380764084
0,3.583151362857554
0,3.5706095711373362
0,3.452580097698462
0,3.4803366591493505
0,3.4189293287644547
1,3.430820179326188
0,3.6217730352367883
0,3.5935737136886425
1,3.4643052239417047
0,3.5421200447517243
0,3.4375072565907128
0,3.3824212275164083
0,3.588535142192518
0,3.8772735759898285
1,3.6493856105317506
1,3.7221506607402555
1,3.4930807150011387
0,3.612793608174293
1,3.674498861889555
0,3.673805780398782
1,3.4469842801969044
0,3.5934479877051855
1,3.5148348983662374
0,3.5213160918243194
0,3.529805268569535
0,3.499678568282469
0,3.529680625455808
1,3.4140033656846347
1,3.560697091900376
0,3.5740490587674363
1,3.4603478766535654
1,3.461094706413752
1,3.5413375455073677
1,3.4933328128042582
1,3.4325972485847736
1,3.5282357281089016
1,3.43384734655648
0,3.5050108519789895
0,3.4403324960065884
1,3.460037945208322
1,3.4213827885517833
0,3.4946898505828488
0,3.776037432768481
1,3.4291762611571275
1,3.4580066770756064
0,3.559510511173687
1,3.6295507572611814
0,3.630221342504998
1,3.463906167492713
0,3.4775251292389115
1,3.63959252739295
1,3.4652052185430016
0,3.5136664255989687
1,3.8609307677498768
1,3.6517042905862667
1,3.5244507518994563
1,3.4750256057923306
1,3.4210845038405595
0,3.441575268322225
0,3.4581223378316737
0,3.4214638967608737
0,3.379608765330467
1,3.4790407567075565
1,3.5132894700774733
1,3.6254296105428416
0,3.38964634471857
0,3.385407517012577
0,3.4127812213881734
1,3.7236396999807475
0,3.413234604441936
1,3.4568094542967214
1,3.5491386033546606
1,3.446868110768244
0,3.6161128287252886
1,3.416108205456354
0,3.633147810283675
0,3.571832928140402
1,3.646119823927367
0,3.48494230368715
0,3.463496459554825
1,3.7531601099879515
0,3.421537505503761
1,3.468267555565849
1,3.641818974850738
0,3.5895767611143596
0,3.597806105866506
0,3.5939356169766006
0,3.4315850986212366
1,3.464303018791517
1,3.6233802350825353
1,3.488043395912355
0,3.6510395503186053
1,3.4836889481832407
0,3.5759904201134654
0,3.4021362695652813
1,3.48160583012911
1,3.4652068451342175
1,3.4179312976745067
0,3.462492827413542
1,3.5241317172970046
1,3.5348202920434013
0,3.6458149135358506
1,3.661718117263182
1,3.518598132198348
0,3.6098437409722806
0,3.7225898149043046
1,3.612670753033153
1,3.483504742107199
1,3.5476415767459044
0,3.5812053997372257
1,3.638521029050961
1,3.496162501675101
1,3.5860892020633295
1,3.522922637408493
0,3.3744280003738187
1,3.547000762888256
0,3.5807517009930385
0,3.38089479543664
1,3.474129308052492
1,3.455129569358422
0,3.381269462079595
1,3.547221909560584
1,3.5215054421306284
0,3.666101994202426
0,3.562897310653301
0,3.425743903375743
0,3.3855876943400003
1,3.4721753441611645
0,3.411318109462992
0,3.5013365875891185
1,3.4827311766409923
1,3.475413008695179
1,3.443628203988587
0,3.576532123087123
1,3.4651108755345663
1,3.670368665749001
0,3.4418232986985693
0,3.680241867170526
1,3.627047631821596
0,3.4024094928927378
0,3.434633118231301
1,3.6658999818499454
0,3.386205786944512
1,3.5224456324639855
1,3.5207584422559597
1,3.460800884573891
0,3.440146333106155
1,3.4681222032303283
0,3.4160133138295774
1,3.6435129501509205
1,3.752255897530764
1,3.482348292724848
1,3.5075455898812526
0,3.4287038980258706
1,3.8910590044979543
0,3.404492444965603
0,3.8391789785843096
1,3.4615201372245035
0,3.4018195002187572
0,3.5515231096939384
1,3.7364366434806744
1,3.433704023893492
0,3.3952210336159827
1,3.4655743946662545
0,3.4207897159069485
0,3.3902403640241365
1,3.4779454056380694
0,3.3978407803559962
1,3.4483432339154967
1,3.5303641872580998
0,3.555908804975454
1,3.4328713766841332
0,3.5724128780080426
1,3.629597128251899
0,3.5950263627366876
1,3.6440518059299594
0,3.4424440917159247
0,3.5368703967976596
0,3.6163247595357966
0,3.670461331442408
1,3.4474914346553835
1,3.417874544002598
1,3.469508956494704
1,3.5087467859998847
1,3.417714989331253
0,3.4410900043787653
0,3.428497542142214
1,3.534209160524941
0,3.4900183514035423
0,3.4179276776544207
1,3.4956456960063598
0,3.3823539308873256
1,3.5715093760475627
1,3.6329098656225685
0,3.437839322213936
0,3.4715856661728446
0,3.4266041972461214
0,3.5438702220311034
0,3.5932343443099475
1,3.5333023207641636
1,3.4577583743452753
1,3.7729395281069635
0,3.7049581050122495
0,3.7336593307408736
1,3.4727860243148356
0,3.420072493570983
1,3.463347355856267
1,3.5496502353376482
0,3.583594317047824
1,3.50627396158101
1,3.4285063034004923
1,3.630894990406959
1,3.4992474005441943
0,3.696751030644248
0,3.3973220136339997
0,3.707533170779325
0,3.5013864788491875
1,3.442030501995526
0,3.5704314745433314
1,3.614696695608306
0,3.646556615469086
1,3.468745729270304
1,3.5837096931334864
1,3.536076265069074
0,3.6123564972220845
1,3.5024906522297923
0,3.6961907499004014
1,3.4532365487725327
0,3.743624007609538
0,3.4642088563707643
0,3.423210709775733
1,3.7700969188956854
1,3.5120263858411245
1,3.4700300169820255
1,3.4400801201576043
1,3.453019077914253
0,3.7382278912273263
1,3.565542062696593
0,3.5386981366309076
0,3.429960852891742
0,3.596842182006529
0,3.615417070494089
1,3.4843480592117704
1,3.4129481636928305
0,3.44263390804868
0,3.7992522287931774
0,3.4810071056289305
0,3.4380362266275917
0,3.424677193427301
1,3.415134340259897
1,3.5713949335613844
1,3.4611265238733786
0,3.385720564260894
1,3.494078755977937
0,3.582864741354511
1,3.4594989083770145
0,3.552168207631446
0,3.615842107051284
0,3.517746749548507
1,3.43313229315078
1,3.4973655809900657
1,3.4225102774717473
1,3.755102239114212
1,3.536966491766914
1,3.54731539863985
1,3.6175107552972205
1,3.4515451432651694
1,3.4310543689435424
0,3.450589501577095
0,3.5604811661616687
1,3.4946450584590987
1,3.4537921245067884
1,3.5277788813255992
0,3.6176156234448413
0,3.576677531147745
1,3.6053277074039323
1,3.502449674119492
1,3.4758417077133386
1,3.4225102774717473
0,3.569376726646407
1,3.454952538299056
1,3.4559805784083624
1,3.490312256842151
0,3.777875362294598
1,3.5701417393603627
1,3.489784047155275
0,3.5583951624269634
0,3.708053818771054
1,3.6088331990207063
0,3.501974484623781
1,3.5934568073978936
1,3.5273549786892073
0,3.6401425888761647
1,3.483215948274049
1,3.7409170329059234
0,3.9382256842362633
0,3.5968645528533316
1,3.483360996933283
0,3.589813010838214
1,3.445661209924296
0,3.7234224282517396
0,3.510893537226415
0,3.423831749030079
1,3.4779454056380694
1,3.5664671383788082
1,3.572367674714849
1,3.5527737349406396
0,3.555606825462772
1,3.5191331546487756
0,3.394387324098612
0,3.522832740524572
1,3.4654623478336286
0,3.5758090963538005
1,3.700174977353764
1,3.5195058782492277
1,3.42819565494999
0,3.569402630348492
1,3.5993649635130707
1,3.6097220508789376
1,3.4503613209183177
1,3.7394699701440506
0,3.652742405523299
1,3.408298491019665
0,3.8175600778700844
1,3.478048153694989
1,3.4202360726958982
0,3.5707639952255903
0,3.499525410239752
1,3.5411355677312386
1,3.5449788995578246
1,3.471787179407417
1,3.4193662103547724
0,3.536731804438849
1,3.7933923028690826
1,3.419297535077508
0,3.62750514221617
1,3.5303877293560406
0,3.4248197581145337
0,3.4141755816740122
1,3.6636618221123616
1,3.5304296678214797
1,3.572298601122391
1,3.540382114791737
0,3.410306092401059
1,3.5046259933473394
0,3.6064023850442926
0,3.4530211310377417
0,3.4385569378415988
1,3.431257535068118
0,3.422970982123994
0,3.6250970545818406
1,3.4230501645432105
0,3.5718480090919966
1,3.4919866458338094
0,3.7460632517725334
1,3.6065453860833383
1,3.410850040475293
1,3.496473994896799
0,3.8585367060489446
0,3.5135957462388974
0,3.549187522177954
1,3.4150519066059446
1,3.4736218248512465
1,3.517402093021221
0,3.4576456401578386
1,3.668424299121198
0,3.601234218657379
0,3.4637727546703094
1,3.551169865364694
0,3.7402646242342215
1,3.4787891105801036
1,3.6402589800122183
0,3.7048870410154366
0,3.5565267174291866
1,3.432135290669525
0,3.715006929937641
1,3.4095968333717863
1,3.485471435764108
0,3.429596057134143
1,3.503146412356626
1,3.5795270391114857
0,3.69468744496432
0,3.5384653089340388
1,3.9019752886830332
0,3.4387329214958613
1,3.5064076808116416
0,3.7098299643176307
0,3.6277808491266255
1,3.465305465971466
1,3.5448371450964307
1,3.41981571270616
1,3.6365841281178195
1,3.5011942036905483
1,3.5158946839065357
1,3.4941860063546013
1,3.4212319793759565
0,3.5620790870539922
0,3.434299396265348
0,3.3728311618132305
1,3.442245150628075
1,3.461721385926588
1,3.492853652216472
1,3.487435959434322
1,3.4206072016459648
1,3.520743540763945
0,3.5804806559191737
0,3.56676621131828
1,3.4388275731844313
1,3.4305571248285873
1,3.470313320335109
1,3.513047343699675
1,3.4547972105225724
1,3.411959582244022
0,3.639627313262689
1,3.5141331892413397
0,3.5744497689198163
1,3.5477729280674373
0,3.3733083544469693
1,3.606255170954977
1,3.449405892791971
0,3.672885340856456
0,3.389089395623819
0,3.582415664345374
1,3.4482125065868705
1,3.452630654924283
0,3.804836435992251
0,3.428865296780382
1,3.5019665933930977
0,3.5224990157505203
1,3.4676024031327453
0,3.5237750216037855
1,3.4179103625440876
0,3.5850813940372372
0,3.4368313381714315
1,3.5536988024321987
0,3.4386320081349604
1,3.4518809446322996
0,3.425005224212
1,3.555647114802312
1,3.4732659662428214
1,3.45156039202766
1,3.407052994680703
0,3.5746938158478025
0,3.511710406084755
0,3.8670360620251625
0,3.4509403454142014
1,3.4607933697399718
1,3.6012149112373164
1,3.4943209816604837
0,3.5823815200554097
0,3.418727302400127
0,3.677064591966551
0,3.5606674639043665
1,3.4192504275379036
1,3.4296808698157073
1,3.4186083104890868
1,3.461014292178516
1,3.765772088655214
1,3.4708597594734307
0,3.412477328578827
1,3.4768346515872515
0,3.485507686301644
1,3.459955726525488
1,3.5713285782808484
0,3.4699258483925415
0,3.3861140556002973
0,3.435538317385952
1,3.696384302989513
1,3.592303162837832
1,3.5006395997297743
1,3.4626626940377863
1,3.432913697834598
1,3.482516025179197
0,3.4291494284803905
0,3.5252538580823276
0,3.4511514056224897
0,3.8060049633297637
1,3.4469224595348207
1,3.6530127003540582
1,3.584578985695358
1,3.945502072198342
0,3.4769553238623057
0,3.4598398604016856
1,3.463205471169556
0,3.4171345149386556
0,3.6795165473652824
1,3.6120032849645685
1,3.5991777412696693
0,3.5814406325986305
1,3.4780499887811143
1,3.497947113192058
1,3.4154474115018107
1,3.43731676178987
1,3.4707719725856623
1,3.4628298392196455
1,3.4787056867368857
1,3.426760368233205
1,3.4506924516063466
1,3.8211609315469537
1,3.4778281095970995
0,3.6690766548274034
1,3.4779944641740714
1,3.4147680874071242
1,3.46697997262531
1,3.860995596460654
0,3.414488603188127
0,3.384245110340053
1,3.4801873220414676
1,3.4524705879518467
0,3.5701455607131956
1,3.493469461787996
1,3.518756271065446
0,3.417585257299212
1,3.476966404734361
1,3.601402196366756
0,3.5286587539977705
1,3.5278403529418103
1,3.438448517113716
0,3.4339935993832635
1,3.459397537264032
1,3.5653190866742315
1,3.5448367933481273
0,3.578095090098615
1,3.4279452563123685
0,3.389026793366699
1,3.572603025564969
0,3.594790679772453
0,3.54693355392544
0,3.527588833411364
1,3.5850354622931633
0,3.5691634173538747
0,3.4325433566242793
1,3.5549332902249042
0,3.4404836704087645
1,3.488398794904715
1,3.4772663245179256
0,3.581913903454345
0,3.577789124242441
0,3.5007624808557454
1,3.460773362890865
1,3.4266327898086604
1,3.4571680473491897
0,3.542076557395588
1,3.4564561555685143
1,3.435795300409044
1,3.564674084658082
0,3.588968920103311
0,3.6855221600290733
1,3.432204086316018
1,3.4989946527665956
0,3.686947931619359
1,3.7249148740341473
0,3.6215623776871517
1,3.6630394418397927
1,3.477588244942725
1,3.52406455187335
0,3.383772682571596
1,3.579623644613246
1,3.572496922483026
0,3.5433242596337977
1,3.51258822511958
0,3.4543553076424387
0,3.5731462088272745
1,3.4186238191870197
0,3.7172923537704814
1,3.5708648445651017
0,3.5427957828485055
0,3.573568140459693
0,3.569801916058182
0,3.5247444710038582
0,3.3990190532656204
1,3.483070401140498
0,3.564975389240315
1,3.7301069352502227
0,3.499609938501103
1,3.515728633685766
1,3.4451771468874237
0,3.5367153861341842
1,3.6966579914199063
0,3.5377127184191894
1,3.4641017941487195
1,3.4482317643762443
0,3.592363152392331
1,3.4825816467745923
1,3.415863716380765
1,3.6074847281139757
1,4.007119092312557
1,3.576590541526074
1,3.436727082295358
1,3.698429649633181
0,3.4286037756410943
1,3.665925677782728
1,4.077043612859883
1,3.426980961533601
1,3.4401127507411604
0,3.574080099100844
0,3.6622888897386283
0,3.427913438546681
0,3.4103287381329332
0,3.4290485583763965
1,3.4820534616511623
1,3.607940678688938
0,3.5012543938944667
1,3.746064691037854
1,3.4213297072773337
1,3.5491105277660258
1,3.5105049049836277
0,3.5822702380607296
1,3.859104929527624
0,3.8308570217167848
1,3.478350789208642
0,3.546139741617164
1,3.7779117609632245
1,3.483294141415923
1,3.4338600205460965
0,3.576307428546874
0,3.401179808286881
1,3.417049405236897
1,3.6366196414732728
1,3.680706481137121
1,3.5414574394606593
0,3.571532694701783
0,3.421220306936269
1,3.4671344650485802
1,3.4435111011834083
1,3.616125538649945
0,3.476419777276744
1,3.4806218367387265
1,3.488160453962248
0,3.484904244517191
1,3.4188215427081934
0,3.4528318345231246
0,3.5848678315207168
0,3.4197068395127137
1,3.4236335081287512
1,3.4991839343381157
0,3.4152889269811073
1,3.4629024516791347
0,3.4195093929915408
1,3.4548658611593184
1,3.4604805686296802
1,3.6548334832240923
0,3.472888651928081
0,3.7290148552673346
0,3.5855331691584005
1,3.417745862588144
1,3.554669044955159
1,3.437950845464878
0,3.4026470995736067
1,3.651586527515157
1,3.4183583166428027
0,3.5405834672217775
0,3.7419608093987407
0,3.6023948669053865
0,3.5465215888785693
0,3.5341979885609125
1,3.4622511294962486
1,3.4831976046735913
1,3.5160510295670675
1,3.5675554048748683
1,3.6609421118551024
0,3.5399620714537274
1,3.5267205505697663
0,3.6108169567710653
1,3.5627187598831167
0,3.446958309224379
0,3.8273781916127545
1,3.5528792019230586
1,3.603403666957058
1,3.536371852470956
0,3.4236396471028914
0,3.454589174445084
0,3.4404396621738558
0,3.591093347803253
0,3.566657777317043
1,3.5219462473184118
0,3.3756722473074454
1,3.5536988024321987
1,3.6792289912536087
0,3.471950029524975
0,3.611539347951748
0,3.5865840090686048
1,3.590692243456412
0,3.457076891400925
1,3.5331955130514388
0,3.7059864414375285
1,3.438712156020505
0,3.4291738809918275
1,3.4404019341558247
1,3.4170529391668607
0,3.765844641420665
1,3.6425816371026736
0,3.582299133969689
1,3.6745967718278427
0,3.531226533997401
1,3.471767917043792
1,3.4669010230276838
1,3.562859384012487
1,3.4505016473999452
1,3.4835831211838433
1,3.471305786709287
1,3.4770085709133047
0,3.598087169004032
1,3.6035862683920827
0,3.4097311401597676
0,3.7038077849451003
0,3.57019417757036
1,3.4797716017856097
0,3.5212890033000344
1,3.4219187592352447
1,3.636117386004588
0,3.5513068400578396
1,3.521716485645079
0,3.4345440777406107
0,3.4205697288692862
0,3.450185018162517
1,3.4669872465256426
1,3.5010327022102854
0,3.5322576498412865
1,3.5051174548883806
0,3.464338041843269
0,3.603876584069771
0,3.5921686020116956
1,3.4600110932924757
0,3.550090469640843
1,3.518276555203769
1,3.505495874687219
0,3.618301974868516
0,3.578868179301755
0,3.5854328314648947
0,3.5722078348289554
0,3.756352700985188
1,3.41500614906532
1,3.4504283212029843
1,3.474760548049615
0,3.3969463426949584
1,3.5145351475602125
1,3.4616901417965407
1,3.446316305385001
1,3.471348454123582
0,3.405379996874664
0,3.6014652891382815
0,3.4883012745717146
1,3.7661947658064117
1,3.5017749055400023
0,3.5736200751631726
1,3.418023344031993
0,3.5760966376890595
1,3.4133995488625533
1,3.524781285134843
0,3.5870740157455776
1,3.4543922241511713
0,3.4472330997251426
1,3.4803439359013333
0,3.4032747721227072
0,3.3974207360100706
0,3.681917712128077
0,3.416948085161141
1,3.4166534246107947
1,3.4207683342191766
0,3.4743056536678556
0,3.3811994599358943
1,4.01455350733917
0,3.5116393928117198
1,3.4179988680811815
1,3.4795280247232196
0,3.6454689828994375
1,3.705847222740072
0,3.5037606675290087
0,3.607597444072818
0,3.3843492139482825
0,3.690211843000497
1,3.608002542248935
0,3.3904424574628007
1,3.4671487528245573
0,3.4309228611311595
0,4.073235905082891
0,3.8019859665741147
0,3.389371634860579
0,3.5107947498320002
0,3.574929737423083
1,3.4232702437671634
0,3.3968359702455517
1,3.4244197426503313
1,3.4170470969503715
1,3.4132963310661064
0,3.454022729047147
0,3.3978922919917274
0,3.5182876360306308
1,3.5682075581648274
0,3.428379461249622
1,3.439456508217854
1,3.5846460501263087
1,3.7363795473568815
1,3.417874544002598
1,3.660955897821693
1,3.5653855443804727
1,3.7536627331522814
1,3.725203570533113
0,3.5450897036612385
1,3.5160631502065827
1,3.4791746665408185
0,3.63644452573038
0,3.414473204824809
0,3.5050445628440405
0,3.4953763118793217
0,3.416216424012357
1,3.463658016195045
1,3.480595848801698
0,3.4646188643048617
0,3.473968735630606
1,3.460378197539933
0,3.4295454413468596
1,3.4792112759835434
0,3.5596925577911582
1,3.631927683054196
1,3.653733108394066
1,3.625518591911692
1,3.4849099717624243
1,3.489087521588079
1,3.464851608390776
1,3.461959467007727
1,3.4159911877498987
1,3.4552871242498826
0,3.407504856486127
0,3.579141018559064
1,3.553042318083873
1,3.479692838534946
0,3.3800892326067853
0,3.830987945133514
1,3.4468686138110365
0,3.6221338777466134
1,3.7867431664135895
0,3.475772959399226
0,3.7063293748879818
1,3.5121173136191244
0,3.575573493826411
1,3.6580279895338244
1,3.4168509289295166
1,3.644428478035408
1,3.5999715357096993
1,3.504179866074277
0,3.5774288048212948
1,3.4491677014617648
0,3.4389179861479056
0,3.6117002363017034
1,3.4372329867689575
1,3.4184143354882846
1,3.416483161615888
0,3.380569300752948
0,3.4473411297559666
0,3.4166622863050202
1,3.484368912334307
0,3.590531928671632
1,3.4941698977197984
0,3.596394594546771
1,3.6320523911382887
0,3.5520800337239278
0,3.5126492560858775
1,3.505121542894938
0,3.587738218513726
0,3.601198844482962
1,3.4549626561882336
0,3.4932977659000284
1,3.4486871507193335
1,3.6342202731941478
1,3.667442033230001
1,3.479829296113282
1,3.441594094740592
1,3.4700788825626216
0,3.4140250739250018
0,3.6214173113067027
1,3.5909713211277037
1,3.7636024988919012
0,3.3999471172135594
1,3.4873637195179645
0,3.4839247997431535
1,3.5165976974359814
0,3.519285648370237
1,3.4089642975135956
0,3.418963845825632
1,3.6765570301253123
0,3.5171524453902823
0,3.523570989236
0,3.570289580564783
1,3.4988167024022636
1,4.192002572392494
0,3.7346263730694704
0,3.42561581016945
1,3.436645459445798
0,3.563530237350613
1,3.7065326850014637
0,3.576380727976913
0,3.384488760313332
0,3.5767676869848186
0,3.5079858112245716
0,3.5170442388890617
0,3.3902425212325276
0,3.3903347823440306
0,3.777085959411979
0,3.445821429442523
0,3.4353776791943154
0,3.414385980840989
1,3.496473994896799
1,3.457470946620084
0,3.4096107896943475
0,3.4685501021647696
1,3.6525792838354936
1,3.4663528668610564
0,3.5695523083315
1,3.4606760278895745
1,3.459995408248017
0,3.5707091479776905
1,3.768840344875041
1,3.6554826172480226
0,3.6981712082043727
1,3.4608732701600515
0,3.621733146936548
0,3.7257341943419213
0,3.5699084945376214
0,3.5020046610693916
1,3.502350347282257
0,3.4785853795526145
0,3.3982015878435967
1,3.4517823196653223
0,3.570700180409593
0,3.4957437893124172
0,3.5679068364020523
1,3.6491459550265457
0,3.558715830574051
0,3.516292450256086
1,3.433009974236159
1,3.6279817528159235
1,3.6778287765439646
0,3.387494145929332
1,3.4167942128751525
1,3.5857753244531088
0,3.734942427601317
0,3.3840425736501776
1,3.557209772856488
1,3.4438381728987078
1,3.61464396109902
1,3.422171120446198
1,3.5006073617579068
1,3.5019205519999286
0,3.6567816679875484
1,3.490641084832041
0,3.490643665468055
0,3.5722073099169127
1,3.7029735220918742
1,3.5384632044084787
1,3.4489530872846994
0,4.013381024057974
0,3.6023528186131637
0,3.654650340850502
0,3.5471149189976847
1,3.4886375612607936
0,3.5470849635153976
1,3.6889585351761
0,3.4111392553612725
0,3.4149416628024927
1,3.4666646826250984
0,3.758516732770887
0,3.6666512614615714
1,3.465920359038237
1,3.425971840091797
0,3.4170089103634504
0,3.558514930313689
0,3.6155964737184587
1,3.452580572770912
0,3.4016630339783562
0,3.4214771130117176
0,3.530195089551818
0,3.460824415550725
1,3.513219411268866
0,3.59562954126941
1,3.420113256508082
1,3.421349519044272
0,3.673231398975062
0,3.588809294827034
1,3.491564888191528
1,3.5031333170111494
1,3.7231468408331914
1,3.4165061231401466
1,3.504705087933818
1,3.476868729825706
1,3.6685052285974407
1,3.4187447916194023
1,3.586242575990172
0,3.4149410186847793
1,3.489595951016089
0,3.4496254941978406
1,3.6219192986233457
1,3.684413237397131
1,3.4620544746262887
1,3.7469904750795067
1,3.4814057711324073
0,3.6968722747341998
0,3.5930513505991897
1,3.529847582590087
1,3.499690200621613
1,3.4644804724190394
0,3.805811088995814
0,3.559821227393817
0,3.7572179455254617
1,3.531209825568668
1,3.4226674410733646
1,3.482497281082792
0,3.5894045986089904
1,3.4353894889875667
0,3.3962248399115174
1,3.45454600492192
1,3.4629024516791347
1,3.4720781842120383
1,3.541366015722701
0,3.5856707462818194
1,3.8355541299386147
0,3.5786770115836455
1,3.5260965913417914
1,3.540592059833039
1,3.4419721178441613
0,3.542543452364296
0,3.7753383794477937
0,3.6712495483606524
1,3.5979684791460294
0,3.5740869546567047
0,3.6847556474260585
0,3.695658308326437
0,3.5755761909918586
1,3.482112130068902
0,3.5873666603668624
1,3.4825635204226666
1,3.599801332821482
1,3.468119914949146
1,3.78091666426709
1,3.4472265808565967
1,3.451903142535574
1,3.9713614639048584
0,3.49121268748403
1,3.9349347171898774
0,3.4197262429652375
1,3.4513479919793437
1,3.424340781063431
1,3.63188580074762
1,3.4163413174184747
1,3.6123813007959193
0,3.380692224107449
0,3.380930551289383
1,3.448791054196216
0,3.472074620581799
1,3.637998838758369
0,3.477206056057999
0,3.5651640679100467
1,3.463205471169556
0,3.5945501835337352
0,3.5697642573803723
0,3.4364562913421692
0,3.538744058167938
1,3.4705067046150444
1,3.4738595286603338
0,3.4150907849458694
0,3.6567775467286885
0,3.4509008992911303
1,3.4599590428862763
1,3.4227859846190034
0,3.49170435725457
1,3.519432497776639
0,3.765593638667746
0,3.581277064393265
0,3.450997426492758
1,3.702312506906958
0,3.594312519448228
1,3.4709033454275864
0,3.5801272810855624
1,3.4399932177293064
1,3.6852759447577874
1,3.5377316056159147
0,3.4367071402838616
1,3.539002179073604
1,3.454952538299056
0,3.5072563309580786
0,3.5035039180203427
0,3.4576473748621592
1,3.4759351665049913
1,3.711185322103777
1,3.804573672368532
0,3.6834537945349384
1,3.4903304633399674
0,3.447203000479635
1,3.5060547949479086
0,3.4249637410513523
1,3.4816789423012464
0,3.725906016926593
0,3.571445969838958
1,3.4839517365294355
1,3.6171884065534146
1,3.4795280247232196
1,3.6008087682054586
1,3.5216060447595248
1,3.4998699907936666
0,3.7113489225610334
1,3.5805924738509556
1,3.422687983964712
1,3.487232075179117
1,3.6000769484866524
1,3.4796584645223567
0,3.372640857669077
1,3.4894114719603064
1,3.5945522972149275
1,3.4667793498095807
1,3.426773692780527
1,3.463205471169556
1,3.4534919641295847
1,3.5875222255792965
1,3.4176747111630195
1,3.4893961333333348
0,3.667459664557739
1,3.511025557142169
1,3.687977993823237
0,3.4723376557465184
0,3.5851685900482657
1,3.4718820874597744
1,3.5028349735441986
1,3.591418328197318
0,3.5133143289709037
1,3.728457656897466
1,3.797371120591489
0,3.637110319303259
0,3.5634050172637455
0,3.7042019018760395
0,3.5779115147362828
0,3.415482877423058
1,3.47810555385123
0,3.4219093890983436
0,3.436923997337963
0,3.7858667750976474
0,3.4818599541830846
1,3.510017003528408
0,3.6917106895352076
0,3.484020845392613
1,3.469429017550718
0,3.3854924965189954
1,3.6630394418397927
1,3.4844217937906694
1,3.6479865625947983
1,3.682592836594251
1,3.627288197213209
0,3.597476050458764
1,3.5857003835807038
1,3.62898043425661
0,3.466888064051296
0,3.5597646977612385
1,3.479947954786148
1,3.5051713088767453
1,3.482260624843855
1,3.413277366763036
0,3.640385774184154
0,3.4738403662662725
1,3.499753221287984
0,3.602926676066455
0,3.524934134500937
1,3.482175371657163
0,3.6581643099064047
1,3.4721525954381347
1,3.5113767812020447
0,3.953769726191787
0,3.432343855723617
1,3.483963559272437
0,3.6852987490549776
0,3.5935130162414306
1,3.462410039496668
0,3.6080730136892885
1,3.4179346463905844
1,3.43381738738529
1,3.5225641781805477
1,3.65733892074205
0,3.4176802662829915
0,3.642079168546495
0,3.3857890318686454
0,3.417938298238628
1,3.6450862819319365
1,3.4515451432651694
1,3.4943538064308677
0,3.52364731007152
1,3.4863597465642933
0,3.532777327607949
1,3.511859562619623
0,3.8034552942527267
1,3.546186087361802
1,3.451333144065812
1,3.434078177080398
1,3.5160893627312704
0,3.5992867932654957
0,3.4068692217919048
1,3.424727580816836
1,3.4461733917071244
1,3.5032649713776496
0,3.442366006407583
1,3.6348611616657847
0,3.49192074811338
0,3.3991241603744506
1,3.6792277291008877
1,3.4081814972573765
0,3.662335668626712
0,3.725146035324738
0,3.58255760595084
1,3.6074678348926223
0,3.4513049494409915
1,3.536624083048087
0,3.4289253566935476
1,3.7645544100256374
0,3.579495318698405
1,3.433806302328161
1,3.622201966006591
1,3.5126127156676947
1,3.4168716747221426
0,3.4731869735141947
1,3.5234398709187533
1,3.5173359752213402
1,3.724203261166609
0,3.5825166849130956
0,3.6233672691589742
1,3.5441810105318874
1,3.6655475549214875
1,3.4215184037100705
1,3.504853165393886
1,3.5030353438251787
1,3.6631335207990974
0,3.5233198836260065
0,3.494668480979647
1,3.4191978935890983
0,3.4857126792552213
0,3.5735185957091797
0,3.6093710072590532
1,3.5384971530217495
0,3.3990760728102907
1,3.5570092875328583
0,3.3794402297259105
1,3.486327256854341
0,3.656135361378536
1,3.681150225692053
1,3.491996767977355
0,3.6439358408519893
1,3.6569696349339584
1,3.4323734894420457
0,3.5983154853432566
0,3.709300309983255
0,3.5808883284098503
1,3.633501978552543
1,3.4787514771208414
1,3.7135884918569015
1,3.498170130130437
1,3.5450985742349217
1,3.4466127095559864
1,3.4913980998805787
0,3.5757591482777205
0,3.5266364392655936
1,3.6210922890454396
0,3.5673426306875977
1,3.4870707333367825
0,3.538383772110252
1,3.467136319904764
0,3.664850655009324
1,3.512595506606406
0,3.8313076757985156
0,3.6572928100938094
1,3.60582418789733
1,3.4154165005616584
1,3.7663639209306115
1,3.477591985860194
0,3.600234756782655
0,3.4866318067322495
1,3.4113455331342597
0,3.5795481944309357
0,3.5238951392115085
1,3.6460269390054543
0,3.5308693563047844
0,3.5174247668922076
0,3.466345338738782
1,3.4291069627613373
1,3.472898649557744
1,3.5594271084511204
0,3.8042106910018556
0,3.6975042949144585
1,3.4763520460672783
1,3.4187846972932388
1,3.604174704611992
1,3.485580333738814
0,3.4784544803230273
0,3.4249429542572853
0,3.7349924197678583
1,3.4136676227953076
0,3.4951318004221377
1,3.5278191030361308
0,3.5593958635108573
0,3.625577988237664
1,3.418575632644016
0,3.3861079383863695
0,3.435082789073799
0,3.552305296459819
1,3.516169407636396
1,3.436389590748706
1,3.6004274835778607
0,3.578142114188726
0,3.445640680185326
0,3.647237611154145
0,3.615671485169779
1,3.464851659087513
1,3.4835150897602447
1,3.626213889862529
0,3.540348632822948
1,3.5915020607041486
1,3.418175623408804
0,3.4339769640241924
1,3.487149736134463
0,3.3871124268904027
1,3.4515451432651694
0,3.38788811017009
0,3.5880881525608044
1,3.5105426828579187
1,3.4501187348904225
0,3.451674383488208
0,3.4964983225646398
0,3.611726540090635
0,3.592241761386345
0,3.4215920959067083
0,3.588338078464189
1,3.458130482903161
0,3.5573774973739765
0,3.547568348698286
0,3.5759204441836587
1,3.406721814188104
1,3.4922396320506497
0,3.670624869464145
0,3.4010382679782443
0,3.631171006140421
1,3.5088072683355556
1,3.4711843771112916
1,3.5054818516929016
1,3.8226042917521417
1,3.5131291892519596
0,3.430002095167196
1,3.546624501136743
1,3.5041729860435957
0,3.6773359504902188
0,3.4132904374199686
0,3.532384692554345
1,3.628223319062565
0,3.448082218225755
1,3.7021762411619474
1,3.436919169792496
1,3.418620859076664
1,3.420329441683235
0,3.6098679698197924
1,3.5101463681050635
1,3.541946818080039
0,3.5347273622603748
1,3.5701204844265706
1,3.4153371786434956
1,3.483785949311037
0,4.042958641868766
1,3.626604408307191
1,3.5114269250769197
1,3.616248528249514
1,3.7326928348970023
1,3.4224173264924076
0,3.5793616305999847
0,3.4800072087845146
0,3.4028915727233016
0,3.6393838968329044
1,3.575920136971975
1,3.494073445831888
1,3.413081272348595
0,3.545450471640881
0,3.3875938577086915
0,3.6950507338273884
0,3.5781800478268484
0,3.440689328310375
0,3.745976498480999
1,3.7197338013019228
1,3.46708654153957
1,3.465631223395764
1,3.5384971530217495
1,3.81652792668407
0,3.6099070897474457
0,3.582449719335353
1,3.6031331963343027
0,3.483630217242756
1,3.5909116390791853
0,3.442574889932497
0,3.40965489164184
0,3.3829628510945744
0,3.591739587448316
0,3.704615480787736
0,3.3973481925471876
1,3.4519586929682986
1,3.5777093432882063
1,3.485258388296808
0,3.491296951016365
0,3.601234218657379
0,3.5336076244506227
1,3.6266653559925164
1,3.4168354402287138
0,3.3810203565263266
0,3.865084236443635
1,3.533846235907255
1,3.4205577637416003
0,3.4844606604472164
1,3.558992839119533
0,3.5996274882305994
1,3.7426971851033266
0,3.5898592902226008
1,3.4495029007205655
0,3.461425857363407
0,3.426887516975835
1,3.4795925148769693
1,3.496617197435575
0,3.5993746644194746
1,3.509657006853318
1,3.4773299284112094
1,4.056666937323576
1,3.4914309797321685
0,3.5277479556937656
1,3.8340282219534454
1,3.4716712439324695
1,3.4606955557721193
0,3.4584061606039285
0,3.5976402368036124
1,3.64660111633635
1,3.478451950854645
1,3.490960799209954
0,3.4374718569284006
1,3.4881187726617986
0,3.4895067420323063
1,3.491245703289449
1,3.5875940584859687
1,3.5024453631088486
0,3.5668179965699793
1,3.443525036487664
1,3.5038727177599616
1,3.4544254425054066
1,3.4599974738760624
1,3.6064437802457876
0,3.4636777868943396
1,3.470818398222772
0,3.4607639224777675
0,3.553203025666375
0,3.434147558128967
1,3.661874796953412
1,3.483445973658486
0,3.5500018977397696
1,3.5277219119651777
1,3.492484697331886
0,3.4365231332754496
0,3.592441041931532
1,3.4382236421052093
0,3.626359382000404
1,3.451976918487161
1,3.4450363412452765
0,3.5713526373089417
0,3.463685570252183
0,3.380913843286194
1,3.8095283546823224
0,3.5569764058439874
0,3.4826437598903714
0,3.668206862692652
0,3.591933307905065
0,3.5039576095614575
1,3.499706634918542
0,3.4329319071276934
0,3.591002147525129
0,3.698802999606409
0,3.6630806193336194
0,3.6590099213668705
0,3.3969663348459607
0,3.530132683373119
1,3.4144063886531457
0,3.7253981385979107
0,3.463243075956789
0,3.5405661340579653
0,3.49149441809905
0,3.5149149376585522
1,3.6259667693861464
0,3.489273485635236
1,3.4705643741401198
1,3.48015521348092
1,3.408523289660603
1,3.425520848499351
1,3.5324121741677175
1,3.7851273338875817
1,3.718522423716452
0,3.8005284423553958
1,3.4515480212290557
1,3.48585611993352
0,3.6376968054626015
0,3.6283592280682115
1,3.4772663245179256
1,3.4972615454341502
1,3.510729130037789
1,3.523877142875528
0,3.39487506730955
0,3.449768432125581
0,3.4310151025568993
1,3.4221572207779567
0,3.642079168546495
1,3.6258508522836257
1,3.7571211376109934
0,3.5731748339174176
0,3.7980662417361524
0,3.6447814391470503
0,3.4175284440669143
1,3.639247726109199
1,3.4599761402517433
1,3.4827768394700285
0,3.4463416575020145
1,3.493949998082036
1,3.645866156841151
1,3.4831056584829367
1,3.543456547561959
0,3.731575085189521
1,3.588010806162636
1,3.6005059464819738
0,3.7854079165507177
1,3.7197150254977105
1,3.5627325929197062
1,3.4959167272074914
0,3.852925851440931
1,3.4681029593898094
1,3.482297455645334
1,3.43834684960305
0,3.39241767230936
0,3.6313790922713736
1,3.47951642553943
0,3.534753072648252
1,3.4256628429893565
1,3.9188307973051786
0,3.519387340828055
0,3.480815106310736
0,3.583161324244852
0,3.684085943556538
1,3.621888768653588
1,3.581305496700568
0,3.4266904076937266
1,3.630280140560242
0,3.5571672697893693
1,3.4548151885592477
1,3.667625684683602
1,3.6703218406587097
0,3.3949810148159254
1,3.483521146837816
0,3.820556097220589
0,3.4811571462740885
1,3.501413848861151
1,3.449130925348803
1,3.6133545105572042
0,3.4524918088544103
1,3.4538263888744027
0,3.7498103472831588
1,3.946188980959779
0,3.4782227003082604
1,3.482909726390707
1,3.5673812583254914
0,3.4000095984126335
0,3.5950433775463235
0,3.570377092224817
1,3.4285063034004923
0,3.4662557736315955
1,3.428679093254791
1,3.409992233204134
0,3.5890173287912894
1,3.4850601414759175
1,3.598587837587123
0,3.441324766825917
0,3.589809030185031
0,3.5708708891918497
0,3.579253339427221
1,3.4991845219198434
0,3.5595837971842617
1,3.7950149813056955
0,3.6580957860210264
0,3.699265748909171
0,3.3987646837493264
1,3.4646883627396696
0,3.4784160478443256
0,3.567201803871837
1,3.4207575164887114
1,3.626213889862529
1,3.4580583339370077
0,3.55899573675382
1,3.795007895729571
0,3.6356811842547634
1,3.9525634133557537
1,3.528108927552335
1,3.667409285714662
0,3.506964931666719
1,3.5680887446584313
0,3.5063180664460645
0,3.461438855717626
1,3.5360366643381758
1,3.464398531738866
0,3.3945450818897607
1,3.415287251958398
0,3.5968285879946755
0,3.577261415193125
0,3.6790451778251985
1,3.524402558933207
1,3.8034768234157097
1,3.5385478814361995
1,3.4533674788621203
0,3.4665283788564323
1,3.413304605227297
1,3.5102680006281592
1,3.63630301614582
1,3.4904401749276652
0,3.4516134368644766
1,3.5017139900694625
0,3.4278497099976115
1,3.4521591676216845
1,3.4877357233296284
1,3.6706128792332087
1,3.4991389059709284
1,3.4106561517677405
0,3.6743127700308893
0,3.597429572331535
0,3.5198277081585005
1,3.5306619789010747
0,3.4243951727752906
1,3.455563343966612
0,3.591118281828698
1,3.681670247836454
0,3.5180248031119037
0,3.3872071728132584
1,3.555279125627207
0,3.5788165809990575
1,3.615584877569559
1,3.488915950645413
0,3.4042399986289222
1,3.5346792636702147
1,3.4828396192310596
0,3.5278934760791105
0,3.5371442757783447
1,3.5164010767418077
1,3.437800350273452
1,3.472585654953076
0,3.683072419696864
0,3.414327188038675
1,3.4872796637740504
1,3.4888923488960164
0,3.441441766135069
1,3.598444964955921
0,3.4636117093832834
1,3.473684828067852
1,3.5883926773777977
0,3.3774070354501378
1,3.486707561490398
0,3.435391508992626
0,3.5651655082213876
1,3.5528792019230586
1,3.4753789698420348
0,3.591223439675012
0,3.521088260515352
0,3.516414351822339
0,3.646229875208272
1,3.559730293999354
1,3.5097058231819505
1,3.4154474115018107
1,3.7071612089444756
1,3.4087571219776707
1,3.42158489478211
0,3.4936534843183416
1,3.5283157536125573
1,3.4773548738116693
0,3.446331908299576
1,3.565587545814098
0,3.5840259742159266
1,3.765545458122067
0,3.5100082801339294
0,3.575056018055345
1,3.5998124261829663
0,3.5992018173031046
0,3.5001507474069036
1,3.5228300111906443
0,3.472687164278234
1,3.5021467498453522
0,3.5767573921619804
1,3.495094278227184
1,3.417817757233011
0,3.568448358448125
0,3.706964573865605
1,3.42341407679391
0,3.729518189156111
0,3.576208570136801
1,3.4745738332376352
1,3.500299310786052
1,3.5155994254461076
0,3.577085940104743
1,3.504073519172681
0,3.4621182751630926
0,3.4605005916503635
0,3.591208570936983
0,4.044972490837701
0,3.577551448351458
1,3.4273807844763353
0,3.6324955142169704
1,3.4472265808565967
1,3.5458469843268845
1,3.6002416755916467
1,3.4803446069471495
1,3.5695571206012455
1,3.4853681925575266
0,3.679391000901915
1,3.4629412072299113
1,3.5139814157555205
1,3.7126565351453182
1,3.501507884875322
0,3.561030038817646
1,3.4800258273878404
1,3.5975908543415858
1,3.4205039193257254
0,3.5636915856940394
0,3.762559846084276
0,3.5900378597530116
1,3.6371134299761647
0,3.5684781641613785
0,3.6194645668478986
1,3.856251437466949
1,3.472553451846038
1,3.4217366330548713
1,3.5306476243552605
1,3.6755710652725466
1,3.621790803494886
0,3.4216743048821905
0,3.446188704959204
1,3.4340250503117846
1,3.4524808287944384
1,3.446362890497891
0,3.5970789173161726
1,3.474232924350893
1,3.5069568543709
1,3.5967101632758838
0,3.609641091919319
0,3.412676671141145
0,3.5953096774944857
1,3.6894895780434434
1,3.5045653826130203
1,3.6085904760189256
0,3.514869115170882
1,3.6348260441543
0,3.407796134062528
1,3.7272672374047557
0,3.532820299493183
1,3.4801314756381894
1,3.639264643324639
0,3.4928212425399474
1,3.5054426734966517
0,3.38357210498256
0,3.4123831365534083
1,3.418461734257445
0,3.5963184830743065
1,3.5458279462040347
1,3.4613138778162886
0,3.563275762312555
1,3.4195639079928224
1,3.4555778229433387
1,3.4868900724652994
1,3.5809751008831845
1,3.4633300642439147
1,3.5232776614731662
0,3.5621661243513487
0,3.4116646441984537
0,3.534024694527793
1,3.4723100054786857
0,3.5107414282713436
1,3.4827768394700285
1,3.4343884369523168
1,3.441319193365892
1,3.4856042300088315
0,3.5292890601517617
1,3.4736444933021375
0,3.4510106088859356
1,3.5978061760522797
0,3.5927618230938547
1,3.416204925832164
1,3.4140378305315715
1,3.5878776693237646
1,3.483521146837816
1,3.4372342028369225
1,3.455741961134605
0,3.477741627526592
1,3.4142812062512746
1,3.415415087710527
1,3.5301687965704387
0,3.6093568889976506
0,3.5998752112081682
1,3.9233361406545026
0,3.7672708627420097
1,3.4432189310504486
0,3.4397553405514083
1,3.4244324197668403
0,3.5678764013033684
0,3.615995896726295
0,3.4799700985556643
0,3.573991420852893
1,3.5394998111560567
1,3.4891620695630228
1,3.4154005891798374
1,3.5068339923142573
0,3.531379701965089
1,3.4493832142755094
1,3.8193042544820646
0,3.6182981122379445
0,3.6576357413936074
1,3.543360918324797
1,3.7512441733843787
1,3.4263516834428
0,3.448150078171646
0,3.4631809113466256
0,3.652200577671523
1,3.449006844916491
1,3.444895182804097
0,3.4428972225260055
0,3.489989649603729
0,3.4539203162120184
0,3.454793922360768
0,3.56782813453738
1,3.4622267272671254
1,3.5891770188633347
1,3.6487512235988464
1,3.464016144239658
0,3.452219411145299
0,3.4906050432453344
0,3.7143069139949145
1,3.6085380228502735
1,3.469413378898692
1,3.606939746175604
1,3.604825379529456
0,3.5054377409686537
1,3.7572052314204623
1,3.6142894644681016
1,3.4433564831214767
0,3.588391606210268
0,3.4106995930178687
0,3.561553837373296
1,3.441626204317157
1,3.5101959128171383
0,3.5127246151714298
1,3.4197901027089843
0,3.389450813277013
0,3.656148644328285
1,3.5069821848564073
1,3.4692309447042025
1,3.6646360841086247
0,3.56836506034409
0,3.7645047470406414
0,3.445396055027781
1,3.626963048591363
1,3.495471469057794
1,3.808020947729495
0,3.6981712082043727
0,3.3817634820005273
0,3.539023385384798
0,3.438665098341598
1,3.499348894572263
1,3.459576628618821
0,3.4829255456787602
1,3.4259742650644807
0,3.583020445834532
1,3.4170529391668607
0,3.5199357083607365
0,3.6230362509648537
1,3.5367141679507856
1,3.800141550785776
1,3.4221724347624196
1,3.417867408220426
1,3.4453923583172337
1,3.466692520993392
1,3.437875678972014
0,3.6011719788308407
0,3.499833757708732
1,3.4836745731857484
1,3.487232075179117
1,3.939044583558012
1,3.4767615575689343
1,3.6548959061586874
1,3.487331731015223
0,3.422302247793424
0,3.433521636073723
0,3.494291493842025
0,3.515195890605318
0,3.475223617470751
0,3.6122668002028027
0,3.5766967190468124
1,3.4174455621640916
1,3.4529376852914817
0,3.639703554277952
0,3.607583050454906
0,3.5715309117956866
1,3.6676782205455973
1,3.49621268502817
1,3.5166562070392833
0,3.4898683505498447
1,3.4228668529074677
1,3.496505543985105
0,3.587285255212923
1,3.41908055998434
1,3.474826648125187
1,3.470324476185895
1,3.4459110581969945
0,3.5703044870259513
1,3.5377415124319684
0,3.6383004206223113
1,3.5013106856207985
0,3.402198501601737
0,3.444163616464547
1,3.472782688375399
0,3.550338622321341
0,3.4341490270577975
0,3.575094515885958
0,3.574905928546663
1,3.7784795919496883
1,3.464613975179497
1,4.084657388833273
1,3.580270702829476
1,3.557507944413928
0,3.4372935075167703
0,3.858525739010461
1,3.5041486544577367
1,3.4596343976733737
0,3.4551827231667316
1,3.477034646365876
1,3.4150728686626985
0,3.549144841574879
0,3.573660165981187
1,3.579916801121134
1,3.497414374717109
0,3.5791438081819615
1,3.4749197979790676
1,3.465924956436017
0,3.4194879308843467
0,3.5701926428595048
0,3.409422620239891
0,3.5535713535124285
1,3.5389733482834433
1,3.4782489213516556
1,3.598650950672567
0,3.4530803794506655
1,3.439987786588563
0,3.564994622699831
0,3.5988571792057247
0,3.4272092044218687
1,3.8294627400670245
0,3.3993391547827745
0,3.5608438590449225
0,3.468542680453035
1,3.5453253163499987
1,3.4150489442561924
0,3.4895121129787756
0,3.387239986385602
0,3.489700451007405
0,3.529439877088864
1,3.4580804164720393
0,3.38941252846823
0,3.6947580318848443
1,3.54731539863985
1,3.593635440218659
0,3.385126796113218
0,3.451457584568547
1,3.863574127228923
1,3.770133574574897
1,3.5600294066711635
0,3.6390903924845843
1,3.5165567827900266
1,3.495719868594176
0,3.4103722885621406
1,3.792731033643216
0,3.584962119170459
0,3.606454080088994
0,3.6730951803286858
0,3.3937354489003115
1,3.465016699781136
1,3.46817766526232
1,3.4548412781979128
1,3.4708020806710738
1,3.5552154599571275
1,3.934180904695723
0,3.4189793943339546
1,3.470581484098084
0,3.5303836789947116
0,3.4316076958556074
1,3.4964278926683887
0,3.502118044213632
0,3.5935082810474555
1,3.5679563017636036
1,3.471252518326259
0,3.757357465115077
1,3.4122460484076034
0,3.4428982798292918
0,3.65658317539088
1,3.6279793802917166
0,3.5932767402919623
0,3.5630073763314964
0,3.5798780789915003
0,3.472750454455592
1,3.444711845219539
1,3.516928570643303
0,3.7195521201524864
1,3.5941977319802967
0,3.5962248950135627
1,3.4478150655240904
1,3.515428681339439
0,3.611694818265319
0,3.4892671932919885
1,3.4791567747955097
1,3.623527656067585
0,3.707429819013075
1,3.5080218537475494
0,3.6194861396301587
0,3.5514000019842284
1,3.4745738332376352
1,3.9100522166027685
1,3.516618136679877
1,3.41460175816854
1,3.466950555541796
1,3.436096108611528
1,3.4547124255267376
1,3.4742785224546613
1,3.4173052292315993
1,3.548577832238459
1,3.7171990213462607
0,3.5432238501023816
1,3.6187844111909424
1,3.480151584346132
1,3.6078158650360606
1,3.674425016673387
0,3.7006860899937437
1,3.4948043827626454
1,3.448469427740611
0,3.414984328272411
0,3.6086254630724786
0,3.7005085807069764
1,3.5423836181882535
1,3.460796045450851
0,3.4615826317098994
0,3.4459116185651912
1,3.427000155640378
1,3.467799294427159
0,3.6182981122379445
1,3.4499377908060387
1,3.5673339710155765
1,3.4223061988494625
1,3.606966447784398
1,3.4212760080774633
0,3.5820382130084463
0,3.5659546345093833
0,3.4426792071154355
0,3.439245133576605
0,3.5312168461682525
1,3.4990965833024172
0,3.547157449703583
1,3.422724828340659
1,3.485078122483046
1,3.727835680644613
1,3.5969403490415375
0,3.7415735123348752
0,4.059852734819318
0,3.4702359214089475
0,3.7120130776231144
1,3.5212598339761767
0,3.564157705449978
0,3.4134904445148906
0,3.4505636555858095
0,3.372600070331646
1,3.420904602261948
0,3.6363479661188403
1,3.508788219976054
1,3.5875860033639757
0,3.4071653911358966
0,3.455663677011318
1,3.551029777997285
1,3.61195823739923
1,3.4124539593184187
0,3.4018620098444576
0,3.551066202127214
0,3.538941375354519
0,3.5947432097012637
1,3.485733713112661
0,3.5741252565723203
1,3.4224173264924076
0,3.4161019687679377
1,3.67174264673197
1,3.4873637195179645
0,3.5792669153960692
1,3.4186769652555573
1,3.464458437960365
1,3.4658172116879378
0,3.5122580791509477
0,3.465403170644402
1,3.589938630469354
0,3.5981631451756164
0,3.4582396376197426
1,3.479828160489555
1,3.431794010254518
0,3.579633703048164
0,3.4394748113574263
1,3.4713836728284186
1,3.4237325426046468
0,3.575380440325536
1,3.565977870742295
1,3.5987391124713293
1,3.42143227409036
1,3.587397736633498
1,3.5041922590096566
0,3.4223984147518447
0,3.394715469916083
0,3.6808706473102064
1,3.6145284866479734
0,3.388419665061401
1,3.5007031448320696
1,3.4844023648046365
1,3.872224479160588
1,3.471492888613193
1,3.4539928324627773
1,3.723292862994134
0,3.382453393608623
0,3.465206685197019
1,3.560124468767423
1,3.4787051428282676
1,3.4630297074649077
0,3.3794819880942586
0,3.5589426011448566
0,3.465308873960082
1,3.61316683796178
0,3.5931434047671
0,3.50649545862245
0,3.384596906771882
1,3.4195422874767836
0,3.4053790759436677
0,3.4715000857070115
1,3.410365795754458
1,3.460094448598312
1,3.4818582288344184
1,3.494825290920909
1,3.4931492409819738
0,3.525307376124461
1,3.595087194087193
1,3.6323496570848364
1,3.6631025295692092
1,3.4806607140662735
0,3.575669646790724
0,3.408401833605451
0,3.603486258148033
1,3.579895772232958
1,3.4637836837793796
1,3.4493810273049164
0,3.632550673078733
1,3.5916414303046644
0,3.6332838496641946
1,3.4421626820961246
0,3.5551120729503216
1,3.538463848703008
0,3.5237374357501983
0,3.4470614699226076
1,3.4747122699571866
0,3.4285880832307702
1,3.4870171845498716
1,3.596260021855545
1,3.6622646877161142
1,3.4898232432068688
0,3.6693322833975164
1,3.6545858263338764
0,3.5299985004394427
1,3.478300471293836
0,3.821850588703468
1,3.4714522998590587
1,3.5761321830577573
1,3.4093458906803624
1,3.418824648676468
1,3.514491668694279
0,3.6075631899194414
1,3.52855723419983
0,3.6368592859441735
1,3.460064082542004
1,3.454892960668732
0,3.8940858091317394
1,3.519664485527707
1,3.4594989083770145
0,3.4393053292214284
1,3.9510027983177594
1,3.5751674763092063
1,3.5346271056990264
1,3.4152249004272908
0,3.6973668662436174
0,3.441420265708337
1,3.4215786302691003
1,3.6631025295692092
0,3.6113040963746874
1,3.4852000010264392
1,3.417493304408115
1,3.6131096310244044
0,3.4514351570799633
1,3.494194511051092
1,3.59065166728128
0,3.453138943851778
0,3.403417286950905
1,3.647112234402797
1,3.4441846915662455
0,3.465900590692785
1,3.418218588476066
1,3.5050060308162023
1,3.596870597098778
0,3.4852455196529037
0,3.4972560201262124
1,3.4764005170683134
0,3.4923395880463177
1,3.8651779386424114
1,3.946188980959779
0,3.3867759114720792
0,3.589778294675065
1,3.4800512669934927
0,3.4588040698023144
1,3.7078058390807427
0,3.7022534896758184
0,3.3948279524773697
1,3.7129793192846616
1,3.644664190688786
0,3.4415140280607313
1,3.5707911496890987
1,3.7825806370629698
1,3.4283803286135366
1,3.502998968664589
1,3.546272971231946
1,3.6208599565093365
0,3.506566981484129
1,3.5967028262169167
1,3.448801636551974
1,3.598101632849366
1,3.4688859039054907
1,3.4590699907687923
1,3.5704062133448993
0,3.705229726491502
0,3.5821100998643187
0,3.402015136729365
1,3.5330310951777393
0,3.567294780682694
0,3.45626957047834
0,3.672632147606335
1,3.7232301642797094
0,3.57621291077327
1,3.4732182455434986
1,3.5488203691603415
1,3.4753084208102187
1,3.4893106584072116
1,3.5090992944165933
0,3.791304282446659
1,3.5026763439596063
0,3.518279463109051
0,3.430881785050914
1,3.4640243806778064
0,3.4215691282920115
0,3.540877436845545
1,3.4234907623823836
1,3.772478267442707
1,3.5812068235890435
0,3.443765399230231
0,3.546214904620719
1,3.4224173264924076
0,3.3935359394173843
0,3.634712128982245
1,3.4886293752720214
0,3.5601828060096348
1,3.4797614407155733
0,3.456045872115632
0,3.582701214790462
1,3.572071364360214
1,3.548713182344687
0,3.3976328840679337
0,3.411903870049735
0,3.7058644661582067
1,3.461025885302455
1,3.4187759965903615
1,3.6909080003325427
1,3.764247929348027
0,3.5701287452142356
0,3.588215273764964
0,3.4726556628945127
1,3.461959467007727
1,3.491266627058729
0,3.526545225398637
0,3.4766538788277344
0,3.4521522126453204
0,3.412961027868178
1,3.6366173611094617
1,3.5216739305701372
1,3.850595830446236
1,3.4379008170893446
0,3.448296670969552
0,3.438263862296997
1,3.410715561597835
0,3.4794167832412777
1,3.5036332773325136
1,3.625156204682981
1,3.6074657559250474
0,3.38725030157406
0,3.591050110564817
0,3.581449022917942
1,3.5493862491421018
0,3.3983769815475986
0,3.5783051274471216
1,3.51537736529657
0,3.5888698791601428
0,3.6064351322090795
0,3.6723585698402803
1,3.569171582697681
1,3.528096406501027
1,3.5246911155623297
1,3.576970911634562
1,3.513536970855171
1,3.465983802428931
0,3.695407187159905
0,3.4702740731993877
1,3.4562525233146504
1,3.4888052202540134
1,3.4202264633431363
0,3.612961723104105
1,3.5629087470598417
0,3.4179713930709505
0,3.506317585416245
1,3.575490522798237
0,3.3912020985111813
0,3.5701848165632906
1,3.4896287240695005
0,3.5788565084522457
1,3.4300977543482323
1,3.551169865364694
1,3.4191978935890983
1,3.524084440629397
0,3.579486949277182
1,3.435795300409044
1,3.4444692125196954
0,3.5765159805726325
0,3.5826042156651834
1,3.679348945858261
1,3.4333442576111466
1,3.693678792116836
0,3.4440993832581555
0,3.579240878949403
1,3.5533523812611105
1,3.474162439483804
1,3.4973655809900657
0,3.550773834904267
1,3.522479984704578
1,3.4603436829667067
1,3.57964883003391
1,3.427627777615642
0,3.4306145071251146
1,3.4579179799674296
0,3.5921077084896793
0,3.413526351335753
0,3.422727333440672
0,3.7201988155464782
0,3.5795167658305758
0,3.454960741940066
1,3.471958269440084
0,3.5697873449487596
0,3.5711746451493167
1,3.4867217662843744
0,3.547686094467388
0,3.6786387003051573
0,3.7555759617868096
1,3.419658481577405
1,3.488948268796799
1,3.485564715667705
0,3.6201462800093047
0,3.7445111473402366
1,3.452191797436434
1,3.5993322528919074
0,3.458285000942182
0,3.522436850912918
0,3.6026916550364936
1,3.4821137366338193
0,3.467750729221126
0,3.572060534280836
1,3.6905511320106945
1,3.469357986131177
1,3.603384938610096
0,3.5513141065208758
0,3.7020352445166895
0,3.4343086777781737
0,3.5778277136377548
0,3.39334658795844
0,3.5799080817498616
1,3.51832583779662
1,3.7708728828716556
1,3.524504480229942
0,3.695574829383991
1,3.633566935968326
1,3.424731488601808
0,3.77863878622121
1,3.485938959727015
0,3.4120001033340404
1,3.4694157867696758
0,3.46137572235147
1,3.4850985675681803
0,3.5786361546034
1,3.449983246387472
1,3.4473793747677743
1,4.021037939746874
0,3.6843036918428207
1,3.485879615139027
1,3.478833236008491
0,3.606089627923495
1,3.4955061124190574
0,3.7353119535990382
0,3.486488129093735
0,3.529547461504831
1,3.6278888596804495
0,3.4161530614889015
0,3.490767215521527
1,3.4590254700280094
0,3.5652201095265608
0,3.584270569487909
1,3.4254217410676726
1,3.4751914740447947
0,3.4467553464652583
1,3.4153645078828707
0,3.44915288504452
1,3.435149464786226
0,3.4931690188139672
1,3.5933507802249554
1,3.445096621660704
0,3.4855798887716576
0,3.572378511880598
0,3.4058100434644683
1,3.4579108948709085
0,3.431659426412677
0,3.5243955671177147
1,3.683444853380863
1,3.4412521725543073
0,3.3896304761164058
0,3.611787001212727
0,3.4623451883115424
1,3.4973268031087787
0,3.3923277454937124
1,3.516885248541702
0,3.5413985103886327
0,3.5801794745115436
0,3.6115353459348154
1,3.4672308432324517
0,3.62581794593934
1,3.616103579942429
1,3.5399383143056244
1,3.4610248544804354
0,3.51836091111398
1,3.445885402944602
0,3.5441849029919235
0,3.425429778956349
0,3.4544505989170498
0,3.5661497364538794
1,3.4544747172618218
1,3.452345769813178
1,3.4461778929552276
1,3.4660216139882607
1,3.52264145399032
1,3.5382608883422457
1,3.485580333738814
1,3.4412674816234508
0,3.4343717620864487
1,3.611272296930928
1,3.4449563898310442
1,3.4270787849684257
1,3.5100790825947787
0,3.465981829210456
1,3.7108557920480374
0,3.480032123064817
1,3.462811068841658
1,3.4923683545308846
1,3.4651800266554313
0,3.5269985852329557
0,3.6803031739014784
1,3.6417287791975035
0,3.3904714797568682
0,3.530562529917708
1,3.46952986353357
1,3.591218033268451
1,3.5104390020449183
1,3.628872222726966
0,3.5964326369268376
0,3.581848019293811
1,3.46359928818225
0,3.427257775459462
1,3.458129793921892
1,3.6683580469565027
1,3.5713983973871404
1,3.613069808489568
1,3.485221751894244
0,3.9008559931491273
0,3.4172221449733944
1,3.509635905817568
1,3.4417976956742957
1,3.513720872468779
1,3.5224723246464653
0,3.5982982807052353
0,3.5816065517004616
1,3.644150510325247
0,3.4292480140591746
0,3.431466545298146
0,3.572948274760304
1,3.5012338501227127
1,3.4679587476558758
1,3.7197150254977105
1,3.4663346955499033
0,3.5625746695501768
1,3.4938451153982744
0,3.628710395583152
1,3.476233946956335
0,3.5816351828146593
0,3.385854250140783
1,3.5512232699933945
1,3.5657421483063687
0,3.5667283552635483
0,3.4984974547841015
1,3.6124486542084377
0,3.576250845274708
0,3.698851873565394
1,3.473940162228958
0,3.4284239917034123
0,3.4802559199298817
1,3.4551834069688585
1,3.6736377410358276
0,3.4769398393303534
1,3.4775539833860876
0,3.6876117556574246
1,3.4178929623021714
0,3.532364417242262
1,3.482604877619531
0,3.431193042815682
0,3.5783424029950055
1,3.4793369322738523
0,3.56892233357392
1,3.623128558222498
1,3.8317296037792987
1,3.5847370849747637
0,3.688122245449689
1,3.599073829242881
1,3.4664951887670976
0,3.408679719586151
1,3.5484161925981126
0,3.485240528947305
1,3.5162780421346307
0,3.5872143129187033
1,3.5540192739426986
1,3.6293567171302747
0,3.503867968693854
1,3.417209508720722
1,3.507321309142932
0,3.5367804259992766
1,3.4087118100161695
1,3.461113853466618
0,3.598953856312281
0,3.4213834545686566
0,3.488844024272851
1,3.418899512087921
1,3.682483197243247
0,3.5090251119681626
0,3.5425334173569913
0,3.428502559538882
1,3.500885093884437
0,3.4190445967734195
0,3.437151991484669
1,3.4507004971773383
0,3.449517473625014
0,3.6637279064060833
0,3.5780823311906307
1,3.4512290216435506
0,3.8148709761481716
1,3.6183175213890757
1,3.4515605426319165
0,3.6094507267306146
1,3.4953536901186446
1,3.4377136393951497
1,3.673504683233306
1,3.6040598754904525
0,3.851979343386503
1,3.4699009927475917
1,3.469630162412008
1,3.4148403918804413
1,3.4634302897958804
1,3.450066170701826
0,3.4142647250973326
1,3.499238473817926
0,3.535515243837815
0,3.4365318308532777
1,3.8725391734790042
0,3.5257332904602174
1,3.607295989746964
0,3.658480279426201
1,3.813080859424238
0,3.4163942770545352
1,3.4339605481366564
1,3.7571211376109934
0,3.57719302663296
1,3.463076061821235
1,3.5173492323735256
1,3.419855429173957
1,3.5412183897683343
1,3.497790023534947
0,3.430710150655421
1,3.4513010593404756
0,3.5260706914142155
1,3.4680749044906047
1,3.5198312131004736
1,3.520908091172841
0,3.4070757787558703
0,3.445714812516
1,3.6025001950125133
0,3.4000114022434973
1,3.4696936785998354
0,3.691513475851832
0,3.5092843618438465
0,3.3894096470829798
1,3.4477758172886777
1,3.5546448542798657
0,3.521575503934497
1,3.509730277643042
1,3.5302373937048577
0,3.5706443687948592
0,3.5594759063780548
1,3.5384116725276673
0,3.4162937315261255
1,3.544596345912202
1,3.535055693065302
0,3.425624818886212
0,3.4850762749716884
1,3.6271726708907233
1,3.4126219569547223
0,3.4842421280777085
0,3.4100139272886314
1,3.4614242916349047
0,3.628759263763976
1,3.5015547643074676
1,3.5195058782492277
1,3.641346721044798
1,3.455086646477709
1,3.49592563366965
0,3.425816259497801
0,3.670420552045225
1,3.518232217998647
1,3.542849951044096
0,3.4873989293880547
1,3.467104678879577
0,3.619752088143892
1,3.4478364175736775
1,3.8868030090588523
1,3.5693582669270274
1,3.4881538703819572
1,3.517287224672958
1,3.4938428671249544
0,3.43807315909951
0,3.475642055788775
0,3.551774446484841
1,3.535055693065302
0,3.4257460397183315
1,3.6088934294042616
1,3.4248062953741494
1,3.4508973148877047
0,3.431083328110331
0,3.40745376086069
1,3.471653625964491
0,3.6872906076267986
1,3.448801636551974
1,3.4634268690548584
0,3.593273823670014
0,3.6072225768306807
1,3.607940678688938
0,3.638230654666103
0,3.560585996694287
0,3.444435353527839
0,3.5186653397029386
1,3.6305420936490496
1,3.449864820541632
1,3.4168311203044146
1,3.6778287765439646
0,3.581900115163801
0,3.635061520075726
1,3.487482288616555
0,3.569824716900768
0,3.59054454780369
0,3.4815038632528226
1,3.7554441652812613
0,3.5791123727165264
0,3.576349565118368
1,3.6110902121491026
0,3.571130723538096
1,3.46257860110561
1,3.4600521490057434
1,3.5024660269174523
1,3.4883474218099515
1,3.5881436175519643
1,3.41420668244402
1,3.5992128656741653
1,3.5129099394948424
0,3.6036257635749833
0,3.42390357006147
1,3.5008151608028535
1,3.422412641574465
1,3.4732244225524465
1,3.4919319252428704
1,3.5035274302767627
1,3.4553048377796687
1,3.4447892260591044
1,3.5262757748949984
1,3.536093267663939
1,3.4597645217225863
1,3.5745903873911113
1,3.78725384725418
0,3.5621042833307106
1,3.7218434675681737
1,3.4154786838674815
1,3.591218033268451
0,3.5710558156152907
0,3.5735927540479366
0,3.4017226221389514
1,3.6562338731857285
1,3.411843252636685
1,3.4891470881571527
0,3.6514765032306165
1,3.6412374803160907
1,3.476635501071729
1,3.428783270519358
0,3.599078337401906
1,3.477265767473635
0,3.528936401017787
1,3.479692838534946
1,3.5448242932787033
0,3.6056456671281514
1,3.4155888957704987
1,3.593181372654434
1,3.491593651160508
0,3.7431573186104066
0,3.52825742671287
1,3.742627204455795
1,3.4562198940687185
1,3.505773471385263
1,3.693623152745094
1,3.527227683525592
0,3.3855834711440678
0,3.4804771242824777
0,3.385873504944742
0,3.660446004740333
1,3.5768416789088016
1,3.666436111150085
1,3.495535617891721
0,3.5907794121948986
1,3.4108219755319205
1,3.69396250165876
0,3.3805542747866615
1,3.4196752085664297
1,3.4775935409738277
1,3.487014905976261
1,3.4851740912727425
0,3.7669546973725465
1,3.442132301068784
0,3.445033418001436
0,3.6206525620352448
0,3.4383029059349046
0,3.55851723922485
0,3.599709715419226
1,3.424156754321551
0,3.690211843000497
0,3.586644287635008
0,3.531205857832188
0,3.573475147841921
1,3.6305356230300094
1,3.4989696931133634
1,3.430183781431558
1,3.424117336914254
1,3.495979821391822
0,3.4485353188190304
0,3.5516586724718953
1,3.6523602260915995
0,3.4885048145156743
0,3.6053873958074294
0,3.4569876308613927
0,3.4892704613760794
0,3.5080507068494478
0,3.5847007042939487
0,3.4399497708021243
0,3.536324457693774
0,3.4194839319261203
0,3.5975414201050264
1,3.541040021866656
0,3.467240092098714
1,3.5161027711112394
1,3.6043097163860547
0,3.5864253226929064
0,3.411580615200876
0,3.4377236841293564
0,3.640634649073621
0,3.6627428825334274
0,3.3954672638115797
0,3.5596261143107792
1,3.4567422058412482
0,3.4169342449455278
1,3.548837718648622
0,3.4331633676166513
1,3.4751598791040004
0,3.6906216118764466
1,3.5307763140292217
1,3.409939988549016
1,3.8643208110118596
1,3.483148966856422
1,3.4478364175736775
1,3.4133843966813675
1,3.552552217999204
1,3.9046973926047204
1,3.4266454606217196
1,3.459916251281386
0,3.5911455740591456
0,3.686135032491281
1,3.464602190133844
1,3.5713983973871404
0,3.6185515465682334
1,3.651377088116967
0,3.5794212674967962
1,3.5997625826413424
1,3.4309038563977294
0,3.725917414939685
1,3.429058733370717
0,3.3924200838040965
0,3.664370073140874
0,3.502160194071524
0,3.4575551261049657
1,3.48160583012911
0,3.6351075704818223
1,3.433865141799539
0,3.3845864066823244
0,3.400768170057758
1,3.5719265213035887
1,3.6241194530065655
1,3.445624863208034
0,3.435567848980754
0,3.438557387159949
1,3.487192976175471
0,3.5332588414741566
1,3.598488965148048
0,3.5521225352668746
1,3.461094706413752
0,3.5557094211116946
0,3.686376757816926
0,3.417787427013769
0,3.3909673914770684
1,3.460007679349204
1,3.488948268796799
1,3.4888589681264537
0,3.4334168976069726
0,3.578644273831668
1,3.421080266272994
0,3.584786624221335
1,3.4310543689435424
1,3.552314437053836
0,3.44771150330182
0,3.6232397380525208
1,3.5766885850737253
1,3.5848329969744728
1,3.424405088249731
1,3.47650154674461
1,3.4781007716463104
1,3.4590699907687923
1,3.4236360199707194
0,3.7297209352838308
0,3.4362510872376015
1,3.582462135125109
1,3.617568421853214
1,3.4327113506124793
1,4.004530228563088
1,3.4448939510432983
0,3.4597752652070124
1,3.4889866989024
1,3.5835596314264544
0,3.562453508733567
0,3.3937679614267733
0,3.4150045770234874
0,3.540459690863337
0,3.707994268299604
1,3.5418228278861634
0,3.833900279721702
0,3.491045842522069
0,3.4053864070013486
0,3.467423545286416
1,3.68357067405584
0,3.427860324350512
0,3.418141681445376
0,3.6529069193583545
1,3.60603168019595
1,3.462587208249234
1,3.431041657030155
0,3.387446750359659
1,3.5019205519999286
1,3.444116335304227
1,3.4196604826345753
1,3.595637251916238
1,3.434078177080398
0,3.400114447851082
1,3.6031083435169085
1,3.5837737894406843
0,3.43546251531511
0,3.612981413780671
0,3.7627956072564963
1,3.5048088629083334
0,3.4815795351843293
1,3.5917131721266196
1,3.6116976478698883
0,3.685456280106087
0,3.5401506657778543
0,3.741862822963246
0,3.5027342653877156
1,3.4233296057954763
0,3.576605763891095
0,3.4180592182144878
0,3.4910751367848687
1,3.631280903043991
1,3.6272274562301003
1,3.480014551989678
0,3.5844395130277826
0,3.4905076829241657
1,3.4148403918804413
0,3.5333953134816234
1,3.425760054235495
0,3.417925048596394
0,3.607255184731181
0,3.3933098701051407
0,3.4426956240561033
1,3.5129135253663213
1,3.484262420587199
1,3.4237052471595173
1,3.4913520447833015
0,3.481345346263615
0,3.5758035419238365
0,3.5247314491552957
0,3.515997704053492
1,3.4669872465256426
1,3.767250468612909
0,3.5743396079333705
1,3.4385960619529685
0,3.521571746168022
1,3.677352225272619
1,3.952314308133491
0,3.4678080786954095
1,3.54608480048665
0,3.419319788721242
1,3.4772663245179256
1,3.4919813973696923
0,3.5521678095855727
0,3.439478894239072
0,3.547973512972361
0,3.5977041585608283
0,3.389521192494553
1,3.6584479733863278
1,3.419102270314714
1,3.484831282303763
1,3.6018194804417987
1,3.482693157418474
1,3.455481901194441
1,3.489019978418377
1,3.548065857763939
1,3.481043093089837
0,3.5784937527695266
1,3.4225418999602972
0,3.42616730166147
1,3.489164904164586
1,3.4879992139920315
1,3.454836053571998
0,3.6622809691637745
0,3.727626986716015
1,3.466773273175396
1,3.867161268558745
1,3.468012928442561
1,3.4628983121859718
1,3.595992165715447
1,3.511006914097657
1,3.459634128781997
0,3.494102178127339
1,3.428519970061724
0,3.480313919204564
0,3.6908753868800535
1,3.4200572508057796
0,3.6043499933230034
1,3.6193580693125433
0,3.5004668690611855
1,3.4669805695517653
0,3.595160516227209
0,3.4785735164106475
1,3.4767435435166796
0,3.5693730591674844
0,3.4414877392598866
1,3.499475373103553
1,3.509418804687991
1,3.478859125423013
1,3.4474568386524296
1,3.6493794168182245
1,3.6631025295692092
1,3.6613219197089184
0,3.498752272001704
1,3.4868667534836324
1,3.496366378366166
0,3.4276854707982114
0,3.443191630684484
1,3.6342709834695257
1,3.5053797381418823
0,3.4004301628938807
1,3.5085705131595324
1,3.659466785162163
0,3.579531466679233
1,3.41710627681196
0,3.613765849672341
1,3.435726988104264
0,3.578950852921318
0,3.5026904872721207
0,3.41747883781532
0,3.497634178120939
0,3.585657419997412
1,3.4542273094545832
1,3.5811895654569574
1,3.5282733839796654
1,3.509982568400858
0,3.5436431815032186
1,3.5502256795307643
0,3.542096585358129
1,3.418559978143496
0,3.696339592944275
0,3.3990568826044556
0,3.4253516539396873
0,3.526305927293354
1,3.4945120775104574
1,3.700174977353764
0,3.4174866334577754
1,3.463220207001459
0,3.9463004430830684
1,3.545856135167743
0,3.6667404153493277
1,3.9357455047389656
1,3.642039729089108
0,3.394637056842518
1,3.420723363773915
1,3.6412729977025857
1,3.6658999818499454
0,3.503807656904542
0,3.5054702634981547
1,3.472946152196122
1,3.495554948674133
0,3.6081938030497263
0,3.5879984512927168
1,3.5647706253011817
1,3.4507096754285778
1,3.4790893307231228
1,3.4733221185923804
0,3.4524918088544103
1,3.482243409388989
1,3.420782540503587
0,3.6850499865772908
0,3.43763442014938
0,3.3870890737852326
0,3.6067713899896288
1,3.4543873141223154
1,3.7197150254977105
1,3.708812846721795
0,3.3976099389643144
0,3.423603624176824
0,3.395290262562511
0,3.4701053248725575
0,3.5051871976915288
1,3.4698423790325417
0,3.447658564861913
0,3.658716255431905
0,3.54684056133004
1,3.5838461409613305
0,3.561918043579886
0,3.428598384265103
0,3.46745232921987
0,3.5557486117425015
1,3.535013695267162
1,3.494408480585047
0,3.513816971067514
1,3.4768346515872515
1,3.4176731877079956
0,4.063754893208731
0,3.585722048178883
1,3.6343268024615125
0,3.3800811238700974
0,3.445508100614855
1,3.648190084439888
0,3.680595434970593
1,3.662245509884358
0,3.7193491780667105
0,3.629848665654323
1,3.5083379315138323
1,3.4933991451981807
1,3.484096074219883
0,3.4056524514387347
0,3.6651211548766343
0,3.5916896374610574
0,3.5970351863795167
1,3.487107168123138
1,3.545042768793408
1,3.4215404029602547
0,3.5751795456616997
0,3.57846131653917
0,3.851855359421131
1,3.4709010814967676
1,3.5436264019188313
1,3.5704548377443115
1,3.5550313405670275
0,3.5668098724151345
0,3.5826740138893047
1,3.480526031471057
0,3.5716928954602087
1,3.5186830899649837
0,3.5374781868376504
0,3.4049084201074478
1,3.4434026450953623
1,3.5851889920954947
1,3.5284367907401952
0,3.562316541883888
1,3.4241286514944917
1,3.4141753690900143
1,3.470426240009795
0,3.3813669855679853
1,3.4439849897934995
0,3.602947759780597
1,3.51700341755165
0,3.4240146623149754
0,3.4448920787296693
0,3.6906216118764466
0,3.5803769946141566
0,3.595801745418996
0,3.3865762516495974
0,3.6143074896932306
1,3.478967692088722
0,3.927383099789224
1,3.5447220432053705
0,3.5898924086857136
1,3.486132420111097
0,3.3874466391644593
0,3.412780412320525
1,3.497327756775949
1,3.6808658826915592
0,3.57498436992344
1,3.5687071431153172
1,3.49781237024926
0,3.571504539960479
1,3.513166802838805
0,3.470002023434922
1,3.52860435234923
1,3.6289277917283154
1,3.425943045137095
1,3.547974035483352
1,3.621888768653588
1,3.5344454312812563
0,3.471829807138203
0,3.381098324401346
1,3.483591740504131
0,3.414967070522917
1,3.5526802577920877
1,3.482348292724848
1,3.428765081529822
1,3.591360068895086
1,3.881230803791977
0,3.5178074741609517
0,3.647510235333346
1,3.491741206307297
0,3.4167083637748887
1,3.4262498492303326
0,3.5775385588965287
0,3.575147199786825
0,3.681095653914991
0,3.4158256962102382
1,3.8446891764525852
0,3.6384104682633476
1,3.4620872357271595
1,3.6675372779024804
1,3.502168817004152
0,3.5260805364827386
0,3.520747758877045
0,3.3958719087346028
1,3.482881974722461
0,3.4056381151479758
0,3.570410817262643
1,3.5813405083830774
1,3.6984196241887046
0,3.426947507200066
0,3.3994812142251933
1,3.460378197539933
1,3.452344733399852
1,3.514538259238704
1,3.448498300888481
1,3.46820591993064
1,3.4759542203482994
0,3.6950885057606793
0,3.511567220979985
1,3.5063217630195376
1,3.449777155636015
1,3.4783998160874847
1,3.4817778477446404
0,3.465976429958892
1,3.4766800234569746
1,3.473965685163315
1,3.4085874738256283
1,3.4468703025764293
0,3.572888290626589
0,3.4539930112697075
1,3.490376826010407
1,3.518951128582872
1,3.4963802761840355
0,3.5897195961436323
1,3.5212293259082093
0,3.4402645100906812
1,3.550643288744226
1,3.576309392667599
1,3.5518748137652487
0,3.6701616642373898
0,3.5642963692028626
0,3.3884196754745806
0,3.428274767516271
1,3.446456428889253
1,3.9063486689877274
0,3.4598403959782322
0,3.5918661421448466
0,3.6097204117922113
0,3.5705572646045347
1,3.4751042476381597
1,3.501299340633237
1,3.59573560428403
1,3.4211609157726075
1,3.534429256588361
0,3.5908899032838133
1,3.4159781268701908
1,3.6314097683875244
1,3.482604877619531
0,3.4997170145970458
1,3.4214497190818625
1,3.4147354037048863
0,3.5759226675213585
1,3.4832372304825876
0,3.5374692468739037
0,3.5598057759487465
1,3.454328864775331
1,3.66600875097907
1,3.473659099913143
0,3.3831986695881358
0,3.6503854789196195
1,3.4143177458945346
0,3.5567206219750047
1,3.4180663861818363
1,3.414981476039087
1,3.4626626940377863
1,3.682445056861709
1,3.42508973904029
1,3.527161051286701
0,3.698050770289208
1,3.422807724000669
1,3.6836414965081246
1,3.506614463129335
1,3.5609104207100137
0,3.5540785829064503
1,3.653448267531505
1,3.516619238451164
1,3.5486420054005627
1,3.4979736582520893
1,3.4185607832790956
1,3.5611196580024136
0,3.568099627896923
1,3.61819018233273
1,3.7712678480329025
1,3.5369331866473033
0,3.4140899225884884
0,3.386726023506575
0,3.581796312433409
1,3.4225102774717473
0,3.8609913635627593
1,3.533095799947913
1,3.516035209282561
1,3.453831328301102
0,3.5912751352904158
0,3.58996032618212
1,3.539544108724683
0,3.4804766226681068
1,3.579251146264282
0,3.4213754418961124
1,3.512654300834767
0,3.545478753586882
0,3.5774185729981207
0,3.4522033981861266
1,3.5700471864793015
0,3.515472124720444
0,3.5553227314972524
0,3.4784777951263206
1,3.508336394918691
0,3.6082685703003987
1,3.5413538948051517
1,3.479526443832857
1,3.4131350840106767
1,3.419094716821273
1,3.4195422874767836
0,3.392192036965648
0,3.591276424701151
1,3.423186560941086
1,3.448398392641585
1,3.4397012251751935
1,3.5448371450964307
1,3.428783270519358
0,3.6745472935530006
1,3.4170470969503715
1,3.4364692355224924
1,3.5194768726503045
1,3.5243298351096706
1,3.4361322418881475
1,3.416108205456354
0,3.4530019433059542
0,3.617827356396874
0,3.4822381982624533
0,3.4362009856281825
1,3.691511771103149
0,3.403962581315141
0,3.686376757816926
1,3.5129945966578173
1,3.6187333180861923
1,3.4825635204226666
1,3.4187898895307076
1,3.4847340870121144
1,3.5344188834569454
1,3.4573575090015587
1,3.5522381281117763
1,3.5626154744757015
1,3.421405441034188
1,3.592522837110924
1,3.6721170133417194
0,3.413887753679145
1,3.5265954014101784
1,3.4837741485530076
1,3.5417447017034434
0,3.490973163410727
0,3.6114625064851205
0,3.4490074415103753
0,3.7103349336162803
0,3.702752609005354
0,3.396677857593941
1,3.512343445999991
1,3.589919560858519
1,3.4844023648046365
1,3.4171411473725595
1,3.4438049772095387
0,3.395957299735693
0,3.9682392547066097
1,3.4872781603076084
0,3.5712255878244603
0,3.427023309349188
0,3.3910807211593315
1,3.597759250929422
1,3.4117325269641854
0,3.7929829543880746
0,3.673903983725131
1,3.4729129519345503
0,3.529120041696092
0,3.5312323937100545
0,3.5982922539594266
1,3.60421421168089
1,3.5688973785954996
1,3.532008855490343
1,3.501939456734728
1,3.60255600044805
0,3.3977846076230955
1,3.4410005509267547
1,3.4327795081694448
1,3.6025581497064545
0,3.706731130547596
0,3.5927247947442975
1,3.6350575101123503
0,3.566647714880518
1,3.578155212193792
0,3.5747987481419163
1,3.7158266457759925
0,3.4801340845965427
0,3.883104041661557
1,3.465509183914564
1,3.4305983384345584
0,3.4169342449455278
0,3.5041082851258625
1,3.46948981357746
1,3.4749197979790676
1,3.5451371885010428
0,3.4352094048391564
1,3.5085052324188437
1,3.48893458670982
1,3.556593718350494
0,3.7316103796267335
0,3.578039460712315
0,3.4071467722988285
0,3.5123558973601954
1,3.663808094408435
1,3.600006947722808
1,3.615972685420427
0,3.428476373051882
0,3.517156191221351
0,3.5635843301165426
1,3.6011335866123453
0,3.4619258432788307
0,3.5762607125229984
0,3.810178518779347
1,3.622201999091024
0,3.4027623344627678
1,3.4434026450953623
1,3.5777980724903387
0,3.514495561718579
1,3.7511467122012223
1,3.4496779850958004
1,3.67463477242583
1,3.6479865625947983
1,3.4892898159813535
0,3.5758810877962293
0,3.557528596686326
0,3.545217205566839
0,3.425183413918411
1,3.460007679349204
1,3.4920957689728405
0,3.555223327116409
0,3.4388637652354856
1,3.7624804609501403
0,3.54325570970192
1,3.709102815496919
1,3.771255588873689
0,3.690479927704135
0,3.5378152044351223
1,3.474162439483804
1,3.477619171254006
0,3.4332148538646496
0,3.626131856143725
1,3.4216735229964628
1,3.4303123698435973
0,3.4390356612634667
1,3.44889707512133
0,3.4350205796456543
1,3.4551889385487207
1,3.49986544803277
0,3.4383016986419803
1,3.650990660030837
0,3.4110304184345344
0,3.406385180842075
0,3.5729828325545574
0,3.410373329359847
1,3.4627023526196785
1,3.9581877251326074
0,3.5230580984724935
0,3.725369727728794
0,3.434870846409213
1,3.5141638442159104
1,3.4157972715293705
1,3.443141467979344
1,3.506316173454311
1,3.556967203854531
0,3.3804878758564434
1,3.681777871491945
1,3.6358372554782377
0,3.390203446838763
0,3.5215753815904494
1,3.4701456492387366
1,3.6339775164857886
0,3.709031536804165
1,3.5207185863262547
1,3.5678335018773812
1,3.4819878137384452
1,3.535456025367842
0,3.397265707730119
0,3.457620663561324
1,3.520421008622506
1,3.6679632395198682
1,3.4565958177134957
0,3.602309881899088
0,3.783258634754152
1,3.497651887186844
0,3.6965081430999964
0,3.3822263144881304
1,3.486807525176851
0,3.4086998534588044
0,3.5293159413069985
1,3.484699322865112
0,3.597540604835439
0,3.4924065720798487
1,3.422477281860862
0,3.396168490733491
1,3.6117037276739152
1,3.4131642088081353
1,3.413835892500872
0,3.530662951289891
1,3.4294302773979153
1,3.4936653796822275
1,3.6195255161525313
1,3.452418359841687
1,3.4237245289054936
1,3.660800255592791
0,3.423775784080115
1,3.4281388581639614
1,3.516551754406042
1,3.5898514362839675
1,3.778463794359419
1,3.725203570533113
0,3.406352059815452
0,3.4253961126764874
1,3.41002954300084
1,3.5709564784128074
0,3.7094470215814255
0,3.687641438450009
0,3.7231876625526557
0,3.418829030881349
1,3.4217321784325883
0,3.3983807634435346
0,3.4225399100524125
0,3.6006546703137015
0,3.4693072957177984
1,3.482948192556049
1,3.4762233360118087
1,3.637899635329369
1,3.4543611969099315
0,3.5739853224946128
0,3.6087628286613374
1,3.5299574480438087
0,3.456115829495575
0,3.421087103518193
1,3.678079977001429
1,3.4891026329168207
1,3.5415024908839787
0,3.5333700906851866
1,3.523340588291722
1,3.4948019763355584
1,3.681777871491945
1,3.8143320684072677
1,3.6631025295692092
0,3.3725440030087355
0,3.5762409953732806
1,3.4730315078164677
0,3.472564694847607
1,3.528096406501027
0,3.599591473725538
1,3.4344840396928165
1,3.484644193005745
0,3.513589581349986
0,3.436919231484822
0,3.6107281236320334
0,3.591563377373979
0,3.4021400681368545
0,3.559004754155157
1,3.516233951219913
0,3.449719108152221
1,3.4933629646166477
0,3.5047664981043396
1,3.5176304825058304
1,3.4888093708097854
0,3.5674360863342716
1,3.4883974254064163
1,3.4726172986895234
0,3.5309769667811532
0,3.448250054262597
1,3.5306619789010747
0,3.5788729476590135
0,3.4321436732537207
0,3.6349779701305973
1,3.4694477600048317
1,3.523553654803914
1,3.4147488298864075
0,3.501742656325217
0,3.550214384301394
0,3.660572361819078
1,3.6718364253921676
1,3.4373554017803793
1,3.5860021229337313
1,3.420105588465602
1,3.5197577817079155
1,3.4515451432651694
1,3.496986695643637
0,3.602791102928488
1,3.4926697915021596
1,3.616191629412463
1,3.5457681178634433
1,3.5031502862965658
0,3.582458665285504
0,3.6092724832299647
1,3.538067474850311
1,3.471722125919312
0,3.563703207854345
0,3.7266168935762294
1,3.6444133424982517
1,3.4455300360770265
0,3.577882494643401
1,3.6331317701720325
1,3.616640980189048
0,3.5636994312576062
1,3.4105579491900526
0,3.5884638477036352
0,3.5985512733595404
0,3.7475685431895305
1,3.5003430500110313
1,3.4520731782118563
0,3.5161615258629046
1,3.4218849014876636
0,3.4269742796243428
1,3.4500209622737397
1,3.422194933830794
1,3.473047166155547
1,3.6168929086411366
0,3.646804472929551
0,3.5147626032095
0,3.7971747856326514
0,3.6725250982027338
1,3.994420609225591
0,3.7575762930115286
1,3.416090865038428
0,3.7734800580134653
0,3.565880372440571
0,3.5828029671597235
1,3.453552686934762
1,3.436962251362549
1,3.5365022507320427
0,3.801729720887355
1,3.4881532572673684
1,3.5502262889862823
0,3.6673834505034404
0,3.817301662137558
0,3.625577674391665
0,3.679104170054922
1,3.463995814694315
1,3.4489374615023065
0,3.683002379334038
0,3.5650606498960298
1,3.45320328892268
1,3.431950384464784
0,3.695027829878605
1,3.4764070858088436
0,3.855384706889891
0,3.704231901962439
1,3.8276039671770947
0,3.5761401490907185
1,3.4100107295352666
1,3.5993877525221465
0,3.5699803357201128
1,3.5662685333699735
1,3.4634915958992396
1,3.6180768878454965
1,3.6055105967132115
0,4.001422150178194
1,3.4189477861492796
1,3.594976001545819
0,3.5864640311643226
0,3.5312168461682525
1,3.4727699349068235
1,3.444648940835309
0,3.6069117193407414
1,3.543185208879442
0,3.6336376521107185
1,3.459371292876014
0,3.522308258907027
1,3.5875428185855616
0,3.4231328709900026
1,3.5035274302767627
1,3.4563224339043366
0,3.556367019404299
1,3.468666528258914
0,3.4203916573565687
0,3.600477855352622
1,3.4331503306077806
1,3.5297133631386246
0,3.5321734814644397
1,3.483491226452839
0,3.5540386756201463
0,3.453917415281401
1,3.769495883826785
0,3.4508492885021087
1,3.4553048377796687
0,3.5723531729742053
1,3.4199316730777176
1,3.562433458327034
0,3.4194467979062373
0,3.5693485347752234
1,3.633656853874752
1,3.4858180594592056
1,3.7058178987058072
0,3.755101918047546
1,3.6136883265871833
1,3.456121962548481
0,3.5802438997326385
0,3.588487047076318
0,3.5628780277192105
1,3.7746907286374634
0,3.6221176428618196
1,3.5514617551011356
0,3.6701151021683933
0,3.656096466984518
1,3.445372286430443
0,3.725714527102946
0,3.8313076757985156
0,3.7031506045601805
0,3.557909183624981
1,3.409478429089462
1,3.524765063695703
1,3.6509419144777624
1,3.4969068987215746
1,3.633208862059011
1,3.499628737384398
0,3.4176322343529075
0,3.5373478727646894
0,3.477292527497808
1,3.584193051604088
0,3.5773418467464806
0,3.9551178273228187
0,3.572306699914066
1,3.7198842691764145
1,3.5066656050093985
1,3.4827525776274513
1,3.4725409949396466
0,3.399258993283039
1,3.4253458297109383
0,3.5624504841314337
0,3.534480340265417
1,3.641346721044798
1,3.689957658383768
0,3.577205307491242
1,3.4597755884224366
1,3.4411980802528155
0,3.3854924243426363
0,3.387393891487602
0,3.573752972923884
0,3.478289391751826
1,3.447516232563207
0,3.6960342722244137
0,3.5119483938225176
1,3.6986811789162464
1,3.491355285976115
0,3.6649687655121315
1,3.7091454388930987
1,3.69765058611735
0,3.5253928296078136
0,3.4796660145206633
0,3.4066923017465798
1,3.4757069896661936
1,3.4599777672442835
1,3.4131251184606177
1,3.6145374683156333
0,3.650793823552766
1,3.5454213104860197
0,3.5646021225489934
1,3.5547126794435706
1,3.4992947975175213
0,3.5188203670213536
0,3.4890018700925656
1,3.447597887450284
1,3.790297648360238
0,3.3711654659565125
1,3.5162780421346307
0,3.377755611841622
0,3.4210682036916014
1,3.621888768653588
0,3.4103564762343215
1,3.4279452563123685
0,3.412318393353668
1,3.483273984863589
0,3.437843802729786
1,3.481371566914472
0,3.548488969150301
1,3.43041484442737
0,3.527698080021888
1,3.7116243110555063
0,3.600876517649412
0,3.624275280808367
1,3.4599781414891697
0,3.5620669618743763
0,3.4791610152574584
0,3.5534107188483692
0,3.569077034690046
1,3.41837872959774
1,3.5016710380549103
1,3.4088007707545334
0,3.5853715924694587
1,3.50231017768775
0,3.473195837277335
1,3.4739877950861415
0,3.3846202914362173
1,3.5318813997120797
1,3.5547618670366683
1,3.4260364103672942
1,3.5039386071780165
0,3.462415890810902
0,3.413509285378375
1,3.6074657559250474
0,3.387653399001993
0,3.396041287049706
0,3.4549868933834915
1,3.4114558177165413
0,3.4403978422493022
1,3.728805658825063
1,3.4100262273416173
0,3.410126140645114
0,3.4074095725721225
0,3.7073586394096254
1,3.4982742398870306
1,3.5234137211686547
1,3.5972830914458385
1,3.6082655910324744
1,3.5821140316613223
0,3.383303001188828
1,3.457533486266853
1,3.4284251591418933
0,3.472086134798002
0,3.569292863919797
1,3.633468568106031
1,3.528309236968791
1,3.420904602261948
1,3.47728235437154
0,3.425826505380465
0,3.565897892680818
1,3.502745416460777
0,3.41622913162718
0,3.402679230483485
1,3.806155321832315
1,3.409939988549016
0,3.439043165399661
0,3.494249900648581
1,3.4411308445313296
1,3.450650232619873
1,3.420503984931636
1,3.763725794949561
1,3.4810234168702054
1,3.6779788895634007
1,3.65005581975598
0,3.5658119526190113
1,3.496889330156483
0,3.508945082685921
1,3.697899188449056
1,3.7310959898838347
0,3.6494578920407927
1,3.507690050394997
0,3.694674961458414
1,3.415219090508358
1,3.429242277767189
1,3.5154379172001358
1,3.521671891528105
0,3.5280255893394754
1,3.430032971655223
0,3.481706461790608
1,3.429414647015736
1,3.569371879074046
0,3.5537743837791917
1,3.862878432949218
0,3.750786337411746
1,3.4413192309180376
1,3.5003430500110313
0,3.549815696095221
1,3.537373241954758
1,3.5024575014432067
1,3.6748231627367174
1,3.442736861319143
1,3.77745161059572
0,3.6276787431059625
0,3.587825511433563
1,3.4790507459222075
1,3.4115163933335744
1,3.5707159117424183
0,3.4106705200273995
1,3.4798334925180527
1,3.4700788825626216
1,3.422028390609525
1,3.775722113124728
1,3.4951300781915435
0,3.537918220564304
1,3.482112130068902
0,3.387521925161585
1,3.4758901407133806
1,3.423954292988652
0,3.4322306643562324
0,3.4891818386886095
1,3.5277788813255992
0,3.4191559465032375
1,3.428679093254791
1,3.467997521548916
1,3.485747394752588
1,3.6341870782274523
0,3.593453322955783
1,3.559134516425969
1,3.475629907018436
0,3.429159653007105
0,3.3797483130706962
0,3.615077039170332
0,3.442355165259997
0,3.467029529976703
1,3.6793675582317684
1,3.5647706253011817
0,3.4688728761014778
1,3.521844649037652
1,4.091060293692055
0,3.782241057665382
1,3.4948615364588322
1,3.4453111907025997
1,3.4601382274458743
1,3.630036317312148
0,3.39635473042667
1,3.477873601944366
1,3.5951941417234328
0,3.4367452472301343
1,3.5585842712275815
1,3.4354014659300716
0,3.4922515420633617
1,3.5883357109162874
1,3.4541454209593407
1,3.695915452056348
0,3.4059786136268877
0,3.584237873764412
1,3.4186238191870197
0,3.470233018634821
1,3.4995363948310763
0,3.5476842232784236
1,3.4695010179828447
0,3.4625143233465447
1,3.5963309336280864
0,3.5750795764118357
1,3.5614452894098663
1,3.46241288121122
0,3.6343654551291436
1,3.86787137231753
1,3.4221724347624196
1,3.416593813828462
0,3.6871789253073484
1,3.416719047362623
1,3.5878481339494224
0,3.7948879507070834
1,3.651754988472882
1,3.5859772954349043
0,3.39802694677444
0,3.459514839603637
1,3.492291435157088
1,3.464575265998134
1,3.425625463491263
0,3.5828145436627854
1,3.489921874694376
1,3.4807760724182804
1,3.4767508290251805
1,3.4216735229964628
0,3.382807500820422
1,3.4472860016737092
1,3.554858834718483
0,3.6777593257289283
1,3.4210861344203685
1,3.516115149197967
0,3.42832598980239
0,3.4095143089494235
1,3.4868729461216077
0,3.6566664225234704
1,3.552923081737119
1,3.5395324706434623
0,3.3973165694515317
1,3.6336476279900345
0,3.429544069849713
1,3.5982287181557537
1,3.4217078705156228
0,3.5910121598360347
1,3.4323734894420457
0,3.404993988381653
1,3.4997053913610094
1,3.6247426362003847
1,3.4470555610964473
1,3.4207124158044424
1,3.530065441887886
0,3.624741671527944
1,3.4522195976793832
1,3.4231028390589495
1,3.5093471573266615
0,3.5747829115246463
1,3.488915950645413
0,3.650342950980969
1,3.4907648444314567
0,3.416314611209297
0,3.5765204559699124
1,3.4463157055696687
1,3.4404785431298963
0,3.6068559313800184
0,3.5507823004438483
1,3.472717527657534
1,3.5166562070392833
1,3.4971311700548986
1,3.5022730700203066
1,3.699127432814009
1,3.420094048196261
1,3.4725079135421306
0,3.5891880544741843
1,3.4690090204126047
1,3.7555076370930265
0,3.5848283631100073
1,3.4853176181180956
1,3.420337687191911
0,3.5690291978187942
0,3.686440912674614
0,3.5853705504691455
1,3.815045271021805
0,3.423191730237697
0,3.398374830522668
1,3.4211050225757496
1,3.5893107909372532
0,3.574634925985662
1,3.7913355285313197
0,3.4362092684015524
0,3.5657736466911696
1,3.479156470464074
1,3.479119138581009
0,3.6640036991675684
1,3.4738595286603338
1,3.4687294785606837
0,3.396092403593588
0,3.395989084454576
0,3.6983844820605682
1,3.436006465178502
1,3.42349566812618
1,3.469503723785716
1,3.4200821643134636
0,3.6706095384065427
0,3.569045968586073
1,3.4385763792041697
1,4.14164927032357
1,3.420672254031914
1,3.6415619445846037
0,3.575491116933904
0,3.4131450009368023
0,3.611991962693877
1,3.4301467855619188
0,3.407745226231079
0,3.510974360318317
1,3.4936941286899925
0,3.613848279241293
0,3.544757922478152
0,3.9907815588344993
0,3.3903237210946235
1,3.441551309177339
1,3.4852000010264392
1,3.418485717391747
0,3.471864022209515
1,3.6918250525105716
0,3.654957487849994
1,3.4706036326806293
1,3.5640978557881566
1,3.517681978106806
0,3.534495942513422
0,3.439777346399011
1,3.4108679077051782
0,3.537771511488519
0,3.4543986294763056
0,3.5700568644751027
1,3.8085761510254925
1,3.439805808340213
1,3.6269896669816135
0,3.5855508578748445
1,3.41393297332284
1,3.478865519257717
0,3.4006037746200173
1,3.492878313633247
0,3.403021264687169
1,3.638856945052668
0,3.530938247071875
0,3.696339592944275
1,3.6411046890145062
0,3.63434317981393
0,3.611312794922154
1,3.430215134689674
1,3.447063698118332
1,3.521628689385393
0,3.4276918344955867
0,3.444341820490118
0,3.6246946668647144
0,3.4036595642939464
0,3.4244099309928746
0,3.4040874641486294
0,3.471327796492494
0,3.4695513685972887
1,3.59161646025354
0,3.4340087974787497
1,3.4555778229433387
1,3.4641772676909257
1,3.6076259195656855
0,3.5523530610544922
0,3.6081938030497263
0,3.38435086598916
0,3.5448058169572048
1,3.445814108060173
1,3.5330310951777393
1,3.488876760894534
1,3.5397991432791764
1,3.449525584410234
0,3.545313807493055
0,3.452725855967311
1,3.5394897191957897
0,3.453687370222005
1,3.4468054289235783
0,3.5726715650647916
1,3.555722964125473
0,3.482074732838209
0,3.6207683947807663
0,3.838564132450995
1,3.5568094333449034
0,3.4264402864158714
1,3.4431674646447927
0,3.4161485431959155
1,3.6232966198167387
1,3.6936956120636935
1,3.5506796744203006
0,3.5971494690717036
1,3.4877655511333643
1,3.5424765321227407
0,3.387541178749493
1,3.47951642553943
0,3.4243871223776137
1,3.494692425799937
1,3.513296109874113
1,3.563250383463682
0,3.424845319251614
0,3.425903809665982
0,3.4263581010749204
0,3.557056264566968
1,3.667979689538676
1,3.4656065915070675
0,3.5644332559554748
1,3.4672221532272522
0,3.5925659278386792
1,3.4777919150333103
1,3.5260169888982187
1,3.543360918324797
1,3.4198572558029237
1,3.6223720814238525
1,3.4870707333367825
0,3.484166999743707
1,3.4248960585716746
1,3.6740274627982474
0,3.481077469762554
1,3.7264607822306277
0,3.8287281154454864
1,3.444876469317115
0,3.630998287625508
0,3.6973668662436174
1,3.557119756616797
0,3.7004604799131897
1,3.608629699752915
1,3.774409364497435
1,3.535648264232779
1,3.4225102774717473
0,3.420849354300475
0,3.6209573783538223
1,3.4263076667679417
1,3.4888093708097854
1,3.627218783829079
1,3.604962334255208
1,3.494197883265602
1,3.4569199577450656
0,3.3968776879839497
1,3.458350889762515
0,3.3935920426675947
0,3.795952117312528
0,3.519007972012637
1,3.4418673100975328
0,3.532371617449897
1,3.4587099035843996
1,3.420170424529001
1,3.4936030351985243
1,3.8246755532808514
0,3.6499734356045317
0,3.5255013921787848
0,3.594686831642011
1,3.6206627201032986
1,3.416355956145618
1,3.565215594578111
1,3.459029423263169
1,3.536724811380367
0,3.5430943742678167
1,3.429790056424813
1,3.568026628157342
1,3.5051007819089555
0,3.5837769239012944
0,3.6928081748092914
0,3.4823753536684414
1,3.4491714454786275
1,3.462410039496668
0,3.7297513971303715
0,3.616927160649353
0,3.376612190794291
0,3.498058713492931
0,3.52463149426988
1,3.78394323138751
1,3.4807223487584698
0,3.696614441316969
1,3.465872185002102
0,3.4472728041047462
0,3.538086615650884
0,3.457042482389204
0,3.5111311768014377
0,3.3976297700143663
1,3.441311075520746
0,3.3892521372860074
1,3.579246890763058
1,3.5302373937048577
1,3.4637731925534667
1,3.458134819938921
0,3.618912472608394
1,3.4240865124671087
1,3.4821907250638566
0,3.585856254600229
0,3.5705418248329575
1,3.4321591412714705
1,3.5006400876414077
0,3.5154939778340606
1,3.492878313633247
0,3.420591266591702
1,3.471172184580022
0,3.5735434980246197
1,3.4869915062075267
0,3.5776454165881013
0,3.5286603940138903
1,3.594406639672462
0,3.482493333075316
1,3.587204950399349
1,3.4650404449194823
1,3.5339556231702445
0,3.4960856163713188
1,3.4246014839621637
1,3.438979760560954
1,3.421294064933324
0,3.432239774328885
0,3.581818932115773
1,3.606747012972403
0,3.3877893318214305
1,3.4700624184775077
0,3.438617292626119
1,3.479197755479727
0,3.528093577805686
0,3.517329327535333
0,3.5850030749516275
1,3.577268116203218
1,3.647617698881056
0,3.613169746519974
1,3.5004739825453255
0,3.4644739682232797
1,3.778687193740527
1,3.4400775358049978
1,3.6335780347188273
0,3.536190323611124
0,3.396494088030719
0,3.476631180248935
0,3.5670757894324128
1,3.673179939261487
0,3.6297928703493128
0,3.7901269949704797
1,3.5127374133166818
1,3.5575089962548847
0,3.580836558548435
0,3.579716477100361
1,3.547931160813394
1,3.4080747728271796
1,3.479577785883601
1,3.513296109874113
1,3.4243107477431156
1,3.464960105826468
0,3.8942026909515537
1,3.4303123698435973
0,3.5017929306926283
0,3.664368001982007
0,3.5915711893141227
0,3.5901913757424935
0,3.7150906818979625
1,3.4682250824518346
1,3.6250533517686567
1,3.4574348461731
1,3.5519419975486244
0,3.4931793621498803
0,3.482199067319437
1,3.901696619312277
0,3.4814605959350993
0,3.46041813243127
0,3.451640563859154
1,3.4221585829687897
1,3.49128610212814
0,3.510732723323026
0,3.6918590911503233
0,3.528370350452022
1,3.5131255348575134
1,3.4124645016381954
0,3.42050658725992
1,3.5301055573176803
1,3.486470739594128
1,3.469792799392574
1,3.510807657166675
0,3.6101269790981783
1,3.487014905976261
1,3.5189895603234636
1,3.4688736705592955
0,3.4224024657156327
1,3.444795812680191
1,3.476585619497807
1,3.6231313047301272
0,3.6049551137409517
1,3.485437267174426
0,3.6387161135601938
1,3.47989739415788
1,3.488999442689219
1,3.821704231781856
1,3.5394254382806714
0,3.8112604047809353
1,3.6509292941719735
1,3.4417529252401677
1,3.5302373937048577
1,3.5153311906937432
0,3.5750573270794863
1,3.665910694682146
1,3.564993413638665
1,3.6018990879740964
0,3.5915196736820034
1,3.4475179100438296
0,3.532284804680691
0,3.604025116401131
0,3.540505237197242
1,3.4915226040410228
0,3.5987146833525854
0,3.4109984781159874
1,3.494642033700392
0,3.4502629108307294
1,3.451164715459625
1,3.598328355375583
1,3.792779512768943
1,3.636954901053755
1,3.5565849838282997
0,3.4284318837293486
1,3.409478429089462
1,3.4682781898205115
1,3.4765643760313956
1,3.4287716567659676
1,3.4155234275171056
1,3.618780934216333
0,3.736419524437273
1,3.4803446069471495
1,3.6449346264928755
0,3.474707102552561
1,3.615484459738872
0,3.4314303940179816
1,3.4657960241610075
0,3.5821462814062612
1,3.416629063742344
1,3.4437811093811113
1,3.4345991146140915
1,3.5011910219826836
1,3.533264485574326
1,3.6809906125452523
0,3.490936600511363
1,3.4410846101712753
1,3.419337110349248
0,3.4499286965953555
1,3.4698120100983663
0,3.4011112742641085
1,3.445415094325039
1,3.5178717894076894
1,3.459576628618821
0,3.5704362495277824
1,3.442837553947428
0,3.3883964619157885
1,3.4529047593597344
1,3.5737415997959054
0,3.4451282745732423
1,3.424306011992094
0,3.3936473904156097
0,3.5705954622530327
0,3.4815842771227388
1,3.5609896313835203
1,3.455497276052578
1,3.6048458963670225
1,3.4177779652284563
1,3.577433750123563
1,3.4297939011659504
0,3.5175706027055034
0,3.523380812962611
1,3.5022383195693836
0,3.577689938810546
0,3.599175403106091
1,3.5833350861936135
1,3.9854913493052324
1,3.500702353855575
0,3.42258736670186
0,3.6022406619875023
0,3.407533727964593
0,3.615324098167038
0,3.6073286514466174
0,3.3844818546960886
0,3.4306936869458893
1,3.4798495755548107
0,3.487902351075545
0,3.500054573983491
0,3.655115579175536
1,3.4178787681685097
1,3.4795002490907816
0,3.4656993728196337
1,3.419029524290953
0,3.584930564111698
1,3.4841369356891194
1,3.409733146203178
1,3.4551132739682675
1,3.853709897543993
1,3.4775387486241303
1,3.506522327786721
1,3.503808086401707
1,3.4738916957184194
1,3.4158255711791723
1,3.4530460323207413
0,3.620527663415944
1,3.5297508195856
1,3.5726116377322454
1,3.5895762842443015
0,3.6942955616916056
0,3.3815408780526237
0,3.543750286121139
0,3.396133279996746
0,3.646689726013112
0,3.598846624691438
0,3.5541648187034514
0,3.5907077546988075
0,3.621157537531313
1,3.451774847148762
1,3.4484747876030886
0,3.486074674765181
1,3.419006518723056
0,3.5212497868279837
0,3.5983718917984646
1,3.5358425995721325
0,3.850533275454221
1,3.5998286009352856
1,3.4170529391668607
0,3.5590003095391327
1,3.7565145217427385
1,3.4720564715409914
1,3.502088877754834
0,3.5874377260673143
0,3.595248328129704
1,3.534031490029619
0,3.5468595732254635
0,3.3922981647055837
0,3.6895333217272337
1,3.6638542968039376
1,3.452485091173418
1,3.421684186043276
0,3.4765022494067996
0,3.530582305675815
0,3.5844108371169394
1,3.513943430288322
1,3.6726829159813894
1,3.43751648447585
0,3.4515953996075215
0,3.743488870361622
0,3.615521865483426
1,3.593792553241168
0,3.5627039783757133
0,3.4452349661577752
0,3.6012572764750086
0,3.5630493159289545
0,3.6423186612111302
0,3.6198174431122827
0,3.5918978664511245
0,3.4009430790158643
1,3.4557145340513733
0,3.637687991780626
0,3.620462876650031
1,3.520818577408491
0,3.549394242307706
1,3.4767617797235055
1,3.4131163109661324
0,3.499631658963337
0,3.668972987102191
1,3.5200698499411307
0,3.481929039781727
1,3.448196015062255
1,3.421722427922107
1,3.4790678598891356
1,3.4785009527177024
0,3.635771259267265
0,3.6008834943947483
0,3.5639398006621232
1,3.4594989083770145
1,3.4197758694766134
0,3.666651441449489
1,3.789087546430148
0,3.6761300723894097
0,3.4527281279210293
1,3.6728266329643087
0,3.77129239775506
0,3.6721368538683135
0,3.4440679954903275
1,3.4132273374080344
1,3.4527284625373036
1,3.4619232993346394
1,3.5914768966351587
1,3.477303657641035
0,3.6258273508076595
0,3.377800286400582
1,3.543266846005241
0,3.6461205220831987
1,3.5199728897970624
1,3.461727072272332
0,3.7063293748879818
0,3.3742779590656062
1,3.543200453350836
0,3.535443655380602
1,3.4207462542642966
0,3.678294950046206
0,3.572595910767404
0,4.034074986535067
0,3.411425910128208
0,3.5305784346804505
0,3.607827756103886
1,3.58513988761271
1,3.5575800349950333
1,3.407052994680703
1,3.4707482400082976
0,3.696030368503376
1,3.476652079937968
0,3.6642012233901515
1,3.4669805695517653
1,3.5351208806299597
0,3.4083150654675576
1,3.421203771492372
0,3.6829009033022158
1,3.4899753564023985
1,3.424699682800562
0,3.396082529810642
1,3.4681564428262655
1,3.573079768792997
1,3.941426841544042
0,3.4124602074997337
1,3.6604900173967043
0,3.514892876122697
0,3.4482995375223204
0,3.453062788267943
0,3.5856252944004656
1,3.487482288616555
0,3.453329078857523
1,3.4237516005654967
1,3.4407076518066257
0,3.642420533716566
1,3.4559297996087808
0,3.504119688579959
1,3.6144714297582374
0,3.44073005943919
0,3.4172114649726413
0,3.536702482302235
0,3.5690167297520943
0,3.466421325278255
0,3.3961660022816664
1,3.509045231216619
1,3.446316305385001
0,3.3851810558664144
0,3.661208455832934
0,3.7032241023668893
0,3.5186660448181084
1,3.5982206467258786
1,3.493355801180132
1,3.464398837474012
0,3.534416647971252
1,3.4864677974900053
0,3.543872731067336
1,3.505263454798547
1,3.4417976956742957
1,3.487223723910121
0,3.7022534896758184
1,3.7928865621197936
1,3.5086558477252403
0,3.4406664941650775
0,3.5217534952696004
0,3.6185877954589967
0,3.847488581881264
0,3.715906945122998
0,3.654087443417627
1,3.454681292452739
1,3.6692243270505505
1,3.5891898973975254
1,3.428505590936474
1,3.4688938238436435
1,3.41268076357347
0,3.589587245711993
1,3.4833630549406522
1,3.5886791444169135
1,3.5039386071780165
0,3.4199961640555907
0,3.6029452612439163
1,3.4665156936414783
1,3.4189682958285688
1,3.4509091143108264
1,3.6462927195157193
1,3.4548686561340594
1,3.528829416023267
1,3.4743143957090212
1,3.4198572558029237
1,3.4399360466591284
0,3.5830755862437904
0,3.4710566526864026
1,3.599182324149821
1,3.5371778276002948
0,3.645902245516463
1,3.6074858628239816
0,3.545177134739172
1,3.543846069590699
0,3.5291293670533435
1,3.487436158532781
1,3.438448517113716
0,3.390700105604855
0,3.548765472559289
0,3.56504274270843
1,3.5173359752213402
1,3.481979258367702
1,3.894558325393034
0,3.59904208070828
0,3.432827948950776
1,3.420832805699982
1,3.470812829079913
0,3.5573516418502438
0,3.5096622558310213
0,3.7809623883836
0,3.463065557389892
1,3.4832372304825876
0,3.4029838458059025
0,3.4498639833246463
1,3.4551074612378665
0,3.6162764384946695
0,3.4525894047702943
1,3.4534242451284194
0,3.4272272787737004
0,3.809543474375494
1,3.4279452563123685
1,3.416671579047938
0,3.4227206659226903
1,3.618224907351892
1,3.5186883865648633
1,3.4463736122934794
1,3.606409255348554
1,3.4187677952383897
0,3.50983372470244
0,3.5854482462861474
0,3.4147529043104914
0,3.5885218112654655
0,3.555028090342437
1,3.6100874789674218
0,3.5002048345324313
1,3.5218067651159064
1,3.4824645915750545
0,3.6720659230845585
1,3.522845575990262
0,3.4553468650628534
0,3.511410966213332
0,3.540956458347122
1,3.441739168804559
1,3.5118760521818926
1,3.508205404319356
1,3.4196180050530613
0,3.4868562079145704
1,3.463762959883051
1,3.5241317172970046
0,3.4149011798244415
0,3.584089139781357
1,3.5544039360646402
1,3.7435921678620483
0,3.55645367473413
1,3.481323841233188
0,3.565997836286979
0,3.6935477439910502
0,3.5786145755867644
0,3.5846754273044685
1,3.411994236773691
0,3.633706981851559
0,3.4843840286705485
1,3.4749302488254448
0,3.671510789442915
0,3.7106777572707887
1,3.523746199900984
1,3.6167663512387462
1,3.626499931268379
1,3.484578606350718
1,3.8047981204208354
1,3.600237901944812
1,3.649365311976901
1,3.4790159208665
0,3.485012025408662
0,3.634987489612547
0,3.564200489371141
1,3.6110726038917362
1,3.418218588476066
0,3.7104920140003905
0,3.5308587710939316
0,3.413553355650707
0,3.6042330987234377
1,3.4126149708385016
0,3.642863548426435
1,3.481041029760078
1,3.4673213123412094
1,3.4470474266049016
1,3.423884533448404
0,3.4231235250117558
1,3.4212319793759565
1,3.543936489814017
1,3.504068674506841
0,3.615881982348475
1,3.480249551368236
1,3.5131152504999092
0,3.6016745207749064
1,3.5653190866742315
1,3.478870775988114
1,3.599720341860998
0,3.5913631432052995
1,3.8791294438140977
1,3.5649450928654516
0,3.4099232442373104
1,3.667979689538676
1,3.7834094119483312
1,3.8177776196301756
1,3.574286721608898
1,3.589473883299008
0,3.889993004973646
1,3.594346405128148
1,3.516937729089786
0,3.6040982587729533
0,3.478497579354811
0,3.5264493484924584
1,3.475356100714821
1,3.5458881666960753
0,3.5867555809707645
0,3.4514856976087045
0,3.419651092332411
0,3.581642911210178
1,3.506144803044423
0,3.5776575278019003
0,3.7154142686054157
1,3.500584369546934
0,3.4213725920174576
1,3.51498110571338
1,3.4140620383229114
1,3.4649996722249017
1,3.4497151323487882
0,3.502762651168935
1,3.570571364648742
0,3.4070996564096756
1,3.417149026165884
1,3.4207900255472663
0,3.406768922786755
1,3.6355574683468825
0,3.7627730821842564
1,3.4688939510377317
1,3.506619822598379
0,3.5988736349840016
1,3.7158560687883
1,3.420310033610784
1,3.4647341900892834
1,3.570327697653453
0,3.4198377874618195
1,3.542385637593505
0,3.4132608680888095
0,3.4302408344760473
1,3.4190113669897046
0,3.6051177958495844
1,3.4173748354947024
1,3.6397422323927398
1,3.513702332622133
0,3.613405317087935
0,3.6427028977179674
0,3.740491646049707
0,3.4178307536402857
1,3.486230071742108
1,3.462816573793203
1,3.442478340925176
1,3.4577966753455383
1,3.542276945974395
1,3.4648910838421214
0,3.5711594423516995
1,3.4963416828990224
0,3.427160186346971
1,3.476904117414251
0,3.417585257299212
1,3.649365311976901
0,3.58419327836062
0,3.497119342884892
0,3.531498283452115
0,3.4595521257415247
0,3.5289010335407625
0,3.4214638967608737
1,3.491245491384979
0,3.4432771835806117
1,3.7829381624393004
1,3.603788567311771
1,3.602953716380043
1,3.4127394622131764
1,3.504073519172681
0,3.5742188746443784
0,3.437360116117984
1,3.640592737427653
1,3.474420231441127
0,3.4203208100832017
1,3.443211123077787
0,3.4802942022363013
1,3.4230580532316672
1,3.4167820784073397
1,3.50375625631003
0,3.3837811599694883
1,3.4749024747328763
1,3.4889576075540223
1,3.588580487516405
0,3.399763912695875
0,3.381076541737239
0,3.6455921352432106
1,3.42019326540043
1,3.4320289653720746
1,3.4774243905852176
1,3.4290947830503535
0,3.429969507062486
0,3.4073122694053937
1,3.6603988167591393
1,3.421349519044272
1,3.4169325704932136
1,3.468638005050523
1,3.481472648881969
1,3.5524214337603532
0,3.6906216118764466
1,3.5022201332335716
0,3.813774043893382
1,3.6742489798357436
0,3.5686890651422956
1,3.4086492687608945
1,3.6203460724693834
0,3.567648103087015
1,3.5465651107891745
1,3.5598317781140336
1,3.6036790745842975
0,3.5896817199075466
0,3.6689698964729156
1,3.4683315242099186
0,3.6056625293056905
0,3.5388739944017105
1,3.4201045513779946
1,3.457905326586289
1,3.444556317526016
0,3.426351667183206
1,3.691552051652907
1,3.505287932502033
0,3.405835242150088
1,3.497790023534947
0,3.5771663087534153
0,3.696339592944275
1,3.715981432840065
0,3.419481505370911
1,3.652578741242803
0,3.5712153697915814
0,3.413589103524585
0,3.4164988318621763
1,3.423876987976281
1,3.4952389710703455
0,3.386203681643008
1,3.6292812991792514
0,3.6018072007499926
0,3.4165424966455165
0,3.587649645321054
1,3.503146412356626
0,3.4859547473894477
1,3.462039540697019
0,3.5869579503510876
0,3.4191900886841338
1,3.4418320636822846
0,4.0563373869880355
0,3.4519994672346206
1,3.6351033189378286
0,3.408974089843375
0,3.4007159622574314
0,3.5611114830258797
0,3.4118074200690978
0,3.619566166814019
1,3.7304227175693394
0,3.3994287293367202
0,3.450838624273651
1,3.4747760086769945
0,3.581794060907067
1,3.826201806097195
0,3.4768909984119203
0,3.860581887862281
0,3.4868709616721754
1,3.5003482069630696
1,3.489384041682411
0,3.483498596653321
1,3.4650826963063976
1,3.4920040828570214
0,3.606387082303335
0,3.5011024930478354
0,3.428549855576241
1,3.4086492687608945
0,3.5715169355938174
1,3.7568928097208714
0,3.612896629981921
0,3.587679215289704
1,3.5468117397968135
0,3.458635252334986
1,3.7527975039756893
1,3.757831561580661
1,3.898907493910696
0,3.5370096437681227
1,3.4423440467055935
0,3.6958267824734823
0,3.6056807362916907
1,3.536833403760971
1,3.486769806787195
1,3.4273095886188285
0,3.559589097022427
0,3.4956371365405214
1,3.5408231054355634
0,3.581214743058866
1,3.4547523581737183
0,3.6539516354418264
0,3.6503107155241774
1,3.440512006537165
1,3.4709628663131036
1,3.4107161810161974
0,3.5735271213123876
1,3.455493104645486
1,3.4572872486567996
0,3.4216589402674
1,3.467856132592189
1,3.5244141007268226
0,3.4445953527436193
0,3.3888393214944967
1,3.854272761877212
0,3.56622511966433
1,3.626527652683518
1,3.4603634123411746
1,3.436464047535836
1,3.4723819165756784
1,3.578036245365234
1,3.721379327007188
1,3.4953708087365145
0,3.4768756295604404
0,3.3859192039837542
0,3.440896038592088
1,3.5724694240078914
1,3.5313591530261195
0,3.6247732449046475
1,3.4676842277587885
1,3.4666931640670766
0,3.4278660503679275
0,3.539844856063456
0,3.535538709871487
0,3.5849216888236715
0,3.5845264836249706
0,3.478461998513849
1,3.5008151608028535
0,4.0587189487065904
0,3.384447749198947
1,3.556931145303089
1,3.5814943743826895
1,3.4709154196028
0,3.80038194314626
1,3.979527261876877
0,4.099321415089853
1,3.484406741796035
1,3.434132665335999
1,3.5753363447585027
0,3.6039177162730884
1,3.428059230115932
0,3.602365255015361
1,3.4251988324610765
1,3.4170470969503715
1,3.4464671536564713
0,3.375589009001139
0,3.4308538679108556
1,3.4945120775104574
1,3.4530479383410397
0,3.583973155589974
0,3.435962670544793
1,3.4337435219557677
1,3.5003355447520716
1,3.6234647832190663
1,3.5041729860435957
0,3.617323266294007
1,3.4885018906369774
0,3.6312533525168367
0,3.510006957848971
1,3.4868836561210874
1,3.6940311663687035
0,3.696614441316969
0,3.429005219136741
0,3.625806772687902
1,3.468553363573733
1,3.4778026019428108
0,3.4952513022474543
1,3.7607024121917765
0,3.3975717643097263
1,3.567565811381842
0,3.4367997749135846
1,3.621790803494886
0,3.580957031822514
0,3.949351158568175
0,3.5615260277483336
1,3.4596964200958187
0,3.442406637245604
1,3.4883974254064163
0,3.5850778424276655
1,3.473535276807364
0,3.4184191856976214
1,3.528096406501027
0,3.681748174826945
1,3.6119071349588574
0,3.37561334997869
1,3.443014344272896
1,3.56843895524756
0,3.5031968576746957
1,3.487162521283211
1,3.4395727932362385
0,3.6377533270660414
1,3.616199433582054
1,3.496343040122369
0,3.5807681991593556
0,3.56574046347956
1,3.449571807789272
0,3.42711303677971
1,3.633504977885745
0,3.5350145779404647
0,3.5986399381496077
1,3.4153016306650317
1,3.6472588126144267
0,3.386764398115347
0,3.769004288093043
0,3.57835570790952
1,3.53044236496368
0,3.6633396669882123
0,3.573743008383768
0,3.740453642568603
1,3.6711977665542848
1,3.502304422932966
1,3.4228668529074677
1,3.524828886683549
1,3.6517644271658036
0,3.5308905666284716
1,3.5604670969388
0,3.5022860688115895
1,3.791835828011759
0,3.5461396101048632
0,3.5178517107964864
1,3.5488889114844158
0,3.3971019083324694
0,3.5270577679056303
0,3.381372964265548
0,3.5796111070512695
0,3.4304450218260367
1,3.4431074795415864
1,3.4883974254064163
1,3.5166562070392833
1,3.4223940363425553
1,3.642236446421873
0,3.8498402206329514
0,3.513538859231978
1,3.4140620383229114
0,3.569999648814271
0,3.5152018469759136
0,3.4468823156866106
0,3.603548720090631
0,3.4087545872762135
0,3.5446285566662366
0,3.531019333277874
0,3.5941956391034195
0,3.5094500768190473
1,3.8198192502902155
0,3.5717785465143805
0,3.602407730644915
1,3.4196279451649985
1,3.415711689339845
1,3.434082716408717
0,3.3844567849897476
0,3.3833311381096416
1,3.4509449818519617
1,3.417258609841966
0,3.7970285617117403
1,3.4786055539747136
1,3.455904383026589
1,3.420430449873344
1,3.4829602604302923
1,3.4738325545092144
0,3.407866739167455
1,3.4599777672442835
0,3.552678223992993
0,3.439866745540093
1,3.419926515754349
1,3.4164972227279593
1,3.4117847940701287
1,3.6320870717172284
1,3.7260628367374373
1,3.493204594423158
1,3.5307820007142587
1,3.474470044548862
0,3.4507421230774122
0,3.522898533704402
0,3.492261801498023
0,3.4097105670150247
0,3.5736867560638337
0,3.6307270447851576
0,3.4633233255191405
0,3.5587266125486288
1,3.5886325449237044
1,3.4813301039837765
1,3.4955581622135345
0,3.4333202660291624
0,3.4713427734411257
1,3.719375439752112
1,3.473077841689492
0,3.5733366755922202
1,3.454952538299056
0,3.7380069322437843
1,3.6482829515039383
0,3.593444183427054
1,3.524001506832323
1,3.4513650603079626
1,3.4744675064334833
0,3.5768925739989
0,3.407188136602271
1,3.416949256314548
0,3.5677251564791597
1,3.4902839119366074
1,3.512238582654023
0,3.5841265206619695
0,3.445547658173843
1,3.4882249923696236
1,3.4466953087534478
0,3.4235755352206416
0,3.403575425307448
1,3.5174424906639947
1,3.7019617716968005
0,3.5677843352221825
0,3.476429401990984
0,3.509052835314721
0,3.5454654932995964
1,3.4595770079806534
0,3.427498236071516
1,3.4753852377095757
0,3.383272817100985
0,3.5726693141808057
0,3.5179385451112912
1,3.5204238263604
1,3.477099653658443
0,3.507987689455059
0,3.8606963816447544
0,3.6918590911503233
0,3.4651947653009487
1,3.6332101147104283
1,3.4325025423299174
1,3.5176571486741626
1,3.4568361428597205
1,3.5219124408259836
1,3.6674104430483085
1,3.6353461419493245
1,3.673306377048639
1,3.516330140546089
1,3.4951916176909275
0,3.423678961100913
1,3.6520907770946383
0,3.5295766804309245
1,3.4630412890856173
1,3.5762487598229113
0,4.042828326061591
0,3.5167234085186854
0,3.441047202612962
1,3.516455828755516
1,3.5219486851568966
1,3.5718843010178976
0,3.4299928886187256
0,3.443706659833323
1,3.4819587874953366
0,3.703012531712894
0,3.4987660553489883
0,3.4815549985894005
0,3.662429195230993
1,3.4903660553389875
1,3.535571608516242
0,3.6623625491394303
1,3.815094088577686
1,3.465857732751776
0,3.7739212124131964
0,3.500173231317111
0,3.41990586748034
1,3.430162332428048
1,3.537704648885594
1,3.4411271859881403
1,3.653367841132969
0,4.058474920819732
1,3.5128633510341842
0,3.696834010125821
0,3.6981712082043727
0,3.6199810521836184
1,3.5293111520469145
1,3.7297687972203737
0,3.396381171431684
0,3.6042215349999944
0,3.610392828981565
1,3.5453977377659975
0,3.502250417875721
1,3.7682629424415746
1,3.473060203391716
1,3.6029682954218645
0,3.5489475224432914
1,3.4103994517608474
1,3.7544118249179577
0,3.4863634921010154
0,3.5062042689624615
0,3.504083364084099
1,3.4243108800133153
1,3.419232456540332
0,3.746848950812726
1,3.4194095788019405
1,3.634043897891119
0,3.4948903912089264
0,3.427037106800531
1,3.465653953345799
1,3.4568361428597205
1,3.4144063886531457
0,3.4456942184862203
0,3.611673575692428
1,3.509663494208798
0,3.48616870575073
1,3.46573813507194
1,3.41554861830728
1,3.547334113424994
1,3.550597881827649
1,3.458381008473484
1,3.6157773346995086
0,3.5389146391469746
1,3.429641980146488
1,3.6248127949595874
1,3.47951642553943
1,3.4769761854618015
1,3.4195422874767836
0,3.6880249654526325
0,3.5158212265391766
1,3.5315366482388835
1,3.5668726107348623
1,3.560623622514494
0,3.571451218965353
0,3.3969470304039953
0,3.562187685113779
1,3.4611721733876677
0,3.432072155724235
0,3.4643233620042015
1,3.4753166004675724
1,3.4942969758287865
1,3.5047165407192464
1,3.603893500668303
0,3.5612641009881756
0,3.558375577299553
1,3.556500217140961
1,3.4953708087365145
1,3.4276915120545337
1,3.470954430019997
0,3.445279086598553
1,3.467054575017603
0,3.4346633144352543
0,3.5159218404822865
1,3.41420668244402
1,3.4189477861492796
0,3.3811060556735857
1,3.614273364804704
0,3.61618023396618
1,3.5182012660485844
0,3.5323685388699446
0,3.704812925245759
0,3.594830220544095
1,3.635543302619295
1,3.5150034835883592
1,3.622591517509549
1,3.5504953116249363
1,3.6427450536337656
0,3.401521424050343
0,3.5041917724335225
1,3.434487726630903
1,3.447972122902483
0,3.452815522855341
0,3.78459654784713
1,3.655515487046055
0,3.4863347347390015
0,3.741844238771928
0,3.544121701592899
1,3.485365506607679
0,3.4665877208333047
1,3.4746663863211062
1,3.796950897957729
0,3.568325261242499
1,3.4996844984822877
0,3.3957727555619734
1,3.6687900979052364
0,3.416632512210076
1,3.4657861718448353
0,3.587147695920582
0,3.6957794647450664
0,3.561053378858261
1,3.4223636283322345
1,3.4570207263108803
1,3.688611738705638
0,3.4697425640147
1,3.652909628361887
1,3.684075246108924
1,3.4507024183831168
0,3.6709277836212584
0,3.8004996879889315
1,3.475866395235283
1,3.45217791191137
0,3.650342950980969
0,3.3992596681549236
1,3.4242669302434194
1,3.520586045754439
1,3.637577160922351
0,3.4803482940326
1,3.7041477446885547
1,3.8725454561526425
0,3.664994858812665
0,3.5358508429325943
1,3.452153087665095
0,3.6775197408082585
0,3.5662009693699797
0,3.5713116336865833
1,3.6401336257351433
0,3.5625786939868833
1,3.6577139649130177
1,3.462418211490498
1,3.804511212608589
1,3.4844231973887374
1,3.5155292193305687
1,3.444507018135664
0,3.810155876427455
1,3.7793346585037564
1,3.425184187884623
0,3.6701619997270076
1,3.4132250011274494
1,3.424405088249731
1,3.7809206530709547
1,3.5928909440161956
0,3.4125144343014093
1,3.616618743691641
1,3.4126552453384025
0,3.6657689432742933
1,3.4521679134532914
0,3.5585830448662716
1,3.5004944409251992
1,3.587218691382553
1,3.6627693439168385
1,3.6209180780718406
1,3.477249570508974
1,3.5038879265958682
1,3.4803881706020783
1,3.554507318770635
1,3.624604920270585
1,3.519783058881828
1,3.513428616307567
1,3.504296616801538
1,3.464567016299022
0,3.7451565580107724
1,3.416509782875656
0,3.63143661891755
0,3.556914587694745
1,3.690879234068997
0,3.639298411449393
0,3.4719981617994664
1,3.4636145886802474
1,3.509418804687991
1,3.5107252795814987
1,3.617568421853214
0,3.51001827790799
1,3.8864003101513322
1,3.7619444035696463
1,3.5766016615725884
1,3.454681292452739
1,3.487728820999353
1,3.472722788515548
1,3.442043760962248
1,3.4140378305315715
1,3.5088821086461004
1,4.001595777887717
1,3.492234840737558
1,3.4743143957090212
1,3.653068300693185
0,3.4228997444907576
0,3.548774639611268
0,3.933442095172172
0,3.424148364872517
1,3.534786074634116
1,3.5480752823478094
1,3.5035083667479614
0,3.5625217042038932
0,3.5964611728842337
0,3.690211843000497
0,3.6800519206635403
0,3.497154545174482
0,3.3897288551374904
0,3.5383125099645607
1,3.4489643830697525
0,3.5844044409588975
1,3.5749487451611097
0,3.747119490907903
0,3.4162623039137445
0,3.6705758204082457
1,3.495052710922999
0,3.581852657480928
0,3.625740624402018
1,3.453255684782427
1,3.571937678056549
0,3.550576821376081
0,3.5017742823104445
1,3.443014344272896
0,3.4033029738426515
1,3.4988715913721697
1,3.4592425148888117
1,3.420904602261948
0,3.83036829542549
0,3.5727125647062437
0,3.478935862723566
0,3.601317269807542
1,3.591108399400365
1,3.5083379315138323
1,3.487162521283211
0,3.8288049719893635
1,3.663966857694962
1,3.494642033700392
1,3.910600039727078
1,3.441617436478523
0,3.472182388173552
1,3.597278361446988
1,3.602078781007951
0,3.795952117312528
1,3.480746537869753
0,3.4705329055036414
1,3.4143098710128177
1,3.6077426371736068
0,3.7522622799594942
1,3.4294722766434256
0,3.4686753396677825
1,3.6643819726659674
0,3.421584530570468
0,3.4273488617527184
1,3.677729536299677
1,3.4860794512318884
1,3.458198070345151
1,3.4800211307744333
0,3.692339782450371
0,3.4176896622772746
1,3.4769417408109806
0,3.5857943747636583
1,3.4190838777265427
0,3.541138324328931
1,3.8558254413801243
1,3.590216112286076
1,3.6980663754527905
0,3.4147075920901724
1,3.7139985257452643
0,3.5088319576016516
1,3.4905143557379374
0,3.5749242212620795
0,3.5112953161473577
1,3.801026776356626
1,3.471853076058819
0,3.5711962904791514
0,3.4976288232008397
1,3.531292649704473
1,3.450223506847956
0,3.58363789084109
1,3.473078374002889
1,3.4574348461731
0,3.5133829998915154
0,3.5895695464791646
1,3.5632280017216096
0,3.5971494690717036
0,3.4475953802740307
1,3.638305685726894
0,3.5656752007924384
1,3.4132963310661064
1,3.6896891449977796
0,4.094212118283244
0,3.683231951977096
0,3.572846274080824
0,3.673506211142024
0,3.627579212189018
0,3.5445517988972
0,3.5301371864050255
0,3.464438548781654
0,3.596096954326251
1,3.493256705806046
1,3.4614993241782583
0,3.3919519378131815
0,3.4319800146037798
1,3.41543243532602
1,3.5044534852774274
1,3.4880710216519963
0,3.578854463362359
1,3.7231468408331914
0,3.5445915949082445
1,3.602640470227789
1,3.481658911388187
1,3.416137076255032
0,3.549174750464886
0,3.605959009924982
1,3.4515451432651694
1,3.581608464862
0,3.7491919268387286
1,3.4530849039431306
1,3.4142742756164832
0,3.5350580282832467
0,3.7739212124131964
0,3.4047181024826605
1,3.463121991325106
0,3.503101053110021
1,3.448686918866155
1,3.418642186324754
0,3.435449982044226
0,3.46205098026117
1,3.4924402620122086
0,3.4753663119560354
0,3.464825295037348
1,3.4828756354707244
0,3.7063582466769986
0,3.683040070112778
1,3.516885248541702
0,3.3713262776037527
1,3.5359986052255907
1,3.614909682001852
1,3.4970329386705203
0,3.6646049140164965
0,3.8619088026854427
0,3.6058957458971044
0,3.5538881256857033
0,3.5206791894523413
0,3.4811722725211216
1,3.5036945928460455
1,3.428470435943182
1,3.4553952385762785
1,3.531291575799102
1,3.4231907005572797
0,3.74170506066258
1,3.5153761258552225
0,3.5080997177958304
1,3.499711514779955
0,3.5811957436432373
0,3.411203335470389
0,3.6689203878796692
1,3.5053111236662358
0,3.5716834484094755
1,3.450446463053459
1,3.5611870545620774
1,3.5497228042227307
0,3.573820896295705
0,3.5913989079689053
0,3.497828644029271
0,3.5990909191169935
1,3.4483251032787945
0,3.5000304073876736
1,3.549446159115656
1,3.48085702008876
1,3.4205039193257254
1,3.5012509611182785
1,3.5064116052436196
1,3.4519596750210257
0,3.5788327182962587
0,3.4183617240247224
1,3.4168311203044146
1,3.425919056398688
1,3.5030108318249322
0,3.574732347975504
1,3.5959698476114865
1,3.6675592602553433
1,3.5203988008381675
1,3.5659912862080847
1,3.4732610508404838
1,3.6208599565093365
1,3.4514091571573835
0,3.583392774606169
0,3.6902659097255133
1,3.6004274835778607
0,3.7296053046593687
1,3.435017846585824
0,3.5622217032059997
1,3.8613734928778705
1,3.6614635918259877
1,3.478096379511904
1,3.5593266920796642
1,3.4802448001725304
1,3.4751816535751425
1,3.524497923015676
1,3.4607528434133896
0,3.4957189758873164
0,3.520631858264517
1,3.506436122691823
0,3.723869896201162
0,3.716553527552965
0,3.428102488470064
1,3.4910051999535843
0,3.5179310836098145
1,3.7036782820204244
1,3.559948960053284
1,3.4725290044461388
0,3.5834209967526287
0,3.613405317087935
1,3.5421138096406004
0,3.4898502778211378
0,3.402954597436672
1,3.630015770209453
1,3.446696528863707
0,3.4062700518220392
0,3.5019041633370325
0,3.53776361758877
1,3.496399982265146
1,3.4996213693638047
0,3.407098767203729
1,3.433608114042129
1,3.5964232025893366
1,3.4749024747328763
1,3.473675668102272
0,3.6692216937051954
1,3.467155664009444
1,3.801509394973071
1,3.867211671532072
0,3.472623239844498
1,3.5242153509435057
0,3.587592873400188
0,3.4035593693221924
1,3.420457270777782
0,3.603877118103772
1,3.440528261808894
1,3.443437439628705
0,3.4589204721984457
1,3.4776931324830946
1,3.430623881772302
1,3.4459910158889753
0,3.585282702016788
1,3.8603722832761127
1,3.4446880394928825
1,3.431614871040175
1,3.519306488768268
1,3.437197215828127
0,3.6076978127038415
1,3.4832662201360365
0,3.456122936075719
0,3.534699192688029
1,3.6061200686435217
0,3.4370320119044013
1,3.631493889124624
1,3.479066508394674
1,3.6314779268408266
0,3.475943921247545
0,3.398866352469312
0,3.4879213712243624
1,3.481350221962095
0,3.4483353746905507
0,3.4101859946858357
1,3.5179226824451506
1,3.848976925107226
1,3.5430789727483334
0,3.425497257643837
0,3.4863144399691066
1,3.5961536584313967
1,3.408126204067775
1,3.664939104957738
1,3.419448064027
0,3.5702986213407737
1,3.486789314628924
0,3.5907500359103226
1,3.6474776844724124
1,3.4200244372544564
0,3.5294548116799866
1,3.5466714101994175
0,3.570304643995926
1,3.4601052500871403
1,3.5932870802529067
0,3.57718346531895
1,3.8882591005055653
1,3.5261134796403124
1,3.410263773152806
1,3.705557533485874
0,3.395720466763349
1,3.413993270620287
0,3.7005085807069764
1,3.4294302773979153
1,3.528954820667868
1,3.443398522303034
1,3.5011477041123817
0,3.8638245140591567
0,3.5034595263269313
1,3.4909122915712913
0,3.491358134780454
1,3.4605212017515727
1,3.578696246003319
1,3.4917086783268183
1,3.4596463986104053
0,3.441601551427767
0,3.4778768471991532
0,3.49333288350326
0,3.774943899396755
1,3.4595024882420815
1,3.622713434832007
1,3.485938959727015
1,3.4860622438397817
0,3.5347975989155183
1,3.5177695292659212
1,3.5136960109649613
1,3.6019405080608227
1,3.4736747015525946
0,3.73139959267643
1,3.5267501320416024
0,3.6981712082043727
0,3.4851385281338523
1,3.6630394418397927
0,3.5137284395463864
0,3.4111255877247255
1,3.6315268817053403
0,3.4012603156279595
1,3.535055693065302
0,3.7135976908476773
1,3.9019752886830332
1,3.544108979019205
0,3.3831222537368317
1,3.6762204441762707
1,3.50099209149514
0,3.5464127910437413
0,3.5993227340122194
1,3.4339868876249375
1,3.4847771156574545
0,3.4456888756311668
1,3.4889880569945397
0,3.7572179455254617
0,3.458824363642484
1,3.4865375157878895
1,3.4130630524330146
0,3.396837158884179
1,3.4471291565036433
1,3.5741942022654856
1,3.481439125156414
1,3.5294623332783086
0,3.6261620033087554
1,3.49942085164147
1,3.5300708328069406
0,3.553597499655399
1,3.4576201263775417
1,3.77451311529686
1,3.42271100283886
0,3.5375119044653136
0,3.659339546066828
1,3.5862993097418605
1,3.4979923638631525
1,3.535522600080929
0,3.4692359624852362
1,3.585625923380541
0,3.5596115912543747
1,3.48635646905146
1,3.4701849093400057
1,3.47753040582617
1,3.4665156936414783
1,3.50786737304175
1,3.478971342055731
1,3.4980954369698574
0,3.5643037834869933
1,3.4521486848506004
1,3.577433750123563
1,3.60103722692951
1,3.5993322528919074
1,3.4186083104890868
1,3.4585508332693116
0,3.564377639244792
1,3.523397269085654
0,3.527398033826863
1,3.785698937027571
1,3.4557925292371965
1,3.7189971589954447
0,3.41767605334813
0,3.587048234795129
0,3.4892950084350125
1,3.550567692717544
0,3.4555944658441535
1,3.4803318377295085
0,3.41438169625897
0,3.4184565630395265
1,3.4568883232255265
0,3.40565533207964
1,3.469792799392574
1,3.5385851304382507
1,3.498513004083799
1,3.484578606350718
0,3.434267056928637
1,3.572402493918579
0,3.58381489293356
0,3.398229966173538
0,3.4117629487888026
0,3.665060047960702
1,3.4881598235242683
0,3.574033894857223
0,3.6544468871728784
1,3.685337718215257
0,3.46055007365516
0,4.05160260674396
1,3.5335630317499787
1,3.809325994665164
1,3.4237027083170926
0,3.6322248508023183
0,3.415560517649772
1,3.4723057504436676
0,3.532949355667466
0,3.4114961503335066
0,3.4582377649528224
1,3.5215054421306284
0,3.502920010530815
1,3.56767828697184
1,3.5831763092461184
0,3.541848182148119
1,3.600734701801524
1,3.5087482693051095
1,3.443982470506189
0,3.566257388866053
0,3.4763700452020836
0,3.387703729727834
1,3.470506223363889
1,3.5091703103596434
0,3.713952119583493
1,3.543564107595979
1,3.4476872574639477
1,3.5035944193373276
0,3.514534636460517
1,3.5224654764668357
1,3.4149488838608684
1,3.4970522397322648
0,3.4931937750555884
1,3.5003599966274828
1,3.705847222740072
1,3.514314575690168
0,3.571709430112127
1,3.4108679077051782
0,3.4270779893871386
0,3.381179959167885
1,3.459804300505586
0,3.6211021377524597
0,3.452863816215515
1,3.418860471947019
1,3.5682500508777832
1,3.432479442475308
1,3.4916788484647183
0,3.4689908247906702
1,3.41908055998434
0,3.609381965874858
1,3.4151826316143485
1,3.71704783030192
0,3.57411322479562
1,3.5322827143948956
1,3.4667189538444525
0,3.490527759016693
0,3.629735525448571
0,3.4100686146862316
0,3.591222347105763
0,3.5463020914604395
1,3.542149227611921
1,3.4886243820896596
1,3.463213254031973
0,3.6047467859814115
1,3.5337380738975894
0,3.5746102720051027
0,3.5717179107996624
0,3.6991443128013493
0,3.5795596382159216
1,3.4515451432651694
1,3.5521079702904
1,3.458316515790344
0,3.4212705241329093
1,3.5948718923006
1,3.4984039649307404
1,3.4813612345987877
0,3.449439172238497
0,4.014182772681333
1,3.4749084607193517
0,3.5345234375709276
0,3.4591713770126957
1,3.5757658745484457
1,3.4774877765902743
1,3.5502262889862823
0,3.4834441371919067
0,3.3780874718108542
0,3.5381806486823155
1,3.546127540328885
0,3.6350770287996874
1,3.462051341760764
1,3.452531822406083
1,3.4207808678434626
1,3.519312073340289
1,3.539430248338794
1,3.767021593113212
1,3.4148403918804413
0,3.402818388534237
1,3.651719318001347
0,3.6175565069737567
1,3.4972487771483265
0,3.6691902347266017
0,3.5724525226827537
1,3.441856502979915
1,3.638929605531484
0,3.462013257220095
1,3.8799400204125174
1,3.4695010179828447
1,3.4488223829812497
0,3.5691931318732295
0,3.5324906577445603
0,3.6604900427475893
1,3.543582071266187
0,3.536055777175785
1,3.482604877619531
0,3.6000320790702784
1,3.5292153847832504
0,3.56876754437419
0,3.736856446934356
1,3.538720587614512
1,3.4193804958339618
1,3.615094637330183
1,3.493713872409096
1,3.764287603678746
1,3.457825348963181
1,3.482785655107629
1,3.6544075260932436
1,3.549078046353984
1,3.671683425952977
0,3.533159885899704
1,3.607379964165036
0,3.510132762281398
0,3.5063559562602546
0,3.4100322396624967
0,3.538637455162722
1,3.477597291815419
1,4.191276545050277
0,3.715927534949749
0,3.397925871359104
1,3.421195723412903
0,3.517808901569572
0,3.680526787409182
0,3.385527677480454
1,3.5197637954005034
1,3.557989320372443
1,3.489462494159804
1,3.4828943947059585
0,3.4202664638605587
1,3.7242743098783104
1,3.6778287765439646
1,3.4464219837574883
1,3.4906894827860286
0,4.041161519743553
0,3.724242175643622
0,3.4825801604050377
1,3.5423836181882535
1,3.424883984764903
1,3.569800632149206
0,3.5707950992048763
1,3.4633299669026445
1,3.754728728712523
1,3.415693643843998
0,3.5305275987787477
1,3.416417757284148
0,3.6127074966555344
0,3.4223419121359244
0,3.572776623427098
0,3.6082682924705463
1,3.592552530757869
1,3.5090707885245878
1,3.437720938712392
0,3.504868822104349
0,3.3784440353824627
1,3.804573672368532
0,3.4299664000079484
1,3.493654654443434
1,3.4444860820508723
1,3.4177646317487023
1,3.512177169053727
1,3.470066582088104
1,3.561597140503865
1,3.4775359335547833
1,3.5551584689839273
1,3.4221256930511985
0,3.511088075435646
0,3.3846191840148556
1,3.514297457620401
1,3.552923081737119
0,3.412734934838261
0,3.4296610228035656
1,3.5115282704693964
1,3.4733148848475044
0,3.6027616139607255
0,3.5632223762872846
0,3.399234302774715
1,3.448371089869897
1,3.4904698999671653
0,3.4252932279177126
1,3.663947670882894
1,3.4626626940377863
0,3.4653212149813135
0,3.7081718485328214
1,3.5650913924314405
0,3.5023019512990294
1,3.5287785774977767
0,3.6722926371639724
0,3.4073768911488167
0,3.671409234767382
1,3.4274212790958005
0,3.39438506814349
0,3.605244435825509
0,3.6238599669690816
0,3.6899429058155193
1,3.576168533640143
0,3.5921931372697626
0,3.6010237267946885
0,3.579981282414915
1,3.5154005847644556
1,3.4790254839834054
0,3.520922500072352
1,3.421230912213692
0,3.6041010292021856
1,3.4992474005441943
1,3.734076432238542
0,3.388519319688215
0,3.4571484522252645
1,3.535817218994858
0,3.440933640561642
1,3.41982122558638
0,3.5139828848057917
1,3.5058915620693614
1,3.5103983280932263
0,3.432517616846203
0,3.465981829210456
0,3.5788241855561433
1,3.7805251178123744
1,3.4931883968159125
0,3.603053287609891
1,3.4181336258258646
1,3.4844231973887374
1,3.474938135908497
0,3.545244002727699
0,3.456698708290452
1,3.471811122781936
1,3.471506115240456
0,3.387879390928868
1,3.4150168637889915
1,3.4647966836891633
1,3.473432524388628
0,3.5777676985740077
0,3.4858589539436395
0,3.4022466409202585
0,3.6037004889707283
1,3.5277265185146978
0,3.39317747688196
1,3.48066143791827
1,3.5513415819214607
1,3.413352070280947
0,3.441735092496773
0,3.432747519890477
1,3.463893627218979
0,3.475628726469089
1,3.4802621652445858
1,3.44328298054946
1,3.553787316463317
1,3.662706248182987
1,3.500657549563428
0,3.5361659948173787
1,3.7151089481557644
1,3.566454931785359
0,3.5232571099428096
1,3.4892573614369944
0,3.9330093543945477
1,3.456911291244836
0,3.5344591176392295
0,3.6895333217272337
1,3.447602396025224
0,3.4754225943715533
1,3.619816743144181
1,3.657814161454874
1,3.4266424539510347
1,3.5126024714258444
0,3.5960889425949607
0,3.594448398518115
0,3.3922135856234106
0,3.418772057810074
0,3.5827694033070685
1,3.438219756362751
0,3.6016561707084738
1,3.533669698891252
1,3.439035092970155
1,3.6324315958475477
1,3.541250739228792
0,3.6503854789196195
0,3.4741908696782375
0,3.5380050633318807
1,3.42508973904029
0,3.607324688938533
0,3.5992032969836907
1,3.5629213464456253
0,3.6641836263062086
1,3.5991572636511857
0,3.5840688106982848
0,3.5804743314656484
0,3.6170128729141213
1,3.731469639523243
0,3.3833952268533687
0,3.566862357913167
1,3.53539978014188
1,3.451880148562957
1,3.5922668504043793
1,3.66943914383003
0,3.6194720071640853
1,3.772633686527781
1,3.492694047169077
1,3.4714127163618986
1,3.5255617448009753
0,3.6228976974597837
0,3.3903616171208104
0,3.6367505335999244
0,3.426140249511294
0,3.479660485375328
1,3.4155888957704987
0,3.4735771659213617
1,3.5941977082981706
0,3.416625067256538
0,3.6981712082043727
1,3.7423634075115593
1,3.4232384828020184
1,3.4269556161359755
1,3.6151123493646184
0,3.4584087093597446
0,3.387454962397274
0,3.6508923416436807
1,3.4265194568518154
0,3.6811621931820646
1,3.6466171265987413
0,3.6043749597839865
1,3.646879263099463
1,3.4169351379729562
1,3.6729266707564556
1,3.4795925148769693
1,3.5567636637293476
0,3.540883845847194
1,3.457619583161777
1,3.441851440757724
1,3.428759468933768
1,3.4731169587190727
0,3.453319055982635
0,3.623503489715444
1,3.4125388738198787
1,3.5077889769635626
0,3.4913219336093064
0,3.66726043313388
0,3.5676192157906352
1,3.5133297843884104
1,3.4583677403457096
0,3.652404812495397
1,3.608362283046648
0,3.4233075149134233
0,3.427799158451594
0,3.3857114831528654
1,3.4664500458650256
1,3.451977755971087
1,3.6092816405250447
0,3.6194861396301587
1,3.4873562243725837
1,3.4131882031943968
1,3.4238500559007914
1,3.6634299836943125
1,3.5224723246464653
0,3.5673568259358697
0,3.703533083836577
1,3.4684757669637003
0,3.397028439853298
1,4.011911748117458
1,3.417258609841966
1,3.420603472206176
0,3.4030098138443514
1,3.675060791201886
0,3.6112974056799754
0,3.6624405432330827
0,3.4097670905708752
1,3.4793930155047845
0,3.588078621381033
1,3.4574984192311393
1,3.4120337981503375
1,3.4266424539510347
1,3.459035561107342
0,3.7369918836186544
1,3.558975379141091
0,3.4148527189458133
1,3.4152807376724734
1,3.6526498748369516
0,3.6077057165333755
0,3.6906216118764466
1,3.6146755859371438
0,3.4621448060528697
0,3.5783889286427217
1,3.569065550632327
1,3.4914787521025925
1,3.4732288349960685
0,3.4180607639380396
1,3.6610140086163243
1,3.427109933316712
0,3.5428509150156473
1,3.56509424861731
0,3.4223709965710056
0,3.5729808263610794
1,3.6297848076118204
0,3.4308376834568692
1,3.5364094832963477
1,3.5707650373574524
0,3.400952363781908
1,3.646617005645154
1,3.479090857390837
0,3.54281920144095
1,3.5099180202022575
1,3.487717687980759
0,3.6908150588543207
1,3.5021173980397617
0,3.696893237916251
0,3.5612066814663565
1,3.577065264417753
1,3.41543243532602
0,3.6411421216116584
1,3.520400692541298
1,3.487331731015223
0,3.424369793532065
1,3.507654289204565
1,3.722710734647165
0,3.542872136540742
0,3.6532922426836882
1,3.4212319793759565
1,4.013645912636687
0,3.4508984991029363
1,3.62673872870635
1,3.4846592262224654
1,3.5528844227605525
0,3.5637341128651747
1,3.4928585218543704
0,3.5692474499668365
1,3.6372515516026036
0,3.673051151842109
1,3.581757519885629
1,3.4980185833329815
1,3.942126637060395
1,3.4169659961160574
1,3.489429935074133
1,3.6267682211054146
1,3.45723775902884
1,3.8093758974889695
1,3.468484738066729
0,3.524719232225832
1,3.589333654503828
1,3.524782938428434
0,3.8400236850128437
1,3.4098059834321695
0,3.484189784458364
0,3.8748726289918847
1,3.6022769600058466
0,3.392447825286579
1,3.548577832238459
1,3.5642307185812734
1,3.565657030817
0,3.565982881776759
1,3.6002313102999546
1,3.4794648274894464
0,3.6520357225571938
0,3.564550860662629
0,3.52406936119658
1,3.468890359138356
1,3.5982835536740687
0,3.388083756599491
1,3.4779012317865634
0,3.3861018972104375
1,3.494380301876117
0,3.5551019408684335
1,3.5776828760980997
0,3.5714307286505664
0,3.6195175143000893
0,3.61273272542808
1,3.5310068953289777
1,3.667325803513391
1,3.6204819291243227
0,3.502846963453815
1,3.6244752857759965
1,3.436825037433464
0,3.4300350269047364
0,3.5762586939721577
1,3.6950186048571525
1,3.7459971178630993
0,3.387273981765226
1,3.5857889066609854
0,3.7230012858581123
0,3.418540794612168
0,3.428868744606052
0,3.5787148736413434
0,3.437853112334298
1,3.4953828356127548
1,3.602519974789705
1,3.579641927939567
1,3.5120452881766027
1,3.4604485884345397
0,3.5752114952373226
1,3.467794008814131
1,3.49451589106426
1,3.4872124189856035
1,3.5233906338569985
0,3.5756496552743613
0,3.58577562426671
0,3.4914695506530316
1,3.424967883074362
1,3.548871381276044
0,3.580571143912637
1,3.4630675122809786
1,3.4790678598891356
1,3.4621563431375857
1,3.627047631821596
1,3.537373241954758
0,3.5883299484712086
1,3.71401505718517
0,3.410821864885798
1,3.5622427997123514
1,3.4179245586357627
0,3.4793985201024284
1,3.4574419099035607
0,3.574281705714063
1,3.502324789550732
1,3.474079917097924
1,3.8491453694957105
0,3.4486891648249265
1,3.4547615985601707
1,3.490909461844209
0,3.827282315363812
0,3.4232103004465877
1,3.513646241685255
1,3.5088387107148673
1,3.482948192556049
0,3.7783194572224095
1,3.416204925832164
1,3.609045049681304
0,3.578670080443973
0,3.4497462608569442
1,3.461253601539368
0,3.7673581635339906
1,3.664530047528167
0,3.653775066027251
0,3.556605889273568
1,3.698626502121236
1,3.4836866915754974
0,3.8587576436817135
0,3.4139232425459376
0,3.6125057260715616
1,3.453891846840909
1,3.509308383811407
0,3.453425825175534
0,3.5834343888420284
1,3.468858082298153
0,3.5592919141212587
0,3.5555309743378696
1,3.6235575695744404
0,3.577367881246384
1,3.4756999301255735
0,3.6127074966555344
1,3.424897277735901
1,3.6025216876121693
1,3.590938186287922
0,3.5075288256295893
1,3.4831836785703736
1,3.415073259676301
0,3.404521519080832
1,3.5066801191770343
0,3.417186625291566
0,3.4475726607787127
1,3.6216503522152474
1,3.766228265536224
1,3.4141597783068356
0,3.395170147078031
0,3.775509228428968
1,3.4651089823698884
1,3.4564261448056386
1,3.4803597591868694
0,3.5381570722671754
1,3.424252859475351
0,3.5084266904369534
0,3.42413480761196
1,3.457550262264064
0,3.5785706436121454
0,3.5387984892762154
1,3.4697661367865917
1,3.589286391203734
0,3.5990043428664507
1,3.4639717188453814
0,3.6389891178849805
1,3.585549786336736
0,3.581677164694466
1,3.5836810292426033
0,3.445784858971209
0,3.411950467596652
0,3.6226609682513398
0,3.417883244098101
1,3.4511235437327863
1,3.459813483686777
0,3.5819724215983686
0,4.047526525098521
1,3.468191016490385
1,3.7174369136780747
1,3.4803667475463786
0,3.4594746241538363
0,3.4386244992054893
1,3.4380713911971754
1,3.5916494289682217
0,3.59122929112484
0,3.6992639954568385
1,3.625332360210557
1,3.509633541992513
0,3.599172822674882
1,3.4628763145471506
1,3.4949418000217887
1,3.5304560664321207
0,3.5659360761331573
1,3.4654161086347472
0,3.453138943851778
1,3.409992233204134
0,3.6078535797518287
0,3.4223990659748695
0,3.4420796463802628
1,4.002689254537637
0,3.6722350266038815
0,3.3921306247837406
1,3.6462883941699236
0,3.5810461424190616
1,3.410119963302149
1,3.654786785866647
0,3.570210727458461
1,3.421592030389269
1,3.67661509278942
1,3.7303458707179926
1,3.5268660308220428
1,3.4159879643817375
0,3.544775539994007
1,3.5407888704536448
1,3.449265438155222
0,3.6819437843358216
1,3.4673326213742675
1,3.5182747648141373
0,3.589483388233282
0,3.5137209549222437
0,3.7447788795261245
0,3.586176277177516
1,3.5928915175329554
0,3.5799220601808375
0,3.427695874727601
1,3.5053897016147437
0,3.4085590432007535
0,3.6645441742339626
1,3.5330310951777393
1,3.454636185850096
1,3.809649744374424
1,3.417326162085859
0,3.4874877548017893
0,3.4599691036407294
0,3.586924662044983
0,4.0452289017315
1,3.549836071111446
0,3.5455094481520395
0,3.589866103689017
1,3.4663819639204587
1,3.523322777560971
1,3.4727687867543593
0,3.5124018706269764
0,3.4657057997641854
1,3.5244051413443893
1,3.5004231065462723
1,3.4770588970943406
1,3.4793911942688065
1,3.508701282365417
1,3.491593651160508
1,3.461129945900904
1,3.43415196907055
1,3.621342345361008
0,3.534063314308819
1,3.605170288722393
0,3.5834757739206324
1,3.7790921574246004
0,3.7002884780219274
1,3.5155064289845086
1,3.426640144520888
1,3.698935857636568
1,3.5609124674186243
0,3.4422110843181817
0,3.6957561455655155
1,3.9392238691607853
0,3.5650869789234303
0,3.573785149975189
1,3.4118488741457726
1,3.5144884010566546
1,3.415415087710527
0,3.3789177706906046
1,3.450219657773071
1,3.4578120910350805
1,3.8604599901639203
1,3.51270162531916
0,3.6179368240872196
0,3.591989635659969
0,3.422625590929626
0,3.6262597730383335
1,3.46820895481196
0,3.623074942845305
1,3.678416616031477
0,3.57890154896925
0,3.451258687315854
0,3.3833020536893006
0,3.584507889136983
0,3.866600023694167
0,3.4658902208326072
1,3.5325329397006398
0,3.483382453760148
1,3.5166366381255134
1,3.4645664624986314
1,3.4984373613997803
0,3.3875517267582342
1,3.414831437157013
1,3.847033839102514
1,3.5176202210028444
1,3.6058030307089393
1,3.4428673662197706
0,3.383017595483012
1,3.5966053810991805
1,3.4453079793900523
0,3.4225670627876323
0,3.5922403076092837
1,3.5123605740558337
1,3.5294688591210406
1,3.415396878377413
1,3.453063425331319
0,3.3885622579459236
0,3.6392362175982966
0,3.5647814245298424
1,3.8846354619881964
0,3.5455804625495584
0,3.469119899400417
1,3.4970284973308123
1,3.4188601612578196
1,3.7080370625748387
1,3.509934551579016
1,3.7815631547113386
1,3.4929633852534656
1,3.452018353505167
0,3.6361789165748832
0,3.5412324885566204
1,3.4607579225726637
1,3.5379322927343804
1,3.4605728291774245
0,3.484020383343338
1,3.4750836703899552
0,3.495490873705215
1,3.5375016185021098
1,3.6839485921370323
0,3.7772741234163196
1,3.4404665203844127
1,3.494509581757661
1,3.4164972227279593
1,3.5139814157555205
1,3.5210400527677312
1,3.733040786266531
1,3.457231905525847
1,3.4718953242215336
0,3.3969832781116542
1,3.436769801993412
0,3.5902441353042613
1,3.487610434069659
1,3.6219068073424405
1,3.7472378123750665
1,3.656688750907103
1,3.518882209144795
0,3.460783310442565
0,3.4310420040708722
0,3.4772768214758094
0,3.567028654548923
0,3.632477352860855
0,3.5695136525324607
1,3.517234718901074
0,3.563802216265194
1,3.4628682372545936
0,3.5511992691217658
0,3.396474293492852
1,3.6931765845913422
1,3.7979567079881007
1,3.553991558697518
1,3.709102815496919
0,3.5896685859155832
1,3.4093458906803624
0,3.4417779392934573
0,3.494681039208722
0,3.4666952157705087
1,3.468598701514587
0,3.5744996694317295
0,3.5476158339654686
0,3.638227317398918
1,3.588327614541923
1,3.475511103693901
1,3.4520517364595196
0,3.5664283637037393
1,3.490780509612873
0,3.617113989093909
1,3.546239224126475
1,3.5034440261554054
1,3.577482366039557
1,3.6073813534346786
1,3.5460140342689055
0,3.570221201725808
0,3.6025996147798867
1,3.4682849160084124
1,3.4862128879527186
1,3.456854178886049
0,4.118334565145804
0,3.6962736986165026
1,3.471823782076379
1,3.4350240157682532
0,3.3908478205939727
0,3.6694855876378134
1,3.5901579949017366
1,3.5045769901413646
1,3.5171865638159745
1,3.4457512981983416
0,3.5694007229071802
0,3.534753369210539
1,3.568589152157613
0,3.5819754600560048
1,3.4803065165302063
0,3.6394934988864214
0,3.4708558653711594
0,3.5784032960060186
1,3.424897277735901
1,3.476705749594816
0,3.561383392131235
0,3.5937964338044655
1,3.4589600925521427
0,3.85968576778841
0,3.382223142627466
0,3.3995105280942726
0,3.7070154738565826
1,4.002391353854765
1,3.512654300834767
0,3.5215580573097807
1,3.500712620581291
0,3.4289754208580856
0,3.660943727925126
1,3.6032539961487613
1,3.462836788958678
1,3.534429256588361
0,3.5806782146289233
1,3.475153042506714
1,3.4786055539747136
1,3.449375788518684
1,3.4858787483129894
0,3.595248328129704
1,3.516981609967466
1,3.421554451345542
1,3.5280173715376764
0,3.568266918596611
1,3.426920077480273
1,3.45436568041039
1,3.477340237499436
1,3.439858117228095
0,3.609882173533122
0,3.5544083864527862
0,3.4639278182072193
1,3.7554441652812613
1,3.459546156806835
0,3.6895333217272337
1,3.6369353829607682
0,3.6000121157703733
1,3.535240195920312
1,3.6183175213890757
1,3.461113853466618
0,3.4241796772479045
1,3.4906593459531696
0,3.4126924338994766
1,3.4630150632546597
1,3.413523538610318
1,3.475342502711739
0,3.4490803610568572
0,3.43328402550593
0,3.5697653913422465
0,3.430903415120661
1,3.4621693270086307
1,3.5219462473184118
0,3.707429819013075
0,3.5360329034470666
0,3.4390488898840283
1,3.4182209413050084
1,3.6116852424154025
1,3.6448837670415695
1,3.4226404020165275
1,3.6718364253921676
0,3.696410257142431
1,3.738011309732378
0,3.503403293489037
0,3.486984065213721
1,3.615182962373059
1,3.5681033107592053
1,3.48015418620545
1,3.991579115954852
0,3.402396115531981
1,3.4904085268046288
0,3.5658697175365357
0,3.627278538245672
0,3.4289176649212147
1,3.4471849724696635
0,3.7337370451080485
0,3.566677610845472
1,3.4746998214561104
0,3.4848472912186637
0,3.5683667466840063
1,3.599399746836232
1,3.441737010086642
0,3.3952015350339693
0,3.4757590458407845
0,3.4277561780027597
1,3.442681186511063
0,3.414161959916719
0,3.778143984350712
0,3.5578251857496803
1,3.601682774534588
0,3.4008580341396124
0,3.4661302550800692
1,3.4152807376724734
0,3.7587673217722437
0,3.4497292156756902
1,3.6694153345685074
1,3.478960534996171
1,3.5685508191608846
0,3.440505139686678
0,3.7374331300122385
0,3.4267654605611777
1,3.782393243525043
0,3.5149736814829393
0,3.566884879400828
0,3.4423109020034084
1,3.4901507709338966
1,3.638475666494461
1,3.4730684708783905
0,3.4441305565661704
1,3.5561366905413663
0,3.573725670431437
1,3.617224430470632
1,3.5386746547763956
1,3.4140480323656806
0,3.5646052453093984
1,3.4280678883464955
1,3.5104464506372897
1,3.481376071187408
1,3.4436288378039146
0,3.567729221440308
1,3.4399154711419158
1,3.4111443379499233
0,3.640526541736993
0,3.7460680355673754
1,3.549378663195956
0,3.414984328272411
1,3.5961757060250052
1,3.492119620324995
1,3.4345991146140915
0,3.5853117705642936
1,3.6094672250355515
0,3.538601039665633
0,3.4810754958691668
1,3.4517233461994903
0,3.5870915939401034
1,3.6724792311829297
1,3.578758680907354
0,3.5359041777326046
0,3.5059474191684115
0,3.6922693086358462
1,3.5272080115063877
1,3.43778952166746
0,3.662729361709584
0,3.6031945630230617
1,3.4887312227309906
1,3.5230818076220682
0,3.421421505709425
0,3.5992758356103995
0,3.410194480009441
1,3.481041029760078
1,3.4339344391945827
1,3.4476200070953165
0,3.642199315903502
1,3.428020491848695
0,3.4128845586688334
1,3.457905326586289
0,3.691369121788034
0,3.5315188421328254
0,3.4374246447040453
0,3.6230362509648537
0,3.4008405217084468
1,3.4988743630480066
1,3.55198322927995
1,3.5998984437971475
1,3.5870892590770347
0,3.481998536756602
1,3.4604791331043088
1,3.4402040324113226
1,3.460363439943428
0,3.435832974710864
1,3.479572281059218
1,3.762008921549389
1,3.441551309177339
0,3.5591122500950836
0,3.5744662891977748
1,3.510479026143304
0,3.6001486138827796
1,3.495361171799465
0,3.532058170555857
0,3.695098432720306
1,3.4848908937350007
1,3.5235247141341146
0,3.435642837886177
1,3.8882591005055653
1,3.454385746687512
0,3.5281645165622306
0,3.453336946848978
1,3.4821736504713914
0,3.434246942787721
0,3.5835380179685767
1,3.654314024618775
1,3.6055805789780138
0,3.678354109761189
0,3.453443840141464
1,3.4284303792235766
1,3.4876690264875903
0,3.59249660984885
1,3.416561547756993
1,3.6423278240964923
1,3.5612141332060103
0,3.4414382388731983
0,3.388690252662952
0,3.486728794965952
0,3.5684363735236584
1,3.410840244043209
1,3.591218033268451
1,3.420457573472519
1,3.566832453617693
0,3.418501964947246
0,3.611417335241172
1,3.4291323671177225
1,3.4742704937397195
1,3.4984373613997803
1,3.758228852778621
1,3.5530473626446613
1,3.5858701262564443
0,3.585257870205507
1,3.4097227979135067
0,3.4050891949462154
1,3.5488589722696755
1,3.4603321885591383
1,3.482519261648472
0,3.5521193667540003
1,3.490264273325543
1,3.4581388704091167
1,3.6742801052591387
0,3.5712501839077198
1,3.484347064539511
1,3.416452673751402
1,3.457093111551939
1,3.4592594637916783
1,3.5725736729650963
1,3.4218070123626707
1,3.5075817875448982
1,3.41710627681196
1,3.6720659717290407
1,3.473928664930001
1,3.4673287165344617
1,3.515449504928324
0,3.517942121845114
0,3.434327229793151
1,3.4707482400082976
1,3.6156161199814947
0,3.4700087830720627
0,3.5137450504647063
1,3.4907240867056544
1,3.5109045881089753
0,3.4425427805159368
0,3.3832727059648935
1,3.859104929527624
0,3.663989024216571
1,3.4916620376579686
0,3.5120075012236134
1,3.5258732469610736
1,3.6856973317531017
0,3.5970752393947745
1,3.5427884958782783
1,3.4186514459848594
0,3.460732179356269
1,3.5752725402547267
1,3.4824310054055188
0,3.4407566383109605
1,3.542877624541645
1,3.487662725022161
0,3.5697115172242135
0,3.4107441842307353
0,3.4613351333588684
1,3.520238608272655
1,3.7660563257682
1,3.7137104451367446
0,3.4769866801949187
1,3.512595506606406
1,3.483029181367957
0,3.4745397166351686
0,3.392963781411635
1,3.599211036417971
1,3.5047392117951484
1,3.5375016185021098
1,3.636856326726506
0,3.618347971639166
0,3.4275003164614537
0,3.4115093617753622
0,3.555964055896526
1,3.5322159153652177
1,3.525743661251247
0,3.533647381551519
1,3.4971934845573465
1,3.463477429641092
1,3.5220229448920213
0,3.525694539468538
0,3.5111191266941937
1,3.7701958090878107
0,3.451883195487922
1,3.690066245614599
0,3.691804294674667
0,3.4262229869605876
1,3.631192444980048
0,4.037817320840085
1,3.454218422574064
0,3.3932879751717535
1,3.489927994005373
1,3.604407817722694
1,3.4281583356819723
1,3.646449254210489
0,3.4031915820209417
1,3.4782841742883255
0,3.5426037588183976
1,3.526248316325602
1,3.5591841878380803
0,3.4349417562050513
1,3.6254296105428416
1,3.412245698689378
0,3.4052158482849997
0,3.515821421770519
0,3.7019467579391616
1,3.5228241263533047
1,3.6023470132193873
0,3.5776382454170004
0,3.605321827802038
0,3.667260019574609
1,3.5150034835883592
1,3.732056432390171
1,3.565065425939264
1,3.498967576333297
0,3.474571703138576
0,3.4069481227503036
0,3.496696955579187
0,3.426444745738811
1,3.4752664527538015
1,3.4794389971892214
1,3.535141767745042
1,3.4856417579089474
0,3.4063485093929287
0,3.4132624091346524
1,3.425902174287713
0,3.3776219402249974
0,3.493141385779669
0,3.5712689124231076
0,3.589194724511631
0,3.5803427841897575
1,3.6638542968039376
0,3.933442095172172
1,3.4581236048488124
0,3.987029204596821
0,3.444694778558082
1,3.443542540606036
0,3.4626180303075036
1,3.5046037661921594
1,3.8995993550457957
0,3.5313825008312714
1,3.4886243820896596
1,3.5022730700203066
1,3.5331005076890496
0,3.6788972592756672
0,3.3785727779894033
1,3.4414675627607942
0,3.405104114681515
0,3.48905959807881
1,3.5076324397572
0,3.6053803894899756
0,3.5692407543450617
0,3.444474141598526
1,3.601351327998633
0,3.549947628522996
0,3.416692759913081
0,3.6365544407722177
0,3.5620856509635557
0,3.5648490976818366
0,3.4294640598690274
1,3.4302376647540322
1,3.5381320443190205
0,3.4030305073657794
1,3.4717797999818485
0,3.510268464564526
0,3.623525786694172
1,3.4203286608406493
1,3.7554441652812613
1,3.76124083115219
1,3.597009445523295
1,3.4861320784027385
0,3.4822542459264914
1,3.5447508995347845
1,3.4968067680209467
1,3.5077362217432957
1,3.490237138057459
0,3.5872136146595435
1,3.5951559400184756
1,3.621861619017382
1,3.4238546132322
0,3.566315769140337
1,3.5105049049836277
1,3.5104464506372897
1,3.4786853489875074
0,3.5035899056595934
0,3.620504757914252
1,3.4103994517608474
1,3.6179619473662044
0,3.577950299387157
1,3.4678287178075453
1,3.625409419426947
1,3.639264643324639
1,3.701143924429848
1,3.578942350741077
0,3.617942396026206
1,3.461418952439889
0,3.3931296187266353
0,3.3943352956515085
1,3.546169374743863
0,3.403600292151831
0,3.39487139386623
0,3.602908738250355
1,3.4459110581969945
1,3.4816789423012464
0,3.5256423719564864
0,3.4258588789334703
0,3.4015706152195824
1,3.4799694369274654
1,3.429948808931028
1,3.4215184037100705
1,3.4282827815364967
0,3.5775250200769477
0,3.5876759769428026
1,3.8035240460087607
1,3.4177258340281167
0,3.3846047872038465
1,3.4649869665240054
0,3.576295567197324
1,3.5218067651159064
1,3.426159356716483
0,3.549416435236705
0,3.421246095988469
1,3.469816136664867
1,3.513431803853265
1,3.620695486768455
1,3.606463036809426
1,3.682445056861709
0,3.581574010265439
1,3.4862762000104204
0,3.6532866982754246
1,3.4398120514168666
1,3.4530000133390275
1,3.4813782847796553
1,3.543846069590699
1,3.479599103042783
1,3.479279665886784
1,3.495954416818856
1,3.428287797405801
0,3.593371880556411
0,3.404344794997527
1,3.6011118350098474
0,3.3770769088340584
0,3.455453419475387
1,3.463154372449438
0,3.5647954260233825
0,3.6020079272864374
0,3.588366980676531
1,3.4795280247232196
0,3.6161334126248903
1,3.461959653253809
1,3.4536093625744373
1,3.740332234688932
0,3.83036829542549
0,3.5400082577041623
0,3.6010412807507737
0,3.6040829237854024
1,3.499282851303606
0,3.6906216118764466
0,3.413664083594008
1,3.4444921510972684
1,3.4810036597511695
1,3.4666931640670766
0,3.5085041957147687
0,3.4526204349171614
0,3.609380725814697
1,3.4816789423012464
1,3.572803577609619
1,3.497882963211433
0,3.4607695097426037
1,3.4615548576697797
1,3.485041420465593
1,3.4712599199171774
1,3.4738783860965725
0,3.673641778249293
0,3.415191004877082
0,3.4081063019055633
0,3.3896841045194512
0,3.566429033204304
0,3.477869329103882
0,3.870774133455613
0,3.441605711925418
0,3.580761574433412
1,3.509934551579016
0,3.6737501515664404
0,3.71896619893006
1,3.6047984310085446
0,3.5703473133756822
0,3.4560274060889715
1,3.4950421429502074
1,3.5005124319900793
1,3.5813668188846113
0,3.5194063600848953
1,3.511379326863017
0,3.590529300624989
1,3.492151028019137
1,3.7112064384271592
1,3.7313389100758596
1,3.5148184421957978
0,3.5818407718970593
1,3.4477834646230936
1,3.5865375432517466
1,3.419298507085456
0,3.576222785401481
0,3.3737759264307634
1,3.4363649319947007
0,3.3980652921357395
0,3.406230440306142
0,3.4512359090052787
1,3.564690619178076
1,3.4996099541468135
0,3.538073869139948
1,3.661488257142091
1,3.6631025295692092
0,3.5143006048488834
1,3.507312437603545
1,3.422930274539833
0,3.4045281753960253
0,3.586447174941806
1,3.4330340787406946
0,3.3939990112954335
1,3.4177258340281167
0,3.3974612428339244
1,3.5847037868677596
1,3.455762708247749
0,3.599709715419226
0,3.5714104583984754
0,3.4639301392174455
0,3.6545917931572514
1,3.476297303570525
1,3.6839249452502947
0,3.5583319308031967
0,3.589917622624774
0,3.7980662417361524
1,3.5120263858411245
0,3.5222306629337217
0,3.627159424207232
1,3.4839997470263824
0,3.382400799059611
0,3.5895404016563304
1,3.766827475671667
1,3.453967401471436
1,3.5008151608028535
0,3.530398617570793
0,3.4123531861778544
1,3.796804645959089
1,3.5100263648688412
0,3.400000052809588
1,3.6399133473726466
1,3.4681564428262655
0,3.434065730481978
1,3.6736377410358276
1,3.7781679846469958
1,3.5011088496177134
0,3.409089467392111
1,3.4235070827567045
1,3.450077694596222
1,3.476733059339342
1,3.4640931814017986
0,3.568436805359903
0,3.5881765719636904
1,3.516287050922897
1,3.598048233597276
1,3.520651875194993
0,3.8555626414001285
1,3.582323755721808
1,3.4508014633556345
1,3.4308493327497285
0,3.52702887548982
0,3.8005284423553958
0,3.418188253046699
1,3.7498075878521524
1,3.527673678959276
1,3.4186769652555573
1,3.55001200209004
0,3.4320386625224506
1,3.5026363289656457
1,3.4650909820295106
0,3.53954138772252
1,3.698935857636568
0,3.5544714523050573
0,3.413380459579947
1,3.6552965547473866
1,3.675530001958645
1,3.4246669464845687
1,3.4886243820896596
1,3.467663657316421
0,3.5252361398319523
1,3.511926545902285
1,3.5252814472869907
1,3.495087783072089
0,3.570957591895678
1,3.5128633510341842
1,3.446766832771331
1,3.505358246214366
1,3.5953641615536642
1,3.4254217410676726
0,3.5492977763980558
1,3.7366593413552245
1,3.580550311456631
0,3.563193884568173
1,3.413855696226294
0,3.8830050022429763
0,3.5999880514959623
0,3.5287480311328925
1,3.727835680644613
0,3.447873965780519
1,3.5480969382916614
0,3.4402805179739966
1,3.4853358383812174
0,3.4609066422411434
0,3.461509318919568
0,3.578814456363242
1,3.444940592122717
1,3.556189420346035
0,3.4128627060796153
0,3.683561322535205
0,3.3883446882445525
1,3.4224173264924076
1,3.4164971247714253
0,3.670872654431515
1,3.4626477961092563
1,3.438050855372644
1,3.6286647446033897
0,3.499036556369748
0,3.45816647231227
0,3.6621287928464454
1,3.41406112530956
0,3.475129223615957
0,3.5835130246188323
1,3.440901867138023
1,3.436981828148888
0,3.4427587061033975
1,3.4726105626682506
1,3.8082009582781535
1,3.750571460774025
0,3.434721518256883
0,3.5880881525608044
0,3.5766560349365992
0,3.4290884301147804
1,3.563881314938019
0,3.7636916186965212
1,3.4758153624791785
0,3.5159048780246973
0,3.724998124461855
0,3.4083775461313945
0,3.573999700199942
1,3.470120156278564
1,3.4933991451981807
0,3.56454845734551
1,3.4496222279952744
0,3.533411500811295
1,3.4724448991289023
1,3.4397497819268668
0,3.6955274472077453
1,3.4592294229498455
0,3.4422884686528334
1,3.413352070280947
0,3.572811205574012
0,3.6164137060187236
1,3.4263076667679417
0,3.580589611797089
0,3.568172818115538
1,3.513560999737722
0,3.54302620827842
0,3.706400506348574
1,3.443780623597181
1,3.415202444488339
1,3.8861002140201886
1,3.586354593794567
1,3.6432916478779345
1,3.5596518818226905
1,3.4740965120518665
1,3.5513874860838563
1,3.5666115879605536
0,3.6452676690596784
1,3.423835053081662
1,3.4820345585727135
1,3.4810894470463802
0,3.5745700711618826
0,3.4207270750313272
1,3.4777377685695323
1,3.6846450613262562
1,3.474404571890649
0,3.5885375743634476
0,3.3856877588952927
0,3.4950025671395637
1,3.519573614880501
1,3.440245267397744
0,3.41833157061916
0,3.696345878150965
1,3.4481107315590096
0,3.707650959410122
0,3.6808819137902073
1,3.4161710852688625
0,3.601545785568837
1,3.544158846178485
0,3.686351743123693
1,3.4557917939867377
1,3.5757075695021703
0,3.5271084223402838
0,3.786210404793432
0,3.66374252090781
0,3.5842358924481714
1,3.47158311842952
1,3.661868243417146
0,3.4785608071564176
0,3.4994739763445395
0,3.465109625994237
0,3.423907793379379
1,3.554099745659215
1,3.4636640879354084
1,3.5152366281123255
0,3.5277328993478765
0,3.5362676565971825
1,3.4148568647148614
1,3.5959698476114865
1,3.4237042914773577
0,3.5400852727371137
1,3.6796091593608233
1,3.4899482341594603
1,3.4607735313833636
1,3.527079726977141
1,3.4179103625440876
1,3.7085730041133225
0,3.4114719006784235
0,3.408903524482314
0,3.619031428442899
0,3.4053137237717603
0,3.563101062372341
0,3.5834579379929976
1,3.523638954976502
0,3.5463654743133346
1,3.470313320335109
1,3.4786060276102995
0,3.4291048836187943
1,3.4666020438331984
0,3.5856847514723627
1,3.9655984482058853
1,3.5655380407894346
0,3.4746661006016626
1,3.499990242808086
1,3.581717288589244
1,3.49942085164147
1,3.4187677952383897
1,3.462433397390358
0,3.57360604328531
0,3.566846369935819
1,3.498196218137914
1,3.4816865897364897
0,3.5256059892845757
0,3.486661651042053
0,3.5855762662141615
1,3.7409170329059234
0,3.447255719351438
1,3.478984690371779
0,3.5905477471048015
1,3.4779647720050986
1,3.411994236773691
0,3.52661356700447
1,3.504378922090624
1,3.4196174924840363
1,3.44802372079549
1,3.7004279621323324
0,3.4410342062410577
1,3.422068401203264
0,3.5823763186515083
1,3.5856540631782154
1,3.4752815778545125
1,3.5232209816165123
1,3.4354864293870855
0,3.648469216000723
0,3.5643639124983677
1,3.4594989083770145
0,3.435013273318699
1,3.5972956675981194
0,3.6055024655951913
0,3.5914552011820624
1,3.7222426643306163
0,3.594295773017868
1,3.467203868152876
0,3.585097900021844
0,3.4483464239505026
0,3.580845120020572
0,3.3889597151454405
0,3.525046259365596
1,3.4174455621640916
0,3.6908699495244495
0,3.6047300828147586
0,3.39035668318224
0,3.7408298253905463
1,3.5490331198384912
1,3.486477573759839
1,3.4674429465241015
1,3.50780274947484
1,3.4278883619719944
1,3.592062695491354
0,3.4233565001317476
1,3.4922794480832065
1,3.5663730617269995
1,3.418372739395931
0,3.424143808109992
1,3.4918598443429296
1,3.462424172384892
0,3.6532922426836882
1,3.5786566746124695
1,3.437882114261609
0,3.405168463902219
1,3.4779012317865634
1,3.6864288644414613
0,3.413336811259313
0,3.4208801342608877
1,3.4590347645013453
1,3.5011828346747818
1,3.4469842801969044
1,3.5183201540068794
0,3.489357856312725
1,3.541645932297402
0,3.5365561796377043
1,3.4590922108364035
1,3.5447508995347845
0,3.5397397410024105
0,3.3929039719974963
1,3.4824851431786734
0,3.5017363547765648
1,3.6431121309822707
0,3.5154942725857037
0,3.532638919204193
1,3.4836917934092737
0,3.391390659419274
0,3.4211282207728195
1,3.417736570259279
0,3.6855832953820653
1,3.4537653683174017
0,3.432433326299476
1,3.4478425343411896
1,3.4457512981983416
0,3.636574047686493
0,3.4153356667711385
0,3.595864839039349
1,3.5174082992847926
1,3.4727418645875523
1,3.470141279711111
0,3.6095549269630687
0,3.435638553725946
1,3.4932801432455705
1,3.8613734928778705
0,3.3884211410773566
1,3.508051477411918
0,3.413007097583667
0,3.648593790405271
0,3.616030749624446
0,3.503932502891465
0,3.4787999016010995
0,3.58230441137353
1,3.5317059550786207
1,3.5340782811585325
1,3.6646672430574365
1,3.4168509289295166
1,3.4275484881127887
0,3.5731303766635554
1,3.472871609882242
1,3.5690758617333187
1,3.55837671151979
1,3.4168509289295166
1,3.451401775742769
1,3.510296034039908
1,3.472349771406393
1,3.43517352882808
1,3.447518144295329
0,3.4614854314873127
1,3.554858834718483
1,3.449777155636015
1,3.4080132952518367
0,3.7112012999777892
0,3.5774717072334634
0,3.5404026407809286
1,3.680949904504633
0,3.415885947049065
1,3.4599590428862763
1,3.5513076524170244
0,3.401457229775429
1,3.640473127206898
0,3.6352585475304675
0,3.4469690192656897
0,3.4508289520226114
0,3.662454644172515
1,3.4824310054055188
1,3.467529289407442
0,3.5462079338750665
1,3.669460751328844
1,3.4944961104490595
1,3.897946188045802
0,3.6640976015864735
1,3.784572680484559
1,3.485784093782859
1,3.4217366330548713
0,3.614705297423974
1,3.5453253163499987
1,3.5720812454829165
0,3.5348753818065375
1,3.6898883457541043
1,3.4275821728153284
1,3.4617897613962514
1,3.6108329028321196
0,3.4146199064835727
1,3.4815635987423468
0,3.6680529454874313
1,3.6730243543399648
0,3.4260031707199454
0,3.584744665042662
0,3.4599795553825423
1,3.4812569973057186
0,3.679908544465386
0,3.5155527544310745
1,3.4844678053373994
0,3.696919626702715
0,3.4719700648313854
1,3.793086343505736
0,3.5523179762432555
1,3.4330175245796846
0,3.433664940442695
1,3.445415094325039
1,3.8096933181537334
1,3.644779454770801
1,3.6096445263587316
1,3.511125630081321
0,3.560453673325793
1,3.482453991641365
0,3.6349779701305973
0,3.701948207742947
1,3.54210064940452
0,3.6906216118764466
1,3.41837872959774
1,3.4507049724239134
0,3.576006183034278
1,3.470134587718725
1,3.4947218094703225
1,3.596358937958014
0,3.6390903924845843
1,3.7424070871497324
0,3.397770118788649
1,3.493624824591898
1,3.468152608568152
0,3.7896463370287514
1,3.518232217998647
0,3.4145082675138987
1,3.6115164315076527
1,3.649635404516381
0,3.5802505322499485
1,3.7354975438319813
0,3.559111513926988
1,3.459086060348504
1,3.6063054580891976
1,3.43474428928602
0,3.698851873565394
0,3.4358654024127753
1,3.4737061931507114
0,3.6112792723043765
1,3.503527303558713
0,3.47416962109236
0,3.6435741074731567
0,3.5594251156926027
1,3.487647219651391
0,3.557514226938509
0,3.495141967252345
1,3.451180476266293
0,3.5883470511156013
1,3.5855928662926297
0,3.4157652043438587
0,3.569686267241964
0,3.576932465952041
1,3.4345991146140915
1,3.4983349028048107
0,3.6260265660662077
1,3.418838664981569
1,3.541983140076207
0,3.5212565529914195
1,3.8589294580430265
1,3.6466486193169185
0,3.5684674132489347
0,3.4238541972688457
0,3.387700008702143
1,3.549211788026948
1,3.7363252749655596
0,3.5760275938206862
1,3.42508973904029
0,3.4587017163588034
0,3.401469289117064
0,3.394856979192569
1,3.425902174287713
1,3.690843792881364
1,3.4728267186223345
1,3.417025080402952
0,3.598130710865906
0,3.604838790294048
0,3.734674620621477
1,3.6198074725526737
0,3.5248179178672463
1,3.476508022982383
0,3.6057659308254997
0,3.553829090973354
0,3.5790005836014176
0,3.405746820515741
0,3.7253196708164213
0,3.4148420075341828
1,3.541809342214739
0,3.4925892362252995
0,3.61999491644678
0,3.4433252697170023
1,3.599268385433752
1,3.7117331679099306
0,3.5853789113305163
0,3.579401037245254
1,3.4398318732204847
0,3.4136151370600776
1,3.673539383456697
0,3.7932073805963804
0,3.616242364411923
1,3.7296514731266996
1,3.42041627831991
1,3.56044675433341
1,3.414624714716742
0,3.423595337747205
1,3.7564366494384167
0,3.4364736607053925
0,3.376528616441146
0,3.622829349038068
1,3.5794259894922535
0,3.5310195561145448
0,3.426789500772311
0,3.548142712892889
0,3.5805360651900577
1,3.5024906522297923
1,3.4475171192788805
0,3.761160149809957
1,3.468150089184751
0,3.4139170310201683
0,3.436653285818801
1,3.4780111727426535
0,3.5136381665518743
0,3.4250788537932255
1,3.417209508720722
1,3.487862176847197
1,3.5724367465750992
1,3.477135827964051
1,3.473361044024566
1,3.6132816341023855
0,3.580197095302155
1,3.4210003193631335
1,3.638372314389776
0,3.585958896611031
0,3.570017423558487
1,3.4512911452189647
1,3.414123023225932
0,3.4787462879583746
1,3.6529771395493
0,3.5500500114263054
1,3.4751598791040004
0,3.409370611078218
0,3.543122941588327
1,3.639666120857547
1,3.7257659142868063
1,3.7296182510850837
0,3.5924233960882637
0,3.613784653587158
0,3.434048870732829
0,3.671272322482887
0,3.7961462790195566
1,3.6092409146210014
0,3.598815776656292
1,3.571277590982662
1,3.4742110155347254
0,3.5644249777371373
1,3.4240599469012483
0,3.63778661108901
0,3.424674336286547
1,3.494030690382643
1,3.470079144754358
1,3.5036738498806375
1,3.5850791621087907
1,3.5099180202022575
1,3.413255424697316
1,3.5009025770413844
1,3.42419434510913
0,3.5835317839449874
1,3.452485091173418
1,3.420672254031914
1,3.671181753637753
1,3.415672018080387
1,3.4465624643352335
0,3.5760826284264358
1,3.418575632644016
1,3.5004570695128487
0,3.3852383070763272
1,3.7313967248445157
0,3.432755193585391
0,3.383112216936341
1,3.4187677952383897
1,3.4177535536807726
0,3.7930770802080205
0,3.442743237396749
0,3.6461006560782914
1,3.5080561869163134
1,3.806737737649357
1,3.6464937997926783
1,3.536923362878408
1,3.5229485467179846
0,3.644234368758274
1,3.473910861967383
0,3.4666972773839526
0,3.7070368686646464
1,3.4919813973696923
0,3.471213988904452
1,3.4539548852840816
1,3.510984870743902
1,3.665258321095394
0,3.580794420801386
0,3.5175598463000806
0,3.696614441316969
1,3.5026343650310103
0,3.373287938955252
0,3.488818957017862
0,3.6961697740688635
1,3.5929968414142577
1,3.484578606350718
1,3.5172625419375185
1,3.4877273398916424
0,3.4951979503565322
1,3.4649089218481612
1,3.6231443953154012
1,3.4727720371661204
0,3.7130811484210215
0,3.69589426880054
1,3.5276297109863295
0,3.5610612519849174
0,3.549699139241387
1,3.4513762027695702
1,3.415390898728402
0,3.587727849916818
1,3.724278227610021
0,3.4749822674245
1,3.577227709450679
0,3.465678076239829
0,3.524296306709323
1,3.4270540037341446
0,3.5095251729831007
0,3.3910252710668756
1,3.6205414739056465
0,3.4681774169355086
0,3.44440419770381
1,3.4785886086148916
1,3.4089642975135956
0,3.569617520830358
0,3.453336946848978
0,3.691041041768182
0,3.686002891179573
1,3.4986645666066627
1,3.431439906340144
1,3.7031064096204873
1,3.702730870806517
0,3.666889321319863
0,3.4552420751509443
1,3.485510436885617
1,3.4839517365294355
0,3.8311108476041444
0,3.6044543783536063
1,3.6237729386952595
0,3.5789849232251982
0,3.560619532817388
1,3.668172415790211
1,3.419297535077508
1,3.4726060737543585
1,3.6990484498061518
1,3.4232702437671634
1,3.432025903737267
0,3.7968113662384697
1,3.7077113790432867
0,3.6236095820070404
0,3.5499978322931742
1,3.430623881772302
1,3.9677046046747373
1,3.439381994261395
1,3.6880935359000597
1,3.4167836510354137
0,3.4420042044300923
0,3.59481184637834
1,3.491338666814726
0,3.437593639223268
0,3.399878067765495
0,3.565884766828056
1,3.4783511922510453
1,3.419044168692701
1,3.4614993241782583
0,3.5938684480852365
1,3.588977303897093
0,3.494568732083663
1,3.4103791977305686
1,3.850681539949164
1,3.504929922050988
1,3.5796254942229355
0,3.5788649632224554
1,3.442043760962248
1,3.52264145399032
0,3.5385774320893653
1,3.5874837609813186
1,3.484364148756495
0,3.6992639954568385
0,3.39428536804245
0,3.5848975757365698
1,3.419650455630377
1,3.516035209282561
0,3.5903692301448102
1,3.673398634167437
0,3.592665335035515
1,3.511069303355629
1,3.460891384161467
0,3.6353706304188877
1,3.942126637060395
0,3.733844352992
1,3.4177779652284563
0,3.453390488292671
1,3.6942888128554867
0,3.5670358151536727
1,3.448917612756127
1,3.48045560338571
0,3.468218446683425
0,3.5428307106548704
1,3.4550106907885
1,3.4556159514340377
0,3.404038431116962
0,3.571241349854022
0,3.5340569452163475
1,3.497330453821034
0,3.4575763436369273
1,3.499881760909562
0,3.42667531155552
0,3.4031283579094778
0,3.5692107417416823
1,3.503737415190606
0,3.4632704766741393
0,3.492063956935345
0,3.4008282789274857
0,3.5618293159164507
1,3.5023368069468397
0,3.3950868784937733
1,3.5551880798119564
0,3.585230382627448
0,3.430627126465209
0,3.473570869139976
0,3.539572071118745
0,3.4962470872060636
1,3.510327030879464
1,3.7174369136780747
1,3.5417447017034434
1,3.686367949855001
1,3.721300947660707
1,3.461769983298422
1,3.66016058867284
1,3.505458883670673
0,3.5735843621416894
1,3.4703480193155887
0,3.5791360697427694
1,3.475370469928928
0,3.400815778937444
1,3.448445253500805
0,3.595072015155712
0,3.4225984726743532
0,3.5022145028556713
0,3.5280744273284452
1,3.489155645391282
1,3.6152665478139316
0,3.394967996963315
1,3.6507978424765084
1,3.5119464936878146
1,3.452839674131206
1,3.5381473391250693
1,3.49732263183864
0,3.4805802108033155
1,3.427627777615642
0,3.535405476135198
1,3.4649877152947193
1,3.4323418727643555
1,3.555436879754204
0,3.4701137364427086
0,3.5163270467937577
0,3.390594909402133
0,3.4599966593101685
0,3.416640720678082
0,3.567938909758692
1,3.638330850708546
0,3.5461096155396934
1,3.612812073009691
1,3.7701155082300595
1,3.4809698789091055
0,3.657304748237271
1,3.499438543007565
1,3.621779909722393
1,3.413641534261331
1,3.4530127495505036
0,3.7116154363363703
1,3.5220623654754797
1,3.576168533640143
0,3.465758569575165
0,3.397809262093623
0,3.5825657830580013
1,3.4158255711791723
0,3.6922675060267083
0,3.4155005208238607
1,3.427828652440556
0,3.6960896533747816
1,3.482541683565672
1,3.5169221281630296
1,3.4141529310448577
1,3.54731539863985
1,3.4252855598521648
0,3.5258009378369906
1,3.514914317115385
1,3.52852446674103
1,3.5626497407895177
1,3.5545514256596498
1,3.4852173905774557
1,3.565977870742295
1,3.4670067378456433
0,3.46294687525526
1,3.4711296823552615
1,3.436634762359661
0,3.6232399622545124
0,3.6467372482062372
0,3.461509318919568
1,3.512595506606406
0,3.478737004466572
1,3.4345832070709195
0,3.416187058001235
1,3.7090425069529447
0,3.3791521537918006
1,3.5524214337603532
0,3.549529613916917
0,3.5193880412360548
1,3.490688682951015
1,3.5517681935523573
1,3.5958173127116293
1,3.478046220901724
0,3.6074442538374605
0,3.6560818183094113
1,3.6133918440903674
1,3.9466279582933295
0,3.582785881674567
1,3.4507014186866507
1,3.882308050257504
0,3.4781200245100234
1,3.518475568918889
0,3.502961912619939
0,3.567551381654966
1,3.493265979474947
1,3.7418526153399156
0,3.420531761690128
1,3.4619825978460033
0,3.435459696193344
0,3.6334190104452206
0,3.6168146280668343
0,3.467864050843326
1,3.488051483171239
1,3.4658067891678224
1,3.4996213693638047
0,3.668598062853204
1,3.6745281847787927
0,3.5633942942320767
1,3.767047369143523
1,3.4462871383661944
1,3.4795704838975903
0,3.7198692979383923
1,3.673797217203941
0,3.564688764187314
0,3.527164849760754
1,3.4240865124671087
1,3.7844993640490725
0,3.5628793974509025
0,3.5560052919367093
1,3.47951642553943
0,3.5971517751663202
1,3.420113256508082
0,3.586193668225647
1,3.779291742627409
1,3.4753789698420348
1,3.577450200722593
1,3.4721825923708196
0,3.6065714842993195
0,3.57569455495635
1,3.4599132812206657
1,3.4246014839621637
0,3.565643467390796
0,3.4418081646077985
0,3.550316546865811
1,3.5921679952556795
0,3.478227067423397
0,3.6363990298637927
0,3.466081722920537
1,3.5095690364995633
0,3.586231257367904
1,3.593708403437298
1,3.519538741785612
1,3.4635026152271835
0,3.386212228652166
1,3.4936344946677216
1,3.480014551989678
1,3.4671487528245573
0,3.4161187388806162
1,3.4962069367802324
1,3.461951262388579
0,3.562595531234839
0,3.4975495324321724
1,3.4803065165302063
1,3.5465048876127168
1,3.4784536698957056
0,3.4583197821746734
1,3.547988208305796
0,3.5059980568247524
0,3.375896144104392
0,3.574620446879614
0,3.4534810650999668
1,3.576664436575046
1,3.477835793083864
1,3.434143712470197
1,3.4248831523510828
0,3.5612420381870864
1,3.4749599606878068
0,3.561151653445249
1,3.448654516494577
1,3.484847697054606
1,3.8385023182237465
0,3.530165163560193
0,3.5660857111816036
1,3.4721409158575507
1,3.4174673561254867
1,3.4644417087278416
0,3.6382780341859444
1,3.4916659231495895
1,3.4177775290699453
0,3.451432704581493
1,3.516169407636396
1,3.627162370177298
1,3.582071809905683
1,3.5151628988963153
1,3.6175884737764332
0,3.423056486425797
0,3.3806303440405308
1,3.4798014361438283
0,3.52388966880079
1,3.4839313577552082
1,3.471722125919312
1,3.4520517364595196
1,3.4467884373600106
1,3.4232702437671634
1,3.4412425484020592
0,3.3917224726512853
1,3.5478338836550876
1,3.6435759043640785
0,3.510469146436588
0,3.698404940483332
0,3.444850195003523
0,3.606000489617112
0,3.5269247763884635
1,3.5149370097427592
0,3.4520648087104018
0,3.573294215307019
1,3.4175343402307132
1,3.705923433003256
1,3.4974305813504545
0,3.4084699483942216
0,3.720474789262022
1,3.4451938768476698
1,3.478217011353375
1,3.5446499624022647
1,3.4105262185717353
0,3.5472588759592147
1,3.4237245289054936
0,3.4627171156364707
0,3.431968860266694
0,3.5631210847188335
0,3.6355595148583926
1,3.4774477972724176
1,3.5305204340464202
0,3.583276627701654
1,3.4598449704579783
1,3.5113145248018327
0,3.414965232397027
1,3.4491578125018743
1,3.4847920305285016
1,3.6803475820431895
0,3.5219189901016903
1,3.4467868934387496
0,3.586059013521852
1,3.4892763295410423
0,3.3914341199029736
1,3.4080747728271796
0,3.550729271380491
1,3.41737467765448
1,3.471882888617986
1,3.460457646944106
0,3.43787148090373
0,3.392739573240933
0,3.3872796809359897
1,3.462587208249234
1,3.5320564138312207
1,3.5225653441607423
0,3.5826987355514985
0,3.693708018490209
1,3.6003248001632504
0,3.457963902646246
0,3.392519291721412
1,3.505358246214366
1,3.516165756996417
0,3.635281422437033
0,3.6854584645165667
0,3.702798541728172
1,3.8993840570751535
0,3.4161313531379287
0,3.435966853233458
0,3.5734506550091214
1,3.472762230685367
1,3.507321309142932
0,3.5538117303256693
0,3.654945235090816
1,3.7646662985685704
0,3.4711221108353483
0,3.457833305515405
0,3.579041093536559
1,3.5421138096406004
1,3.7472378123750665
0,3.630780066251853
1,3.6397935571365374
1,3.5809369384315644
1,3.5198840232947823
0,3.59186452694529
1,3.4654023693777214
0,3.6537426080746362
1,3.4749084607193517
0,4.0570670613861965
1,3.42332027375825
1,3.459108755365131
1,3.578622455629384
0,3.5335971189931703
1,3.622635058288686
1,3.6486340554339507
0,3.4960769573441577
0,3.4198501023459666
1,3.602054068333474
1,3.6487932197272026
1,3.472277578796741
0,3.5783431690184746
1,3.5767092367624125
1,3.4458980588061103
0,3.460122789050777
0,3.6414143822600415
1,3.4468054289235783
0,3.635700591404585
1,3.49451589106426
1,3.7274439579739305
1,3.495432407785099
1,3.473827263183259
0,3.441110148284904
1,3.4609106865578037
0,3.59594311641663
1,3.4599761402517433
0,3.40794948552653
1,3.4496607363615173
1,3.440305489863591
1,3.411774376451461
0,3.4639172862966916
0,3.605309656965831
1,3.506191625025622
0,3.6724408897591014
0,3.5822339440010276
1,3.6372843615230357
1,3.4658153360262487
0,3.5470679630742885
0,3.430660162246303
1,3.5056655121659595
0,3.609161689807708
0,3.564051266279713
0,3.5598948248653928
1,3.4718387662187506
1,3.572603025564969
1,3.8851223919193947
1,3.613860259803466
1,3.854272761877212
0,3.580802605853255
0,3.3840338388029836
0,3.6473986547989288
1,3.473344227550831
0,3.594746648720863
1,3.4140260344362106
1,3.470105603898709
0,3.4073789617602888
0,3.571745273438535
0,3.5629688065321745
0,3.410360802465953
0,3.4553517384460797
0,3.3890127788521465
1,3.5288832995455244
0,3.5614786833652556
0,3.7104920140003905
1,3.60256196993058
1,3.4646578989900862
0,3.4138245608895272
0,3.6001887292221415
0,3.5133577876031072
0,3.4482425871914573
0,3.561148197298504
0,3.438113699297642
1,3.4587923375411433
0,3.549232965330031
1,3.4431530614219845
1,3.485938959727015
1,3.5321923874503436
0,3.428618559421799
0,3.698851873565394
1,3.40983475050338
0,3.5822386723170836
0,3.433019097976904
1,3.41463327337114
1,3.4224754425843966
1,3.4218331246250977
1,3.442712167238954
1,3.473866615047606
0,3.4221527964355865
0,3.6974801777851485
1,3.4212372329439105
0,3.4384132338514104
1,3.488253452907734
1,3.4950747521725396
1,3.4434026450953623
1,3.5198840232947823
0,3.627970251217075
1,3.4140378305315715
1,3.442124066390376
0,3.410739261565153
1,3.4459515794106066
0,3.6795144481487383
1,3.66511496222519
1,3.465555042502138
1,3.4341333059772743
1,3.5055838539862267
0,3.453231691419995
0,3.44989176909546
1,3.439177392650256
1,3.5725736729650963
0,3.567618465517064
0,3.5020046610693916
1,3.8539745004678507
1,3.5541311524349344
0,3.4527577826051683
1,3.600446802031934
0,3.5718735116377904
0,3.610493314356564
1,3.4767615575689343
1,3.493302400977887
1,3.8175703821389266
0,3.734705526081524
0,3.5970299875294125
1,3.571485993163608
1,3.538709203747361
1,3.4834619523957358
1,3.8417520721967295
1,3.589274320620111
0,3.630009885887184
0,3.4246156322643757
1,3.4730315078164677
1,3.6249606499243656
1,3.4226416596091505
0,3.507654239481522
1,3.482112130068902
1,3.451015594458392
1,3.4450346193285792
0,3.518752452398403
1,3.7236909480818055
0,3.490060136076364
0,3.391486740054845
0,3.414128038078471
0,3.614943853996173
0,3.567028103944345
1,3.4926195011052434
1,3.490216201983554
0,3.400055504766471
1,3.4524016296298905
1,3.631420293902301
0,3.6887852346764123
1,3.9967935295884023
0,3.4793124570457126
1,3.428679093254791
1,3.5030347826215738
0,3.651316578013129
0,3.5241210320734853
0,3.6643054950550873
1,3.4203286608406493
1,3.524504480229942
0,3.432005539342217
0,3.5767685293212796
0,3.5668708408375793
0,3.5720063104779083
0,3.599913572473104
1,3.4740486468467275
0,3.6580825937918147
1,3.5778431264666644
0,3.519396774771979
1,3.6765287550794703
1,3.545705059293248
0,3.6226541879047316
0,3.5689547653036096
0,3.4306571870432396
0,3.472182388173552
1,3.6304742571902664
1,3.5494430792301332
1,3.5503208032272155
1,3.6485559183262657
1,3.488052806060407
0,4.1171609667184175
0,3.6847118517000164
1,3.6631025295692092
0,3.4968682106547213
0,3.5896955170030838
1,3.4705193014375015
0,3.55363191910494
1,3.6108012889607655
1,3.51573529040043
1,3.609079094928185
1,3.5707918974484065
0,3.4168780426854073
1,3.475541675196895
1,3.4537507910594987
0,3.5843983147015006
0,3.5815811008468263
1,3.5963963135671606
1,3.6080160354297512
1,3.5226204670892356
0,3.611402797574403
1,3.461714801360182
0,3.405261683630599
1,3.738625030719153
0,3.5462300186549656
0,3.5890877415544926
0,3.422365194775691
1,3.417149026165884
1,3.5460619727907936
0,3.4098480722357714
0,3.573949877739563
0,3.696614441316969
0,3.590366762202993
1,3.627577169974879
1,3.467900319204546
1,3.7805251178123744
0,3.403054669445962
0,3.425129590948624
1,3.7231468408331914
1,3.483688333443598
1,3.4714429869608123
0,3.7025488295140887
1,3.451494750337135
0,3.5399447697575104
1,3.4910115434137388
0,3.5981899271158793
1,3.4267031104832957
0,3.4273781431443897
0,3.4161425404363817
0,3.4699310356433695
1,3.4808426901648315
1,3.5002101409519604
1,3.671629700141281
1,3.4836454329115973
1,3.5993649635130707
1,3.4460644877943722
1,3.545856135167743
0,3.441463026023351
0,3.6597245151028814
1,3.7460870092128897
1,3.516163188667067
1,3.516321782488946
0,3.5902929870043825
1,3.535055693065302
0,3.393705545990127
1,3.5321977910696076
1,3.4943145063821985
0,3.4012976305044336
1,3.505358246214366
1,3.483342611980033
1,3.4779454056380694
1,3.4652068451342175
0,3.5596834204878296
0,3.571474775990619
0,3.3797500184992484
1,3.439070827729495
0,3.582129836975052
0,3.5845042982284046
1,3.5423248241496816
0,3.4757362124505526
1,3.420782540503587
0,3.5720014248875045
0,3.4953774510533946
0,3.417558485753242
0,3.7968113662384697
1,3.495063773066023
0,3.753062996230274
1,3.4663042744844987
1,3.6417287791975035
1,3.424642941840578
1,3.4731619633021404
0,3.7041045538171447
0,3.428771249398591
1,3.5217666841322393
1,3.602698362611789
1,3.593421509537256
0,3.42637572951532
1,3.696906237411078
1,3.408126204067775
1,3.5723136838311356
0,3.4200102450615426
0,3.4355893704109564
0,3.7198005268040504
0,3.4745022409158324
1,3.632255664869728
0,3.6264066642332353
1,3.4677953493982736
1,3.478170562571402
1,3.4857117469638013
1,3.753334685088453
1,3.824920164617441
1,3.669489399188605
0,3.6015653203636493
1,3.6526647930030025
0,3.5607915346371666
1,3.655584090142752
0,3.5717909704626662
0,3.7788553807836087
1,3.6329983549460554
1,3.4663819639204587
1,3.485525048454814
1,3.435590740288053
1,3.4770546022183724
0,3.5415869340640356
0,3.4115595657862565
0,3.52433163096799
0,3.4252580208200762
1,3.57601705507323
0,3.6039038366356007
0,3.5529785055293406
0,3.501015161831883
1,3.5643092229867808
1,3.519675408750118
1,3.5307597018062995
0,3.38686786048358
0,3.5742999661258175
0,3.4335485232964293
1,3.522922637408493
1,3.64461591971253
1,3.4830902154280734
1,3.5206234527368734
1,3.481025760453617
0,3.3889213179270268
0,3.4848393426837507
1,3.5248827289685267
0,3.4136627634312586
1,3.6028815755565633
1,3.4897082693985486
1,3.4869388686477953
1,3.5066723314723762
0,3.537089507428934
0,3.4825515702884444
0,3.751279932410712
0,3.456734202804479
1,3.5785598893658865
1,3.460992584858984
0,3.3932615442749827
1,3.6639790532914214
1,3.7881143276625684
1,3.4758136665897825
1,3.5812336868935946
0,3.6756106538605415
1,3.448791054196216
1,3.4203286608406493
0,3.5810294119788035
1,3.6266925222060804
0,3.423261082897037
0,3.5914812909010605
0,3.5911883888752802
0,3.409222994450797
1,3.598705119322695
0,3.5762100048868413
1,3.4607735313833636
1,3.45277558216536
0,3.4056305107649325
1,3.528268665933845
0,3.427326157151682
1,3.489433073118846
1,3.6421474350592655
1,3.506256110622436
0,3.394467659627075
1,3.6596746806932674
1,3.510857373621046
0,3.3837638318460774
1,3.4811903325897333
1,3.4187047127239367
0,3.55093177142685
0,3.5767196755475434
1,3.702348983710571
0,3.419508396460886
0,3.5512592518899893
1,3.7467936501399794
0,3.4490416412305995
1,3.455743507225055
0,3.4113489361452385
0,3.4912306782986193
1,3.607407399575632
0,3.469842933398373
1,3.7540699941113003
0,3.407853092405209
1,3.6264702631585064
0,3.5482456363581405
1,3.5804833064707586
1,3.5025377519601415
0,3.6047179722765614
0,3.507658678446411
1,3.5614092540985447
0,3.6112945720194736
1,3.6403770869719687
1,3.470237200839366
1,3.4537921245067884
0,3.4385322437456822
0,3.4228473158281143
1,3.455563101872695
1,3.408523289660603
0,3.58726431561634
0,3.4269050923989433
0,3.5938976296644536
1,3.5884770020771604
1,3.479062377793674
1,3.461881444890223
1,3.4801205532635024
1,3.7305377460855063
1,3.5973716632392123
0,3.591377784900184
0,3.4997192319422905
0,3.591473954642266
1,3.5468904352018504
0,3.393720839850541
1,3.5103828731341515
1,3.6048258809884683
1,3.4824560835076688
0,3.5711186686131335
1,3.5693683000829064
1,3.4626104242136475
1,3.534996455200388
1,3.4912575692112586
1,3.4870822693041594
1,3.5016414932383135
1,3.500327715359669
1,3.4370557330085103
0,3.6955025317313015
1,3.4548602257042904
1,3.418188319223525
1,3.4446880394928825
0,3.56558172318106
1,3.6669668290448185
1,3.534285852361403
1,3.433467007646516
1,3.4574347190252275
0,3.4919413037217253
0,3.5669999850053165
1,3.5117976664212334
0,3.4278754465391263
1,3.564684839822827
1,3.5805924738509556
1,3.632819035596471
0,3.483427527418998
1,3.435335444818046
0,3.691673934608336
1,3.67724971684664
0,3.6311133719962507
1,3.5725736729650963
0,3.535667972516403
0,3.5129163938198062
1,3.4248960585716746
0,3.6869609408918413
1,3.5081529880056563
0,3.4159844032110334
1,3.4438648934402054
0,3.591702099413227
1,3.5589509277829974
1,3.467298805856104
0,3.524927089268369
0,3.433934178841627
0,3.436346143862527
0,3.591223439675012
0,3.780516280407642
1,3.4103208825886293
0,3.3974066804734693
1,3.4937944260112217
0,3.7420629861728374
0,3.480537566949167
0,3.409990041373653
1,3.5215054421306284
0,3.6551539388079926
1,3.535413136744982
1,3.418860471947019
1,3.5310095848720398
0,3.563381552864712
0,3.416326885374079
1,3.507680039354657
1,3.5634463217508765
1,3.5366704548338648
1,3.743616332504637
0,3.6099761932888845
1,3.451447230253054
1,3.5963309336280864
1,3.4231028390589495
1,3.4825635204226666
0,3.5827033355168765
0,3.399071235565026
1,4.035021091403542
1,3.4620442194076158
1,3.4726267195301803
0,3.442728212906147
1,3.4835582599733996
1,3.4587099035843996
1,3.455332802693199
0,3.4044825773217307
1,3.4811681713293283
0,3.5596062932012846
1,3.467065845956993
1,3.662411780859112
1,3.4532437561976717
1,3.420021272512631
0,3.6561406170047723
0,3.611616531408729
1,3.5627873957370064
0,3.5969902460294483
1,3.4209585887242393
1,3.5518945250334273
1,3.41918677497744
0,3.5076006356852885
1,3.49932079611507
1,3.594226404104943
0,3.396147516814047
0,3.534827420369892
1,3.676293715726248
0,3.5773956778088567
0,3.4114193301485245
0,3.4942945756739316
0,3.597908866601347
0,3.398026839481054
1,3.461094706413752
1,3.4934783468533217
1,3.4597573328567544
0,3.446934791581508
0,3.6018373179886756
1,3.431615690753169
1,3.5035839048164696
1,3.4683679640915197
0,3.627558533939475
1,3.525099629286093
0,3.693500298630353
1,3.42229968975907
1,3.4295699550710426
0,3.443618570281351
1,3.4878581705708505
1,3.548713497033873
1,3.4423483246595654
0,3.613454621314575
1,3.704192492326657
1,3.496071708175284
0,3.7859918994560227
1,3.510631520594808
1,3.4732695615252474
1,3.443845895950662
0,3.5717669897263744
1,3.5530670241215296
1,3.471974311278139
1,3.464002672024279
1,3.6318208963522647
0,3.57324302426174
0,3.5326648465840504
1,3.4575046443456707
1,3.65069649748423
1,3.4257883969378575
0,3.5781042617449232
0,3.680950875815184
1,3.4553675026544703
0,3.5203062896344566
1,3.5618576560271067
1,3.4799049412762764
0,3.472086134798002
1,3.5342111458441368
1,3.5705748356708593
1,3.474760548049615
0,3.629848665654323
1,3.478091213928403
0,3.575506753307509
1,3.5192180009922054
1,3.643547781656634
1,3.47353624870784
0,3.5110423174614938
0,3.405806003994455
0,3.501292327272363
0,3.5858505474979228
0,3.5288461488207163
1,3.584170181857949
0,3.6225542084284736
1,3.5922430181406524
1,3.4168311203044146
0,3.57868458811967
1,3.5475978159839534
1,3.454575327373771
1,3.6208599565093365
0,3.582749187650211
0,3.601509786378296
0,3.6651829568322674
1,3.4894117888253113
1,3.536311821593807
1,3.4184555103761176
0,3.582433709985289
0,3.604508837592769
0,3.456377890452851
1,3.449822356697175
0,3.603343045063994
0,3.4243735009027434
0,3.409297055713546
1,3.4406736845680586
1,3.455251585925722
0,3.5153151149575086
0,3.5147537030612352
0,3.38897437060712
1,3.5750108257435493
1,3.5963309336280864
0,3.441575829180511
0,3.585164936424898
1,3.490418019776317
1,3.471476984392508
1,3.421726565158221
1,3.453380524983458
0,3.77733796147154
0,3.5763736224182563
1,3.5396146058193203
1,3.425251027439247
1,3.5989285584385358
1,3.4877922272503588
0,3.5039550070888255
1,3.4833630549406522
1,3.47633774883413
1,3.561827384988248
0,3.561175148799475
0,3.644534892271264
1,3.516233951219913
1,3.5219390357801386
0,3.390056773623985
1,3.421195723412903
1,3.4277733398844883
1,3.4850111851318664
1,3.4949324038674754
0,3.6981712082043727
0,3.5804852282076562
1,3.472467754787546
0,3.3747455933560127
0,3.445912974914288
1,3.7072333174275838
1,3.418608651732712
1,3.6164450056827806
1,3.508380589357311
1,3.5654466644818323
1,3.528309236968791
1,3.500584369546934
0,3.4121493083650423
0,3.4511525510529864
0,3.400210328973046
0,3.582865914956961
0,3.518749538479909
0,3.592086648151696
0,3.5207990092249184
0,3.6361519408543024
0,3.4588225038274247
1,3.5215054421306284
0,3.599856486457057
1,3.5475596883791396
1,3.5852864874233896
1,3.596016518993178
0,3.545316326453539
0,3.560175851437138
0,3.5839403461660417
0,3.3864327190555157
1,3.4805937720331204
1,3.4646104290604436
1,3.6441861734011503
1,3.4755990758127977
0,3.5818499066072196
0,3.4203642474406406
1,3.4422495567930995
0,3.4829857301613196
1,3.4659788247875243
0,3.4669423082746165
1,3.491833727019488
1,3.586697263784105
0,3.533343568125806
1,3.6292948557602283
0,3.666178341613506
0,3.4446773576835494
0,3.459691915362582
1,3.5046259933473394
1,3.500911785700894
0,3.486911046673103
0,3.5967467275285134
1,3.4572815224618694
0,3.597149158387071
0,3.5824667181145857
1,3.50251499327312
0,3.604481670052144
0,3.475365326035428
0,3.442097973283962
1,3.628498231293435
1,3.5324688201799788
1,3.4801441194570524
1,3.46697997262531
0,3.748288727911916
0,3.4796125573646766
0,3.57837646082805
0,3.6498815322328095
1,3.5346187970067704
0,3.4271578492323918
0,3.5119272969667423
0,3.4226197720050378
1,3.5502139271035253
1,3.489238525626368
0,3.7520889799306425
0,3.425900615246618
0,3.525029353669107
0,3.394999039825303
1,3.4523383301931623
1,3.416483161615888
1,3.571371632315002
1,3.6702868648573483
0,3.763733380869612
1,3.7272672374047557
1,3.436464047535836
1,3.484294079243584
0,3.4406006025601092
1,3.939044583558012
1,3.487109797113059
1,3.731114052017742
1,3.417253090780147
1,3.5536981690619367
1,3.5932981598733877
1,3.703050486452632
1,3.51700341755165
0,3.5194442002523627
0,3.6284164631383145
1,3.5032783831158785
1,3.683444853380863
1,3.449185422171365
1,3.4219290967774336
0,3.5762406931395256
0,3.451174457785347
1,3.420185156447768
1,3.482615165553175
0,3.415742988986271
1,3.5160449288877715
1,3.42419434510913
1,3.525872541669737
0,3.4297442510744367
0,3.851979343386503
1,3.6382980803848395
1,3.5247454664716673
0,3.666751341812638
1,3.4711429368652
1,3.791129672032791
0,3.5467435899684143
1,3.423671770950111
0,3.583314173978351
1,3.4814344714987855
1,3.6464361538965253
0,3.5761837065837954
0,3.7028971001971858
0,3.3981515545949295
0,3.4263179334056764
0,3.3914165106185665
0,3.5380349006548575
1,3.679348945858261
1,3.4416747368603695
0,3.5079963052537697
0,3.5683616122186
0,3.505261605348983
1,3.5526841312351034
1,3.4587099035843996
1,3.453891846840909
1,3.4472265808565967
1,3.729597436630515
1,3.8501358210263588
0,3.603855750270902
1,3.583670665289244
1,3.546224381863145
0,3.377405217086461
1,3.448964093531843
0,3.6747942285952973
0,3.384777563362595
0,3.414773023613999
1,3.5589929945919683
1,3.4524220076663523
0,3.5195857431287294
0,3.6003028536711814
1,3.5026521427313377
1,3.4796733306484855
0,3.476253283929422
1,3.509948986694935
1,3.516169407636396
1,3.4727699349068235
0,3.657583763899742
1,3.425252236993673
1,3.424730339075625
1,3.6108186661169275
1,3.553042318083873
1,3.484716156317775
1,3.6313496367381504
1,3.4234369089906
0,3.482302159740469
0,3.5756431603106216
0,3.592943520177946
0,3.637696492886622
1,3.4892466683809698
0,3.6906216118764466
0,3.5274552827762724
1,3.440769874491537
1,3.48362869478767
1,3.6402622927995787
1,3.4257883969378575
1,3.4661130855311595
0,3.5306553656738053
0,3.4469439736513787
1,3.8912610104292695
1,3.599983332543524
0,3.53253305540654
1,3.6348611616657847
1,3.4888775425366365
1,3.59119926219851
1,3.543115808893059
1,3.562945446979453
1,3.6464267883149923
0,3.532519740983509
1,3.547699853572564
1,3.6203020419470997
0,3.4369080828198046
1,3.511504470408079
1,3.415073259676301
0,3.6075746392169106
1,3.6325512995116473
0,3.5837718964885767
1,3.591443639858922
1,3.589473883299008
1,3.757462624129934
0,3.409500035980346
1,3.426733274320329
1,3.546754281358174
0,3.5614583177850445
0,3.4919898699516816
1,3.4821666729212883
0,3.3749042427804903
0,3.4328029749555453
1,3.4370932638991945
1,3.809755714480596
1,3.5468391961603682
1,3.496164827532745
1,3.4650909820295106
1,3.5817119634142744
1,3.452015391100418
1,3.507684608647804
1,3.5525708719994373
1,3.4943513336638397
0,3.4851949168509684
0,3.4712495499733866
1,3.5401419679063664
1,3.462371079926765
1,3.486132420111097
1,3.5086558477252403
1,3.6037425735168895
1,3.5558447771711785
0,3.656022374405961
1,3.447602396025224
1,3.5186883865648633
1,3.4811896402878126
1,3.4270193709089645
0,3.587159860325124
0,3.621851986628748
1,3.4215536230297485
0,3.5777577402246825
1,3.470800730606074
1,3.517854440646622
1,3.494328213499959
1,3.4973268031087787
0,3.5358390425846458
1,3.445456263189425
1,3.4451938768476698
1,3.424746417269823
0,3.3906656535626563
0,3.615687693778534
1,3.5614214122551626
0,3.8102766031250974
1,3.5940408013715865
0,3.6647945826913193
0,3.5674959058719415
1,3.801026776356626
0,3.6036977749502808
0,3.403460386144926
0,3.6157054161453037
0,3.534490964718608
0,3.5958316184573214
0,3.5989003840967553
0,3.5414942660070623
1,3.465684329210548
1,3.4739769272092866
0,3.504554617583865
1,3.4634255699850525
0,3.57930140994993
1,3.849295862971749
1,3.4897355093949307
1,3.4984039649307404
1,3.4230501645432105
0,3.419217856948515
0,3.5078182104655156
1,3.4807786625865273
1,3.493085775326269
1,3.4868051320043083
